player_tag,final_elo,last_observed_trophies,matches_played
PGRYRU90,1106.5,8500,2688
9PGCJV999,1053.9,8582,2454
8R8QGQRV,1098.7,8500,2405
2QJ9RYJCV,1009.8,8523,2242
U2YJGV8L,848.5,8500,1883
8QVV9JL8,1123.5,9000,1854
Y9809Q8Q2,1245.2,8614,1846
9LGVUVUQQ,1027.0,9000,1691
2VRRCQPVG,1314.2,8849,1658
80028UQ8C,1192.9,8621,1658
82UVRQRVL,1222.5,8615,1657
2CUL8C2Q,1254.5,9000,1593
88289GV8V,709.4,9000,1546
J8QVPPVV,1050.1,8500,1502
9R8UYUURV,1299.6,8756,1461
LJ2L0JG,1172.3,9000,1458
8GVGCVY28,1092.9,8530,1442
2CPCRPC2L,1099.6,9000,1429
Y8G0RRV2U,1112.0,9000,1426
8CYRPPQ0P,1345.8,8856,1421
2LLV8ULU,1274.3,9000,1405
CL0LV998,1234.8,8584,1385
8Q98VYJ22,1150.5,8532,1373
9JV8GVJJQ,1089.9,8576,1365
9CVRC0Y20,1294.4,8776,1356
U0LJJJJYG,1108.1,8530,1307
9JPYP9PYY,1068.4,8521,1307
PJ2CPG0R,1205.7,9000,1296
90U8JJPQ0,1326.5,8819,1289
L2QGU20GV,1328.6,9000,1278
2V2G2VQRV,1072.4,8526,1274
YYU0LPU8R,1196.0,8524,1239
L8RPJGCCP,1061.1,8617,1238
UCPU8RC88,1124.1,9000,1235
PLU2PLQLV,1260.1,8681,1227
LCU2LRQJR,1212.7,8736,1218
9VGCU2Q8V,1196.2,8500,1201
8YLQQPGRY,1010.5,8562,1198
80J8PJGYJ,1202.8,9000,1197
2P2P80YQG,1206.0,8738,1187
20C8CPR2Y,1233.6,8570,1181
P2G8JLLLG,1297.0,8532,1177
8RC9G09QR,1031.7,8500,1173
GRVG2JJGQ,1074.6,8614,1168
9QQUUVLJ,1167.0,8709,1162
2892Y299Y,1057.5,8502,1161
8U8U2Y2VQ,1128.1,8500,1157
2LRLQP2GQ,1313.2,8753,1152
LPQ2J2RYC,1196.8,8646,1152
VPLRGCCJ,1176.8,8561,1143
2VPPL8YGR,1105.6,8533,1136
QLYQ02JL,1017.0,8500,1130
9J2GPQ9YC,1163.7,9000,1130
8PV9V8CP,1083.6,8852,1116
J8U0PG0P,1412.1,9000,1109
8UQLJ02UL,1015.2,8573,1107
2QYV8U0C,1157.9,8721,1106
28YQR89J,1219.6,9000,1105
9U9Q8YGQV,1127.3,8530,1102
8C2P00Y8,1228.9,8491,1094
2JPLV8YV0,1238.6,9000,1091
9P0PG2VU,1078.1,8503,1089
QLJ2UG8CY,1177.9,8653,1078
P8GLPG8R,1132.5,8530,1075
UC02V90VV,1131.3,8500,1074
PL2PL08RL,1130.7,8832,1064
8QRY9JYP,1270.6,8555,1059
L9UYPRP,1310.0,9000,1057
9L0VVV2R,1249.0,9000,1054
GRJCRVV,1169.6,9000,1051
PVLC29LCR,1145.1,8564,1050
LQJLCRUJG,1046.5,8530,1050
YRPUPYQ2,1160.2,8500,1047
LQUU00J,1150.8,8530,1047
RGYG82RR,1231.1,9000,1043
9PG0JJVJ,1162.6,8876,1028
JUL2V2VQ,1217.5,8536,1027
LPGQJRCG,1205.3,9000,1027
QVR8V00,1352.7,9000,1017
PCUVGYQL,1162.1,8560,1014
820YLP8U,1231.5,8612,1014
2GYY98GVU,1172.4,9000,1013
8Y89QPVJ,1033.6,8500,1013
QGPVGUPU,1145.6,8823,1010
PGQ0RRJ9,1070.5,8500,1010
8VQPUVYGC,1162.1,8537,1007
GQ2YGRP0R,1154.7,8623,1005
8GLQGGR0,1171.5,8558,1004
809RL0YYQ,1227.7,9000,1002
9QY2QUQ8R,1285.2,9000,995
2VVRRPYPR,1266.2,8680,994
9CU2L280,1175.4,9000,993
P8U9R899Y,1226.6,8624,988
2R99J90RG,1293.2,8730,988
YPJRRCG8V,1254.4,9000,985
PUY2RGURP,1128.7,8503,984
PJ2V8L8R8,1138.5,8587,984
R29Y0R2PP,1244.1,8798,983
U8YJCGU2,1142.0,8616,981
PGJ8JQJC2,954.6,8725,980
9QLJRC0Q,1166.1,8500,976
JJG0QQC90,1192.8,8551,973
2RY289P28,1189.4,8656,972
2V0UPRLUJ,1038.8,8532,971
9CJL9VCU,1143.2,8534,971
2RP8QJ02,1107.8,8530,966
VRLUUQ8LC,1345.6,9000,965
2QV229VYV,1134.9,8564,964
8UUQVQV2L,1268.6,8554,958
PQLUQYQR,1275.4,8730,955
LY9R2JL8P,1144.3,8556,955
8L9VRUQL,1048.7,8500,953
8UG8GP9Q,1339.5,9000,953
99CY99VY8,1463.7,9000,952
9JVCUYR2,1095.8,8532,950
UQ99RVV,1142.3,8582,949
CPGUGC2,1246.1,9000,948
JLU2L8PQ,1143.7,8585,948
YVLGJP0CJ,1131.4,8576,947
2URU20PYV,1059.3,8606,946
VJ2VLUGG2,1035.4,8209,944
PUV890QGQ,1320.6,8789,944
92CPG9J88,1305.3,8704,943
CCLJ0JV89,1190.6,8578,939
22PLY09VR,1232.1,8638,936
G9Y2GVPG,1264.8,8729,936
90YJ8YY0,1243.3,8606,935
PP028QR2Q,1196.9,8856,932
2RV2GQ8G8,1194.2,8532,932
YCCV0LLC8,1225.6,8633,931
RGLJ8JPQ2,1144.2,9000,930
ULPGLU8JU,1206.9,8582,927
L88LRJCPV,1059.1,8530,925
PUY9Q82JU,1064.4,8500,924
Y8YQCV20G,1225.5,9000,923
2CVU0LPQ8,1172.0,8657,923
JYLLQP8J,1154.7,9000,922
2Q9J8JPV0,1281.3,8535,921
2JP0LJC2,1165.4,8620,917
9C2GYJ9Y,1215.3,8513,917
8Y20UG0VJ,1114.6,8593,917
892V8YQL,1302.7,8809,916
Q2292VUG,1133.2,8634,916
2CUGYY9YR,1347.4,9000,915
90CJPJJQJ,1105.9,8691,914
Y0CVR8P0,1198.6,8530,914
UCRY9JVUG,1156.0,8500,913
YRQGUPRLU,1266.7,9000,913
8YLPUL2J,1258.7,9000,907
JQ8U9GQL9,1126.2,8508,907
8ULUURR2,1184.7,9000,905
G0YUVRVR,1274.4,8707,904
CQ2RVLLUG,1293.9,8728,904
UJYPJJPY,1230.2,8500,903
202CGJC8L,1297.4,8700,903
90L2QJC0,1265.7,9000,902
2LGGYU2GV,1126.5,8560,900
V8CUG9JV,1088.7,8503,900
88CCV0QRV,1027.6,8532,900
28LLCLVR2,1193.8,8556,899
8JV2UQRPC,1331.8,8824,898
Y8YQ80VU,1222.4,8624,897
82028GCLC,1098.1,8533,894
LQJQ9RY,1147.8,8500,894
YPY8LY0P,1067.9,8500,892
29U228VP8,1082.8,8500,892
2YL0C8Y8Q,1143.3,8245,892
Y8GR90Q2,1159.0,8562,890
2RJR8R82G,1232.6,8619,890
9CU89UJQU,1263.0,9000,890
29RL2QY9P,1162.1,8879,889
P0Y9CLP9C,1000.2,9000,887
YR90YPUGC,1099.6,8500,887
2PU8LRRJL,1057.1,8500,886
PV88GV9L,1301.3,9000,885
LYRCCC,1044.8,8500,884
RUJUGL2R8,981.1,8502,882
CC8L8PL9V,1025.0,8500,882
G0P2CL09,1110.5,8500,880
PC9GQJP8U,1187.4,8517,877
PQR002CYY,1096.3,8504,876
P98C9PCP,1248.3,8643,875
9JGUVYYLP,1100.2,9000,875
YYG9YR2LQ,1009.5,8500,874
JR9URQGJU,1114.6,8532,872
PL00LLU0,1290.9,8743,872
2RQ99LPVY,1153.1,8704,872
L2RC2YUU,1302.3,9000,871
2L2PUPQGQ,1236.9,8759,870
9LG2GYJG8,1293.7,8834,869
80GLCG2VU,1122.3,8600,867
28GR8LY22,1195.8,8509,867
9QRQCPRC,1369.8,9000,863
G022PV0GP,1184.1,8562,863
YYYJCGQP,1229.8,8702,863
J0UJYRPQR,1261.5,8902,863
2GLL29P22,1214.2,8530,860
GYVRLYVL,1315.8,8751,860
29QRCGULC,1308.3,8710,859
8CPVUCVUR,1253.8,8671,859
CCRRRPV88,1320.2,8826,858
YVLC92GU,1230.4,9000,858
QCG8LU8C,1104.4,8591,857
890YR9P9,1066.9,8948,854
2L9GGR,1055.7,8500,853
CL8CLG8V,1117.2,8621,852
98CQL0CJ,1028.5,8584,852
20GJQUVP,1149.4,8426,849
P8RCL0298,1190.6,9000,849
2JP8YQGP,1132.7,9000,848
9J28VURY,1417.7,9000,848
8Y2LYG9UV,1125.7,8801,848
GVVQV89VJ,1144.1,8500,848
2Q029PL0P,1208.5,8648,846
2PV0GG2VL,1193.9,9000,846
2GV0G2PCV,1214.8,8534,845
RYRU9Y,1228.1,8680,843
8RVC8228R,1265.7,8727,841
2JC0VLRLU,1176.5,8562,841
889VQ082R,1303.0,8748,840
2GVCRUP0C,1069.6,8530,837
2PL2UGRG0,1253.3,9000,836
YG9LPY90V,1352.6,9000,835
U88CPRGC,1275.4,8763,835
P89P2JYUP,914.0,9000,834
82YULRRL,1175.0,8554,834
QLQP2Y2V,1220.9,9000,833
YQR00JL8,1245.8,8669,833
9Q0UQ0CYR,1143.6,8621,832
8JJYQGJLU,1102.7,8655,831
9LQU2QLY0,929.6,8676,830
2JRCJ88VL,1069.5,8636,829
9CRRPV28P,1284.6,8716,829
2CYRQ0YYY,973.4,8503,828
P8YRQPGJ,1200.4,8383,825
98UJQULV0,1315.4,9000,824
2UQ9CCLCP,1262.5,8500,821
9GJGGQJR2,1206.4,8528,821
9RVLRQ0J2,1249.0,9000,821
8YUR809PV,1441.8,9000,821
QC9YVQ8U,1242.2,9000,820
8L8LUVCVR,1294.9,8731,819
P9YJ8Q2CV,985.2,8513,819
8C8YGL9RR,1075.3,8588,818
9LRU82VCQ,1195.3,9000,818
202P8PP9C,1026.5,8500,817
VJG28LJ,1208.3,8700,814
8RCU80YQU,1165.5,9000,814
2UCV8CLQV,1111.4,8591,814
82YYQYGVU,1209.6,8592,813
28P80G0CY,1122.8,9000,813
980CPCVG8,1234.1,8635,811
8J0Q9GV9G,1203.9,8248,810
UR9VV8C8,1131.6,8614,810
22Y8JJUJG,1149.3,8569,809
JP2YLC2LC,1069.8,8530,809
22RCGC0L9,1131.2,8500,809
9PGUCUUL,1285.0,9000,808
Q20Y8PRC,1111.6,8676,806
988PQ9JVJ,1095.7,8537,806
QGY8U2VJ,1010.8,8618,805
8PQ08PQ2J,1208.6,9000,805
8CL80GVJ,1184.9,8565,804
LV0GRRQ8V,1207.9,8592,803
9PUR0UYJ,1217.4,9000,803
9UUVVGVC,1139.9,9000,802
QGYGQ0GYL,1402.4,9000,802
RLR0YYUUR,823.6,9000,802
PQRQ802LG,1117.2,9000,801
L828V8V2,1201.8,9000,801
2QG90G2R9,1172.7,8724,801
YQLVQ0UP,1269.1,8709,799
QGR0Q2PCV,1225.5,9000,798
8YQ0VY2UR,1203.1,8531,798
LVPYYR2C0,1235.1,8648,797
P28CJ8CG,1215.1,8538,796
22U8LRGV,1131.4,8724,796
8JP28YQ9J,1072.0,8553,795
80Y8GVJJG,1439.0,9000,795
CGLY0CJ8,1176.7,9000,794
282RR2QLP,1128.7,8589,794
90VUGL2P,1152.6,8513,794
VRQ8P0Y2,1258.8,8616,792
9PLYQJGGR,1186.3,9000,792
2Y8U9RV09,1180.0,8330,792
JGGJ2GVJC,1197.6,9000,791
LGV8YQY0P,1336.1,8731,791
2VR0J0PV,1116.9,8614,791
C0VQQVV8,1119.3,8530,790
C909UYPC,1294.6,9000,790
8R82PLR0,1167.1,9000,789
298R9Y988,1302.7,9000,788
90UPLVCR,1202.1,8561,788
P0YVLGU8G,1398.5,9000,786
PQV8URR,1154.4,8520,786
2C0RUL8PY,1082.5,8834,786
80L0G02R,1189.1,8721,786
8JQVGRY9J,1351.1,8500,785
QRPC2LRV0,1099.6,8502,785
2RCYR9J2,1115.1,8551,784
2LVL2L0Y0,1044.5,8615,784
L2R8JRPGG,1179.0,8557,784
2RRUG88LP,1155.6,8677,783
P082P2PC0,1089.2,8530,783
9QJLLPY0,1155.5,8781,783
2J8UP0UJL,1049.1,8500,782
RVLV29C8C,1111.7,8648,782
YU9UV9Y82,951.9,8530,781
J8PCC8VQU,1165.9,8531,780
899RY0C90,1384.0,9000,780
98JVPC8J,1050.5,8530,779
2GY0Q2QL,1234.7,8580,778
8L2PVR8J,1160.1,8557,778
228R80V9U,1122.7,8533,777
PL20YPPUG,1171.8,8532,777
VV8Y8L99,1137.7,8533,777
98GQLJCL,1219.2,8640,777
GU0QQUQ2,1081.5,8503,775
CRRJR2U2P,1271.5,8738,775
9LC8L9VU,1250.4,8527,774
2PGYY2UQL,1025.4,8527,774
C9RQ0GL9,1169.0,8511,773
P8PGQJULL,1161.1,8532,772
Y2VPQQYJ,1231.6,9000,772
29G2P9C8,1192.3,9000,771
V00889LJJ,1205.7,8592,771
8Y822G99,1239.5,8664,771
YQ0UYUYL,1179.4,8520,770
820QYQLC,1278.0,9000,770
U2982GP9,1180.4,8706,770
RGQGY98U,1083.3,8616,770
YQ0YCJQ2Q,1093.5,8505,769
RUJ9PRCVQ,1129.6,8142,769
2GQGPR0C0,1212.2,9000,768
99Y9PYJY,1109.2,8530,767
JCC0C8VV8,1261.9,8855,766
LL8JR9YP9,1164.2,8737,765
2RCPP9R2U,987.8,8503,765
8P2Q0QLQ,1224.0,8628,764
PQ2VGLG,1097.4,8500,764
2CJ9V99J,1265.2,9000,762
LVL09UP9J,1183.6,8116,761
QGVL209Y,1158.2,8500,761
Q0PQ8892C,1182.5,8620,761
UJYLQGUG,1143.1,8505,761
8YUGPY8P,1237.8,8675,759
PC2CL20J9,1155.2,8623,758
LRY8JYV,1163.3,9000,758
Q8RR98RJ0,1306.5,9000,757
RY0U28LY,1249.9,8791,756
8GQ2JRYCP,1137.9,9000,756
8JPV99VV,1331.2,9000,756
C22URRLV,1157.8,8167,755
28P2U8JYV,1138.9,8642,754
9U9LYY2R,1057.4,9000,752
P288P9VV,1167.3,8566,751
8PYJURJ2,1184.8,8562,751
PJY8290L,1232.4,8589,751
RCCYYJ28U,1283.9,8537,750
2QR2G09VR,1106.0,8501,750
2PJGLLR02,1199.5,8533,749
2Y2CQPV2,1183.5,8500,749
99QP0ULR,1089.6,8501,748
P0YRCRJ2P,1154.5,8794,747
2G2L2G8YC,1197.1,9000,746
9QLR8QCVJ,1239.2,8877,746
99Q80292Q,1162.5,9000,745
8GY8C0PYC,1298.3,9000,744
UJ8Y000YR,1263.4,8645,744
8PPUQYUYQ,1307.7,8938,743
Y9Y80GUUC,1206.6,8620,743
L0U8P8CY9,1239.7,9000,743
80Y9LJQLU,1111.8,8500,742
8YVRY0QVU,1256.7,8806,742
GC9U9RQPC,1241.4,8594,742
2L2R2LYR,1130.1,8500,741
8YCP2UC9R,1234.4,9000,741
UCQQRVGL,1161.4,8507,740
8U2R808C,1090.5,8531,740
JL2VGJG0,1153.2,8500,739
QPQ2QPQ,1127.0,8500,739
82VYGL2L2,1247.9,8701,739
2J0PRYRCC,1341.0,9000,738
9RGPQ2LYQ,1219.9,8320,737
9V0Y0LJ,1206.6,8644,736
P9VYVCLUQ,1172.5,9000,736
9PUCUP9J8,1184.4,8642,736
PQJ9YV28Y,1150.3,8827,736
LRV8R2YRC,1189.9,8588,736
YVRQV8QUV,997.4,8532,735
Y2R9JV22,1157.4,8524,735
2RGGYJJ2,1269.3,9000,735
CGVPJ8YQG,1118.7,8605,734
Q80PRRJ2,1158.0,8647,734
2RCQLG0CP,1234.7,8644,734
GQJRGVQ0L,1141.6,8704,734
2U2VV0,1247.7,8751,734
YJQGJPGU9,1146.6,8530,734
GVC2PLC8,1226.9,9000,733
P09GYJCGP,1237.5,8565,732
YUUC0RGU,1694.6,9000,729
89RY29CPP,1192.7,9000,729
2GL2U88J,1317.8,8966,728
8LQ880RUY,1318.9,8801,727
9922UL0G8,1204.7,9000,726
80UP9JGG,1336.6,8827,726
P8LLP2YJY,1192.8,9000,725
PYYVLCVUY,1127.2,8226,725
29YCLL2PR,1163.9,8588,725
2P9Y0C9J,1032.8,9000,724
J2PCG28V,1163.5,9000,724
2L2Y9GJY,1221.1,9000,723
JJL8YPGJ,1245.3,8775,723
RCLV22L0,1285.7,9000,723
P2Y282,1266.6,8752,723
L2VQQURPG,1225.2,8599,723
8PYJVPU8C,1092.1,8823,722
UJY8CUUUC,1201.5,8690,722
PPC8Y0U99,1082.2,9000,721
229Y89V9J,1123.0,8618,721
8PL9RRPY,1071.8,8500,721
2Q02RVLR,1167.7,8731,721
R029UY0Y,1175.6,8619,721
20PCULGLJ,1283.3,9000,720
80JRRRQY,1198.5,9000,720
8G2QQY0C9,1184.5,8500,719
2R8Q2Q9CU,1127.1,8500,719
90JGRQR9J,1163.4,8533,719
RYVCV8LQ,1096.7,8112,719
9PRC8YPJ2,1244.0,8607,719
P82CVUGY,1368.2,9000,718
Y2G9R9YC,1460.2,9000,718
Y9Q8U8UV2,1296.2,8824,717
P29CGGLG0,1418.1,8909,717
RJP99P2U8,1225.4,8500,717
208CCQRQ9,1262.1,9000,716
92P8LVQP,1127.5,8541,716
828CYC099,1286.6,8727,716
2999U2CPG,1051.0,8676,716
V8CR02CQV,1154.3,9000,716
8Y20JQCPC,1127.5,8217,716
8PRPCCJY,1357.1,8805,716
2GJULLYCL,1173.2,9000,715
9U92VYJRG,1366.2,8668,715
GY9P028Q,1238.0,9000,714
2GP8U0CY9,1280.4,8769,714
QP9RLJQ9,1250.2,8608,714
2GRUR9VUV,1159.4,8868,714
8QR2ULPL,1223.3,8703,713
YYVQL8UU,1270.8,8541,713
88GGVR0V9,1480.7,9000,713
8UQY2RRGG,1256.6,8899,713
P9C98QUP,1242.7,8710,712
U2P80GP,1199.1,8567,712
9LPJ29G2Q,1350.6,8849,711
9C22900YP,1014.8,8500,711
8P9RC09QU,1346.9,9000,711
L8G9PR88P,1188.0,8596,711
P0GQ9LGLL,1049.1,8541,710
P8QPUGVQ9,1197.4,8654,710
8R928CQRQ,1156.0,8675,710
92LU9RQCJ,1356.6,9000,710
VLCCPQC0,1004.1,9000,709
2VPY8PG00,1181.5,8627,708
2LP0V2PJJ,1151.0,8657,707
99Q0UYPQY,1128.8,9000,707
22U2UC8CU,1241.3,9000,707
8YLRQLYU,1066.2,8557,707
9QCGJ8CQL,1170.6,8667,706
8GLU2YJ9,1216.9,9000,706
2GJ2Y8LL8,1080.5,8623,706
CVY022,1217.4,8672,706
99CG2U8RV,1201.8,8500,706
GCYJLY9Y,1128.3,9000,705
YRCLVR0Y,1278.4,9000,705
2C9LVVGG,1201.4,8530,705
P8LJJ0P9J,1050.2,8500,705
2RU2JL09,1312.8,8904,705
2YQU2CVL2,1337.9,8647,705
QRGVCPPUC,1224.7,8624,704
9G0UPYUJ9,1095.6,8504,704
GYQJPU8R,1169.1,8590,704
YJ8QQLPL,1158.4,8680,704
P2GQJU08,1099.6,8561,703
GLQY0JPV2,1211.2,9000,703
P20900R0R,1156.6,8500,702
2VGP0P0P,1400.3,8938,702
YQ08C2VR8,1054.5,8530,702
PJP8RG2YP,1207.5,8717,702
GY9VGC000,1196.0,8594,702
G2P2R2C8Y,904.0,8385,701
8LJ92Y0YJ,1197.0,8825,701
8P2J22JUP,1113.4,8507,701
9VPUYYC0,1182.8,8723,701
22PLYUYCR,1146.2,8611,701
L8L2VLY0,1250.6,8842,701
GCL0UQ92,1123.6,8564,700
V8JRVJV2,1246.0,8831,700
88VG9PGV,1288.2,8613,700
2UP0C0U9Q,1198.5,8636,699
92RVCP989,1056.6,8743,699
8YU9CJJ8,1282.3,8557,699
8LCY9JUG2,1087.3,8500,698
8GU0UC92C,1143.4,8503,698
8J8CVUC9,1114.3,8564,698
8R2YQJQ28,1166.6,8618,697
8P2UJVQ09,1131.8,8765,697
Q0LG8YC8,1171.5,9000,697
20VJVQU0G,1106.2,9000,697
RPRQ89C88,1136.1,8684,696
808GRPLCJ,1308.3,9000,696
G0QJVJQ2,1155.1,8530,696
2PRURGLQ,1140.2,8500,695
9J098JV9,1091.8,8500,695
8CGRC8VV8,1184.0,8532,694
QV08GC99U,1242.0,9000,694
Q8J9RL8CQ,1090.6,8566,694
LP00GP9QJ,1146.7,8611,694
2Q89JYJCQ,1126.9,8504,694
90RYUURG,1129.7,8560,693
28CRJQPVL,1079.1,8730,693
9V92PU2QJ,1306.5,9000,693
99V09L9JQ,985.3,8503,692
U0YGJLY22,1264.4,8611,692
P98P8VJQR,1267.1,8640,692
2CJPP02CY,1232.6,9000,692
9Y008229,1193.6,9000,692
LLL92P2Q0,1144.5,8500,692
RQLJJQR0,1285.0,8576,692
2PC0Y2LVP,1176.9,9000,692
90JP0VJC,1351.7,9000,691
90YVL2YL,1222.8,9000,691
9YJUJC2QQ,1396.4,9000,691
29CYJVVJ,1170.0,9000,690
L8YRURY0P,1233.4,8623,690
8VG08LVY,1150.5,8503,690
9UQC0JP2,1171.1,9000,689
2YVPLRR8Q,1120.5,8565,689
2YJQYG8LU,1310.9,8545,689
CV92R0U9Y,1199.1,8595,689
90P90Y28,1149.2,9000,688
LJL0LP0J,1227.2,9000,688
2VYRRJUJG,1271.5,8586,688
PRGLU8PV,1193.4,8620,688
C9CLLGGLG,1187.2,8646,688
2LJVJG220,1230.8,8615,687
U0L9V2JR,1107.1,8500,687
2R28CPR9G,1095.3,8500,687
P2VGVVU2,1455.0,9000,686
9QYV2J88C,1160.0,8530,686
9CGGY8202,1168.9,8568,686
8YPYGCGCP,1307.3,9000,686
PG9GVQ9J,1273.9,8706,685
2CV0JUG00,1106.4,8528,685
89Y9PGV9,1073.3,9000,685
9URCLVUC,1246.8,9000,685
9VJ8G0PUJ,1229.4,8621,684
90R22GU0Q,1217.4,8620,684
PG9CCUUL,1152.2,8672,684
JL2RGRJ0,1282.6,8898,684
9P2UJGJY,1256.0,9000,684
8PYY2QYR,1045.8,8861,684
JPPVYU2,1164.5,8500,684
Q9LJ0R08,1159.5,8500,684
8JC0JRLCG,1129.2,8541,682
2LYJJR8QR,1144.4,8714,682
99LR8UGQ,1300.0,8764,682
PJ8QPC92Y,1263.7,8675,681
9P9PC9JJ,1125.9,8727,680
9U0098Q8J,1125.4,9000,680
8G9QVC9Q,1272.4,9000,680
2LYQCPLCY,1369.4,9000,680
GPGLVLJ8G,1238.7,8560,680
2R8CGRC8Y,1105.9,8584,679
9RRP9JVCL,1294.8,9000,679
8PC2LJQC,1203.3,8533,678
PVQPCGLPV,1228.1,8531,678
8LJGC988,1116.1,8519,678
QRYVVGJU,1237.3,8677,678
CR82UL8J8,1239.1,8741,678
99GRQ2QP,1089.3,8500,676
YQGL02C8,1112.5,8503,676
8P9PPPL2P,1187.2,8736,676
2LGCVJRJR,1155.9,8500,676
PGG9209L,1189.0,9000,676
8QVJRQR2,1190.9,8599,675
2UUVVV9YV,1127.8,8582,675
29UGR90R,1125.5,9000,674
RQJV0VR,1096.2,8503,674
8RR0V2R08,1229.4,8500,674
2V9QJQ9UY,1192.5,8625,674
29GGJG0PQ,1216.2,8574,673
2QCRR8JPU,954.7,8500,673
2V8U98R0Q,1241.3,8733,673
8Q9CJLYG,1239.6,9000,673
LC0YVRLPU,1221.9,8586,673
QVUJ9YCVR,1160.6,8391,673
29RGV8V20,1203.7,8561,672
Q22VCR9QC,1103.7,8535,672
QRLVG9PP,1030.3,8500,672
9RYYPGY,1439.0,9000,672
92GCUR22,1236.7,8616,671
9890U29J8,1242.5,8658,671
PJPVC2RGV,1182.1,8554,671
82PJU2GYJ,1241.2,9000,671
P9CQLCRG,1083.7,8535,671
RUCUQVPQ,1340.6,9000,671
29Q8PUJJP,1266.5,8589,671
UGCQQPJPU,1249.3,8524,670
Y80CQYRR,1167.8,8152,669
80RY09RQ,1195.8,8710,669
2YPPYJULV,1336.3,9000,669
2UR2Y29UQ,1173.9,8667,669
8L888RVQ0,1198.5,8712,668
2PR88RYVJ,1269.6,8733,668
9882P90L,1204.3,9000,668
8JY2LJRJU,1150.4,8679,668
Y2J9CRRR,1099.3,8000,667
28QUJCGPP,1349.5,8760,667
LL0L2P9,1370.4,8810,667
UVYPCU9L9,1160.6,8536,667
9GQRRGRY0,1302.4,9000,667
QV90LG0UL,1014.8,8614,667
2CRLUR22L,1166.6,9000,666
2UV0RCVLR,1273.3,8630,666
20829GGUC,1209.2,9000,666
JRYCU8UP,1190.9,9000,666
J8YRR02U8,1162.9,8732,666
R82QRYL20,1216.7,9000,666
2Q88RY0,1343.2,9000,665
J0CYJCRR,1288.8,8755,664
8CQCG0V0,1193.1,8736,664
2JPJG0CGJ,1160.3,9000,663
Q92QCVRYV,1197.0,8605,663
8QYLYJURP,1052.3,8620,663
90PC8JY2,1073.3,8500,663
90298JJP2,1167.3,8702,663
2GC82R098,1291.5,9000,663
GV9U2GU0,1064.6,8681,662
28GQV0P9Y,1164.4,8535,662
2PVLLJ0,1240.9,9000,662
GRQUPV2L,1067.0,8533,661
CGL9PYG2,1105.7,8500,661
2YY2GCLGR,1315.0,8525,661
P8LR2R89,1253.2,8759,661
2YP00V2QU,1147.1,8530,661
JV2CU0JL,1272.0,8652,661
J9PLQ0V0Q,1240.6,8588,661
8L8PYV2Q,1070.8,8535,660
QQL9P2PQQ,1172.0,8619,660
9J0JPUL2,1205.7,8784,659
P092Q990,1227.9,9000,659
9P900298,1398.7,9000,659
CJYJJYJ8Y,1263.2,8620,659
9V0VC828,1149.9,8563,659
GY9J92L,1105.9,9000,659
20VUPG2GU,1197.5,8534,658
P8PV8200,1196.8,8566,658
C2U2VCRP2,1190.9,8546,658
820UR88,1310.0,9000,658
8V0PC0C0J,1134.2,8500,658
QGRRJY82,1241.3,8806,658
RRLPUYQC,1305.4,8791,657
20PGGUVG,1137.0,9000,657
PVQY02UJ2,1324.6,9000,657
89U82VQ0R,1189.4,8856,657
2LUPU08Y2,1202.9,8619,657
URCYURQ2,1172.0,8149,657
RG82J9PL,1217.0,9000,657
QCQG2VC,1288.4,8683,656
9JLU98YV,1187.6,9000,656
2Y808YU8V,1127.8,8533,656
UULR2LGY2,1172.1,8858,656
88J09YJ92,1175.2,8589,656
JC9LPGQG,1301.1,8706,656
Q0UC09YJL,1129.5,9000,655
Y9UJ2P9C2,1153.8,8534,655
8Q2RVYR9Y,1144.8,8532,655
2VJLGQ2V,1216.9,8586,654
8LRGPYQCR,1119.5,9000,654
PLVPVQPG,1320.2,9000,654
2GYRRC800,1258.4,8206,654
8P020GGPG,1538.4,9000,654
LL90P2GPV,1320.3,8711,654
U0JJ89PJC,1244.5,9000,654
UVC28UCR,1212.6,9000,653
GRG908VU9,1250.3,8500,653
P0J8UYRCU,1109.7,8649,653
PRJGCPJ8,1128.7,8623,653
GCPQJG0C,1074.2,8500,653
YYRYJCVG0,1264.9,8624,653
2UJ0L9CUR,1217.0,8554,653
GU980JCR,1109.8,8778,652
P9UJJ8R0,1621.0,9000,652
29LJRGQQ,1199.3,9000,652
Y0GC0CUQL,1293.5,8904,652
PY90PCGJ8,1166.1,8538,652
2GVVVRJC9,1275.2,9000,652
2C0220UQY,1056.8,8710,652
9QG9QVU0G,1171.4,8500,652
9YGJ8JUY2,1132.3,8675,651
PGVJJGVP,1007.4,8530,651
8V8PV2U9,1192.8,9000,651
GCRCU0P9,1087.2,8563,651
QYUGULGLV,1153.6,8763,651
RLPVUCCJ,1232.1,9000,651
LQC9L0Y,974.7,8500,650
9CQ22J89L,1342.6,8846,650
8P8CU2988,1082.3,8500,650
8QG9GU9P,1320.6,9000,650
PVGCJ8UVR,1312.0,8773,650
YVPUYPQ0,1171.2,8530,649
8V0LGJCY8,1214.4,8514,649
90PYLL9UR,1130.8,9000,649
2Q9RRU8YG,1224.7,8743,648
9G8JP92V2,1341.7,8819,648
8UYY200QL,1119.4,8561,648
Y22JPQJCC,1194.5,8578,648
9UR29VQ0R,1208.6,8644,648
80UY8UY2L,1190.0,8844,648
9Q2LV0RYG,1125.0,8612,648
2YR2JJ0VP,1094.5,8597,648
8LVGL90Q,1032.4,8563,647
J0908Y9J,1274.7,8500,647
8QULUGUY,1237.0,8584,647
82YY0C08J,1192.7,8620,647
9VCP0GQL,1285.9,8562,647
RGPQ2VC8P,1275.8,9000,647
9GGPL0JUY,1147.0,9000,647
P0UGG28QC,1132.8,8584,647
PJ8JVCQVP,1195.2,8559,647
LLV9G2QU,956.3,8438,646
8LG0Y2LJ8,1112.9,8500,646
9PCG98UU,1136.6,8561,646
2U9CY8R8L,1280.0,8765,646
20YCGCJ8G,1106.3,8863,646
PU22PG2G,1149.8,8524,646
9YCGVR0Y,1453.2,9000,645
C99VL8JC,1114.4,8500,645
G2V90JRU,1186.1,8500,645
2R20Q0LU,1030.9,8766,645
8PJY9RC8V,1178.7,9000,645
2CP90RYP,1144.3,8785,645
89QY8UL2,1182.5,9000,644
PYP2QVGVU,1165.6,8502,644
2Y08LY22C,1162.2,8680,643
Y9J2GLC2,1092.5,8539,643
UJ8PGP0,1110.4,8557,643
C00QRQPU,1188.1,8703,642
8CQGGQGP0,1384.6,8900,642
G00YUP88,1235.5,8619,642
2VQCU0990,1167.1,8757,642
2VGUQ92VL,1191.7,8537,641
JQ082L9Y8,1236.6,8642,641
Y9JQYYLQY,1163.9,8579,641
PQJQQ2QV,1177.2,8532,641
PR2J0VG20,1197.3,9000,641
2P8Q09R,1365.2,9000,641
UC8YQLV,1115.8,8552,641
200R0LU,1225.0,9000,641
PJLC8YGL,1386.4,9000,641
8Y0LRJYVV,1301.0,9000,641
9RRYQVP2Y,1143.9,8501,640
RU9UR02GY,1065.7,9000,640
PYVUGPPLC,1163.9,8591,640
9V88GCP8,1299.3,9000,640
2R2LQJ99R,1293.2,9000,640
2QUPG8RLL,1274.0,8909,639
2VG00VVYG,1195.8,8773,639
8YV2L8J8,1200.3,9000,639
C8GYG2QP8,1164.5,9000,639
282LUCLYR,1244.2,9000,639
2QVY8YVLR,1143.7,9000,639
9UUQY8GR,1294.1,8697,639
2PGP29GL2,988.4,8712,639
UYQCPP02,1192.4,8530,639
8UU2QYL,1286.6,9000,639
GG9PVYULR,1186.4,8558,639
UUR8R9YY,1270.4,8743,639
8C9GYJ2J2,1229.9,8677,638
90RUV82Q0,1219.7,8910,638
2VYPVLQPU,1148.8,8532,638
GYG0RRRL,1248.6,8656,638
L92899LUG,1368.1,8824,638
98PYV,1158.4,8612,637
Q9LJ2QU8Q,1259.0,8715,637
LG99LQ2RQ,1103.3,8626,637
RJCC8PL20,1193.8,8500,636
PL0UULPR8,1159.0,8500,636
PLPJ82PGY,1210.7,9000,636
PYRUJG0RV,1294.8,9000,635
YULJGPYJY,1393.3,9000,635
URQJ2VL,1199.9,8653,635
JRULVLVLP,1216.4,8560,635
290PPJC9C,1274.6,9000,635
2QRPCCPPG,1250.0,8645,635
LRQVJ9PUL,1184.3,8635,634
2VCULR9YU,1140.1,9000,634
CJJLV8V2L,1009.3,8500,634
Q9809C8Q2,1202.7,8527,634
9J0CLQVV,1169.9,8705,634
2UQJU0220,1240.6,9000,634
8YR2U0PJ,1177.7,8579,634
PRGGG9PJ,1240.5,8622,634
2YLLQ8R9L,1034.7,8500,633
898RYRVGC,1040.3,8500,633
2PPY8U88,1303.8,9000,633
RVQYJJ89,1235.7,8615,633
9YLGQGLL,1298.9,8822,633
9PYLCJL28,1249.1,9000,633
2Q0J89RCU,1147.7,9000,633
82LJLYYU2,1207.7,8501,633
YYJ8JGPQ,1135.7,9000,633
QR8Q28VJL,1043.4,8564,632
8UQR2J09Q,1035.2,8530,632
JVPJGQYQY,1153.3,8677,632
YCRCL9C0,1260.4,9000,632
98C8Q2R0,1143.0,8650,632
G9UPY2YP8,1117.6,9000,631
829JGQ0R9,1269.2,8803,631
92QJ2VVCU,1242.2,9000,631
8JUGLQUJ9,1118.4,8502,631
JLRGURPJ0,976.0,8500,631
P2LJ8L8Q9,1232.4,8874,631
GCUGQ8V9,1182.2,8561,630
8LJVU2PCQ,1166.9,8635,630
2PRUJP9JR,1241.9,8618,630
8CY929V0,1215.1,8562,630
L928YCQ,1103.5,8500,629
82J2R8CV2,1276.9,8592,629
R2V8RLGUY,1287.4,8409,629
LQL02UU9C,1184.5,8500,629
8VULCQC8V,1106.8,9000,629
YV9QG88,1142.0,8590,629
U8C2RQ2V,1214.0,9000,628
PRL9GULUL,1126.9,9000,628
2QQ80JR0V,1286.5,8448,628
P8RQ8RLCP,1310.0,9000,628
UYR009UU,1233.5,8622,628
8P02G8UV,1235.9,8626,627
P2YUCPPYP,1275.8,9000,627
L2YLLL98,1191.8,8650,627
L20G28JQ2,1365.5,8919,627
2YUV9CLJY,1321.7,9000,626
8UU9Y02L2,1202.8,8735,626
2QJ2JUUY,1233.2,8637,626
9G0P89J8,1229.0,8592,626
P2ULYGRGJ,1130.6,9000,626
9VLJJ09RG,1156.5,8610,625
L2YP89RR,1167.1,8530,625
C9UYLCYL,1141.2,8500,625
Q0QC00R,1436.7,9000,625
2G0VY8Y0V,1196.8,8742,625
U2QQQ2RVV,1098.7,8500,625
QQL9LLUR9,1288.0,8646,625
9ULQG9QR2,1230.7,9000,625
28GPGYVGG,1200.1,8363,625
2R0PR92U2,1138.1,8526,624
P2Q2LJGYG,1151.2,9000,623
9LGCYV8P2,1180.8,9000,623
CJYQQUVVR,1176.1,8530,623
9YJY2R8C8,1125.1,8500,622
8G28R2UCJ,1264.2,8721,622
9JLRU89L0,1172.3,8502,622
C2RLQRJRJ,1387.0,8558,622
9G0JUQ80R,1330.1,8822,622
VQU8R0YRU,1090.3,8622,622
9CVURLY2G,1155.9,8714,622
YLJUU8Q,1201.6,8612,622
2CLVCJ9C,1192.9,8718,621
9JU9JJCG,1088.4,8819,621
28YG299PY,1214.0,8613,621
JQVPRCVU,1112.9,8296,621
VLV0GJLL,1254.2,8678,621
PGJPGVQ0,1360.1,9000,621
8PP2C88R,1275.4,8712,621
PLVPV8JGQ,1092.3,8821,621
PJRRYGJ9R,1135.3,8127,620
8YQ020UC9,1290.7,8797,620
VPRJ8GJY,1259.8,8872,620
98UCVQ8G,1315.2,8791,620
CRR898J,1131.4,8560,620
988YURR8,1126.1,8501,620
8VJY8YQJ,1400.0,9000,620
2Y990JLLQ,1142.3,8671,619
2C89L82Q,1281.8,8638,619
PGR09YCVL,1063.8,9000,619
LJGUULRC9,1112.0,8583,619
2L9Y2GPQ,1304.0,9000,619
9GQRC8RQV,1194.7,9000,619
CJ8U20V98,1223.8,9000,618
L0LJPQGGV,1230.3,8573,618
G2P0LLQCY,1121.0,8723,618
92RGJ9GL,1118.8,8500,618
2J8V9JGUQ,1226.4,9000,617
9RVPC0LCV,1127.2,8000,617
80L0CJQP,1191.4,8592,617
29R9VPCC9,1175.9,9000,616
98PRJ8U0P,1190.2,9000,616
CJQP2JQ0,1325.1,8874,616
8PJGJL9QV,1478.8,9000,615
G9YQY9CQ,1163.4,8803,615
8LGYUVVC,1206.0,8612,615
9JURRRUR,1111.4,9000,615
GYC9RPRL,1461.7,9000,614
CQCRPGVJ,1163.6,8565,614
82P00J2JJ,1203.4,8591,614
C80J2LQCL,1241.4,8671,614
UQYJLCU9Q,1117.0,8691,614
JCPL2GVY,1329.4,9000,614
P889JUCY9,1178.5,8533,613
Q0C8PY2L,1127.0,8530,613
82J0Q0QQQ,1090.8,8729,613
LRJRU9JU0,1269.6,8765,613
8R2V80CC,1127.5,8534,613
2LJ2Q8UJR,1151.2,8859,612
9CG2R0P2L,1177.8,8515,611
9L2PP0JLU,1143.2,8530,611
CRY2RY0LG,1212.5,8557,611
2L2YPY9R,1285.7,9000,610
8UJ888LUV,1184.7,8530,610
QLQYP9G9,1289.4,8524,609
PRJU9RJ9J,1135.3,8736,609
8P8Y9RYUY,1180.3,9000,609
P9L0YY8UV,1263.2,8869,609
JP80CPR22,1145.6,8771,609
PL0UQ20V,1195.7,8530,609
9UL8Y9RJG,1280.4,8745,608
P98RY2CL,1149.5,8502,608
G989GGG8,1193.0,8565,608
20QVQ0C9,1101.8,8530,608
2GRYGG8V8,1265.7,8613,608
2R8RYVYVJ,987.8,8593,608
CQYQGQ20Q,1012.0,8506,607
CPL2P2PVG,1356.1,9000,607
8QCJQUCRQ,1128.0,8592,607
P28GYV09,1296.6,9000,607
228YVL9PY,1200.1,8817,607
UPJGYVPQ,1194.4,8665,607
2QPV0J9U2,1025.0,8618,607
2LLVRVJCR,1183.1,8525,607
2QJV9GR00,1222.9,8801,607
JCRYGQRRU,1323.5,8560,607
92L9PV9JP,1251.7,8530,606
2Q2C0LUY8,1335.0,9000,606
R0QRU2CCQ,1231.1,9000,606
8RPQLJ20U,1169.4,8555,606
U2RLGGVL,1130.3,8532,606
VVC9RV89,1059.3,8649,606
900YUGRG2,1123.2,8640,605
9RU0VC9R0,1305.2,9000,605
202V9Q2GG,1311.6,9000,605
8YL899UVG,1223.2,8700,605
8Y88C00UC,1123.8,9000,605
2R8YGCPLR,1271.3,8750,605
P2C2C2JC,1275.6,8557,604
L829RP0L,1250.1,8907,604
2CVR2CVCC,1004.8,8500,604
JP2PQ8UP8,1116.3,8564,604
89L00LGC,1141.3,8533,604
8JPQRP82,989.4,8413,604
88CRYY0C,1187.1,8596,604
2Q88C9YJJ,1180.8,9000,603
8VCY20Q0J,1261.3,9000,603
2YRQ9CYY8,1208.5,8777,603
LL0VCCQG,1246.2,8644,603
9CLU9RVL,1315.8,8513,603
LLVG2R22,1199.9,8539,602
9VJCPC0YC,1138.4,8653,602
20GRC8C9,1302.5,8647,602
9YC99RUQQ,1230.9,8500,602
2V92VRGC0,1259.1,9000,602
9RP2PJPYP,1148.1,8625,602
P29CQPQRC,1252.2,9000,602
Y8QQ2QRR,1206.7,8641,601
89R0RQJ2C,1027.5,8560,601
8G8202JYY,1179.2,9000,601
88GJLQY2,1144.6,8530,601
2U8YJ080L,1234.1,9000,601
2JQPPCQY,1237.1,9000,601
2PL2092UU,1109.7,8583,600
QQ2Q0Q2G,1220.3,8738,600
2882UULV9,1200.5,9000,599
CJP0JCULQ,1238.9,8671,599
9L8LV82QP,1216.2,8652,599
2GQ9J22C0,1164.3,8502,599
Q98RY9U,1295.5,8708,599
VRLRQC0Q,1384.8,9000,599
2V2RG0LQY,1194.4,8613,599
PPLR2UCJU,1230.3,8501,598
9GU02PPG,1236.2,8264,598
UPCC2LGP9,1174.6,9000,598
22LGPUJJ8,1219.4,8622,598
GGC8QRLG,1217.6,9000,598
208GQGPYU,1252.4,8708,598
C0J2RJLLR,1471.3,9000,598
Y2U9U8G2,1241.1,8881,597
2RLQRJ2GU,1220.0,9000,597
C8U90QULR,1142.6,8530,597
9Y9YUVUY8,1208.0,8324,597
C9LQG9LVU,1351.5,8591,597
9LJ0J2YJ,1275.6,9000,596
9R9CCYJPQ,1354.7,8733,596
JCU2GLU,1082.2,8530,596
8Y8VCVQY,1243.7,8885,595
9UL2GJQUV,1084.0,9000,595
RPGRRPJ9C,1103.8,8555,595
R0PJQVRY,1092.7,8530,595
8CPJJP98Q,1100.6,8505,595
2V9CQVPLY,1355.1,8806,595
GJRYJU90R,1244.0,9000,595
82CPR8LVR,1048.3,8501,594
89VYQ8R90,1187.3,9000,594
VCU09VPC,1241.5,8618,594
8P90LV89,1251.2,8615,594
8URRQVV9,1169.9,8561,594
Q0UQ82Q,1139.2,8535,594
U220GG0U,1315.1,9000,594
L82JVPPLV,1087.6,8557,594
R9RCUYRQG,1110.9,8782,594
U2UPQJYUQ,1358.2,9000,593
9LPCGLL80,1234.5,9000,593
2U9CV8YU,1165.1,8513,593
CVCC289RP,1269.9,8749,593
LPLUR88C8,1151.4,8740,593
89JCV0PCY,1343.8,9000,592
2Q22UC8YJ,1165.3,8589,592
YJCQL2RPR,1181.0,9000,592
LGVLRGRYG,1324.1,8841,592
G2JRCUQP,1186.8,8581,592
2UJ2Y8QUL,1291.0,8609,592
28CYY8PPU,1198.6,8620,592
RGV8999G2,1075.6,9000,592
PY9PJYRL0,1261.2,8530,592
URR0VCRVJ,1238.2,9000,591
G80Y8QR8,1144.8,8532,591
28VQQYQY2,1310.4,8501,591
2Q9LYCUY8,1246.7,8618,591
P28YGV2R,1297.0,9000,591
YLVLU0Y2J,1380.6,9000,591
LUULQ8R0L,1168.8,8728,591
2CR92VG98,1223.2,8500,591
CCJ0J0Q2L,1160.7,8736,590
92288GV2,1226.4,8584,590
2VLLQV8R0,1199.4,8615,590
J2YRG8CV,1308.4,9000,590
2CRU2GCJG,1071.8,9000,590
2Y8Q0VRVQ,1399.4,9000,590
9P989UJ8,1237.1,8623,590
988Y0QYQU,1287.8,8673,590
8VJQYPQGR,1331.7,9000,590
909Y90GL,1250.6,8639,590
9VGVCJJCL,1389.1,9000,589
2GCJQVJPV,1187.6,8746,589
C8RV909Y,1148.5,9000,589
92CLYPJU,1427.3,9000,589
JC2YLY2Q,1212.6,8581,589
2YVV2RRRR,1148.2,8597,589
90YRVRQQQ,1072.3,8730,589
8GPYURUYR,1168.7,9000,588
RR98RQC,1238.5,8622,588
C9LVC0R8Q,1131.1,8689,588
9CVGLL2Y,1366.0,9000,587
2UUUU8RCG,1150.5,8732,587
82YJCY2C,1284.2,9000,587
UU8VVG0V,1278.0,9000,587
LPC0QRJP,1208.7,8585,586
L2YJ8RGQ,1283.7,8558,586
UVVV8J0V9,1055.6,8529,586
8GYLUCUVQ,1098.2,8559,585
LUQV2YCC,1131.1,8530,585
8J0RGRYC,1337.8,9000,585
JC9ULC9P,1116.7,8500,585
8PG2GYQ9,1395.7,9000,585
UJLPVJ2P,1186.8,8595,585
99URCP8UV,1249.4,8723,585
8GJ0Q98Q8,1209.7,9000,585
8VYU0QPU,1092.5,8530,585
P2880CQ8G,1131.3,8152,585
8JLURV8J,1105.6,8709,584
CY0P9JY0,1342.0,8771,584
YVCRGGY2,1191.0,8501,584
UCJ9L8,1340.3,8566,584
8Q82C9LUC,1110.0,8530,584
LLJ0QG2,1239.4,8653,584
9LLLPLUC8,1238.5,8650,584
RCPLGJGGQ,1290.0,9000,584
28L0QRGJJ,1159.4,8200,583
909QLV80J,1123.0,8500,583
PG0GYJPU,1174.0,8533,583
GULQ9828P,1053.3,8500,583
8UGY2QC8P,1035.6,8861,583
R9G2Q8YV,1248.7,8611,583
9RJL0YVLU,1212.4,8531,582
8VVLU0QL,1336.2,9000,582
YUCYY9UPY,1259.6,8651,582
29CYJVRJR,1202.7,8684,582
2LR9JGUC,1174.1,8511,582
9C9YYU0V,1199.1,9000,582
9QP8QU29,1298.7,8500,582
8RC8UJVY,1277.9,9000,582
QCGVG8JRU,1302.2,8874,582
2UCVGU9Q,1114.5,8674,581
80RGP29R2,1115.3,8708,581
8PCC2080V,760.6,8500,581
8U8QJCLPC,1229.4,8509,581
P2CU22Q,1237.9,9000,581
P9CUC998J,1065.1,8532,581
YULJGCR0,1159.8,8534,580
229YL99J0,1075.1,8588,580
222PP82R9,1109.4,9000,580
8PJ9CP99Y,1344.7,8848,580
YQ00G9VV,1087.6,9000,580
9QGVLPY2C,1319.7,9000,580
2LPJ0QYGJ,1119.4,8532,579
LPGLLJRYR,1290.9,9000,579
PVR2UVQY,1100.6,8644,579
LQGC229Y,1216.6,9000,579
VJYGPJCY,1208.6,8920,579
UGYVRRQ,1219.3,8535,578
JGJGCY92,1202.9,8675,578
88GJQCY8U,1170.8,8591,578
U2YVVR88G,1200.6,9000,578
U8229QP8,1155.7,8530,578
JVU0LJLR8,1167.5,8623,578
2VG09CL0L,1181.0,8560,578
R9Y8URVJ,1249.7,8595,578
2YQCC2GVG,1166.0,8530,578
9JV9Y9JP,1061.3,8500,578
9QC0Y0L02,1222.6,8744,578
GRU9P92,1075.6,9000,578
2YVLGRR9L,1138.9,9000,578
92C2QQPLY,1301.7,8821,578
8922UVU9Q,1392.3,9000,577
R2G8U2PQL,1314.0,9000,577
PJUGGCQL,1294.1,9000,577
PLVVQ8828,1209.0,9000,577
2LCU8R2QQ,1120.5,8534,577
8C2VUPVLC,1216.8,9000,577
22JRJYJG9,1276.0,8530,577
8JQ20U9J,1190.0,8661,577
QR0J0G8CQ,1124.3,8500,577
RJUYGRQGC,1073.4,8731,576
UJRL02UV0,1219.4,8731,576
902CPC9UR,1248.5,8500,576
CJ09CQ89P,1077.9,8650,576
8V9820LC,1219.3,8680,576
G9V0CCJL,1310.0,8645,576
L9V9VRUYP,1166.3,9000,576
9VLQ09PUY,1140.0,8434,576
PU9CURPC,1055.0,9000,575
9PYP0QU9Y,1209.8,8609,575
RRV8CCJP,1080.2,8530,575
VYUG8CPC0,1113.8,8509,575
YUC8UG0C,1224.3,9000,575
RPUL88U9J,1236.2,8645,575
CCC2P90,988.2,8500,575
89QP0VQUG,1247.4,8583,574
CL0GV2JC,1073.4,9000,574
9VCJPJGC9,1207.4,8631,574
JPJQLUL0,1210.8,8563,574
920YGGCR9,1320.8,8664,574
PY0CYVU9,1040.1,8500,574
Y9C22PGQ,1185.2,8529,574
82UU09290,1148.6,9000,573
2J2C00VPR,1125.1,8566,573
88JL0JVC,1361.9,9000,573
9LUQJLYC,1142.8,9000,573
2YL8PCJGC,1281.4,9000,573
PQJJ28LL2,1293.0,9000,573
8L90QVUQR,1255.5,8522,573
RYRG08L,1243.5,8533,573
8C290UP8Y,1184.4,8560,573
290PQ9PJ8,1134.3,9000,572
GVRPPJPC,1220.2,8791,572
9Q20RULP,1283.2,8948,572
L8Y00LUP,1230.1,9000,572
2PU8VYY9Y,1282.6,8818,572
VVV0Y90U,1099.1,8707,572
29UYCLJJR,1104.2,9000,572
88PY22PQ,1170.8,8138,572
2Y9YVY000,1337.5,9000,572
9C2LPY92P,1279.3,8793,572
2J0QLRQ0,1194.8,8652,571
2YPQJRLL,1189.8,8650,571
8GQ0LL02,1160.3,8565,571
288L8UL9,1234.4,9000,571
99GLJU00,1187.4,8568,571
LPG00LL98,1219.7,9000,571
LGRYU0CLU,1107.0,8500,570
U0PUJ0JP,1112.8,9000,570
JLCQCQLJ,1365.3,9000,570
8QU0JQYG,1217.3,8735,570
2RUUYGQ9,1213.3,8523,570
2YLLRU9P,1201.2,8554,570
2LRJCC2VY,1147.8,8793,570
2G092C9PY,1143.9,8595,570
80QJPPVR8,1314.7,8816,570
RQRGQRJ0,1102.1,8480,569
2JQJUVRRG,1228.9,8593,569
8RVGR2UY,1392.2,9000,569
V29RGQPQR,1171.7,9000,569
YL20UJCJP,1098.8,9000,569
L8UCPV8GY,1074.1,9000,568
88PQ2RUYP,1169.4,9000,568
89L0P2JGV,1199.8,9000,568
YPYVVV8Q,1178.6,8623,568
P98R0R0V,1167.6,8753,568
82LCUV0G0,1275.6,8831,568
YQGRQG0J,1127.6,8661,568
JGRR88VP,1224.1,8805,567
Y8JCLPYL,1309.5,9000,567
8QV9G2UPR,1178.2,8530,567
98UP8UVP,1172.7,8690,567
R0YQP8V8V,1263.4,8584,567
8GRPUC9LC,1231.7,8500,567
29LCVG00L,1156.3,8571,567
UCUJLQQ89,1246.2,8653,567
CP9020L2,1354.4,9000,567
8R0LLV9Y,1050.1,8500,566
8Q9ULJY22,1136.6,8530,566
CPVUC0U9,1239.1,8815,566
2LJ8808Y9,1236.2,9000,566
PYCQR0L,1208.8,8732,566
RPJC9UCVL,1295.4,8646,566
2QG0CGRPY,1251.7,8903,566
8Q99QY2LQ,1131.8,8500,566
UJRGPV0LJ,1374.2,8506,565
2LQYQG9JJ,1282.7,9000,565
2UJ82QL8C,1382.4,9000,565
YGL20G2YU,1153.2,8500,565
8UYLVV08,1260.3,8626,565
290YJPPQ,1309.1,9000,565
Q2Y9PCQR,1161.0,8641,565
L0UUV99PV,1094.4,8517,565
2VRYQJUPJ,1250.2,8775,564
2LCQQ00UR,1146.1,8835,564
8UCQ0V0Q,1265.8,8648,564
89GV2L9U,1322.4,9000,564
RC2V0VG,1202.2,8564,564
8QQJV9YL9,1271.5,8500,564
G8JUR8U,1147.5,8212,564
LG2CJLU0P,1141.1,8616,564
2GJG8RLGG,1265.6,8655,564
JYJCV0QQ2,1253.5,8622,564
8LV82GPY,1185.0,8506,564
2QL2U8JQV,1089.4,8500,563
RGVQGV28,1211.2,8590,563
LPV9RCJC,1114.1,8888,563
Y0JU9RC0J,1169.6,8854,563
8P2VVVG92,1181.2,9000,563
20PJ9VQQ8,1113.3,8685,563
2J82P0YC9,1292.5,8790,563
8LPQRVP2,1324.1,8884,563
9989RLPG8,1186.5,8657,563
UVGLR298,1251.4,9000,563
UJV2YVVQJ,1242.3,8793,563
9JVJRVLU2,1258.4,8700,563
CCQYL80CY,1120.6,8520,563
8CQY0P2VQ,1184.2,8893,563
UJPVCCVPJ,1200.9,8648,563
J9QU9JJP,1380.9,9000,562
2LYQC2CP,1126.5,8500,562
JJC9JYVJ0,1087.9,8500,562
8VY88L8UQ,1237.5,8656,562
VRVQQ8,1210.4,8540,562
2U9YG8L0,1420.8,9000,562
GVGGGY0,1591.6,9000,562
8RU0QUVRL,1152.8,8592,562
9CVPYJRRC,1276.1,8645,562
R9Y82CJ,1263.0,9000,562
LU0QQ0CC,1169.8,8540,562
982GGGPGC,1180.9,8500,562
2RRUCQVPP,1079.7,8500,562
8CQ0LCCP2,1092.6,8562,562
200UR0QCJ,1218.5,8607,562
20GRCJU9C,1218.5,8667,561
CPV80QR90,1268.1,9000,561
8C8LYQGQV,1164.0,8535,561
8G8U2LQGP,1149.8,8751,561
2GQ9C09UP,1269.3,8804,561
LJQQJLRLR,1061.5,8689,561
8GRPJ,1342.4,8658,561
UC22YUJQ,1409.9,8920,561
2R2P88U2Q,1175.2,9000,561
9JJV0UPJ,1334.9,8696,561
JJ8YUY22,1239.3,8587,561
8JQCL0QC,1105.2,8500,561
PYYLRCPL,1110.3,8530,560
2L092RUVR,1203.3,9000,560
98LUJCGV,1252.0,9000,560
JQQYRC0,1256.8,9000,560
98CU08PP,1004.4,8500,560
9UR2PRJJJ,1187.8,9000,560
GJ02GCL0,1190.8,8550,560
V89VLVRQC,1309.6,8757,560
2YUU2PYLG,1139.6,9000,560
8P2Q0U2LQ,1412.3,9000,560
2L0PJUVGG,1254.8,8658,559
RV0UL9C,1270.9,8849,559
9J0J9VQGJ,1422.3,9000,559
98QV8L0C,1177.0,8530,559
PYY2GPCC,1135.2,8557,559
P2GL9G8U,1113.7,9000,559
Y088GY8U,1163.0,8169,559
2Y8PUJ8P8,1175.1,9000,559
89UUCCVP,1386.4,9000,559
QPVUJVY2,1149.0,8500,559
2CPQ9JG,1180.6,9000,559
PP2LLPVR0,1256.9,8560,558
20CP8CJ8P,1256.8,9000,558
2Y8YPC2,1250.0,8769,558
2J0YY0C0C,1279.0,8782,558
2L9CLGVVL,1202.0,8621,558
8002VLV0V,1128.1,8500,558
22CP88PUU,1069.2,9000,558
82Q2P88UL,1375.8,9000,558
20CG0UGR9,1262.9,8612,558
9CL8JRYL,1155.0,9000,558
R9L2VRY8,1384.2,9000,557
PGC9PYJJ,1114.5,8708,557
8L0JL0UL,1204.2,8707,557
9JY2J0GP,1050.5,8500,557
282LYQLU9,1160.2,9000,557
20P9C8G2,999.9,8530,557
UCUGU8PL,1081.3,8501,557
208Q28Y8G,1177.1,8825,557
V2GCYCC,1380.8,9000,557
Q0C200V,1239.2,9000,557
8CGLPPVYL,1240.8,9000,557
88GCPQJJP,1157.7,8530,557
P2PQRVGY,1033.1,9000,557
8VPGC9L99,1206.2,8540,556
P2VR9QVL2,1267.5,8625,556
2G0YJQJR2,1256.1,8760,556
9V2P8CQQ,1193.8,8621,556
9PLP88GLU,1276.5,9000,556
9CJ0V88G,1148.0,9000,556
LC0889RC,1460.0,9000,555
8C0L9009R,1207.2,8862,555
UQQ9Y2JC0,1322.5,8927,555
2P008VPG,1388.3,9000,555
YYRR2Y28G,1067.7,8546,555
YGJ0LG2V9,1131.9,8500,555
9CLPLLRU,1322.8,8840,555
299LCY8J,1240.5,9000,555
UUPY0CCGR,1403.9,9000,555
YUUQC0YGG,1264.3,8760,554
2LQ28RCQL,1404.2,8585,554
PLJRQCRGC,1213.2,8530,554
YCGYYYRGG,1256.2,8627,554
2QQVR9PCQ,1114.1,8500,554
9JY99PP90,1155.3,8739,554
CP09QUY8,1165.6,8521,554
8LGLCPPR,1089.3,9000,553
G09GQVL,1233.9,8624,553
9QL99VP0,1184.2,8500,553
PJCYJYL8V,1037.0,8804,553
229JCLYLY,1086.8,8503,553
PQR9CC2P,1077.1,8503,553
2J0P9VJLG,1332.5,9000,553
PQCVPUC2C,1259.8,8417,553
YUJJU2VGP,1277.3,8769,553
209QPY92U,1230.3,9000,552
Q82RPQGC9,1104.9,8500,552
89GCJ2U0,1227.9,8900,552
8Q80YGJY9,1240.1,9000,552
JLPLP9C0J,1204.4,8576,552
882VYPP9,1285.6,8715,552
2YPRG8J82,1136.8,8543,552
8GGQR2V,1275.1,8666,552
RGJC0P0,1193.0,8708,552
PGQJRRPC2,1174.3,9000,552
8V0PCVUL,1199.7,9000,552
8LCLU8JPC,1145.9,8232,552
9RJLCRCYJ,1256.1,9000,552
9UV8G2GVV,1197.9,9000,552
98C929PQ,1154.7,8504,552
V2G0828Q,1350.4,9000,551
RVP0PJQ9,1118.3,8556,551
99RV2PQCV,1112.1,9000,551
8P80UYYLR,1239.4,8525,551
2QV82QYJR,1170.9,8532,551
8V8JQQ0R,1070.2,8505,551
LJ298GPYL,1113.4,8531,551
2QCGCUPGL,1160.3,8641,551
900RQVGLJ,1156.6,8773,551
Q0QR08GJ,1288.4,8808,551
92YJQRJ,1242.9,8622,551
2PJPQULR2,1276.6,8685,550
YPVLJVVUQ,1175.3,8627,550
2C0Y29GJ,1262.0,9000,550
90V8RU8YL,1154.6,8664,550
22VULG88U,1294.9,8807,550
RJVPYCJP,1366.6,8713,550
8RLR9J9,1293.5,8692,550
8QJR0YPL,1114.6,8500,550
80Y0GGRVR,1207.8,8562,550
U2UPC00QJ,1207.6,8662,550
2YPGL9V2J,1206.7,8669,549
8JUQC8CGP,1103.3,8504,549
JL90VG,1155.8,8500,549
8V2CPQ800,1205.3,9000,549
2YV898CJV,1136.0,8500,549
8PL0U22G9,1073.8,8503,549
2GULLGP8,1251.8,8500,549
9Y98LYQJ,1252.0,8584,549
2Y88LYVLG,1237.6,8751,548
898LY829,1327.9,8620,548
9YGL0Y9RY,1236.1,8620,548
8V89LJ29C,1216.8,8617,548
YRQ80LRR,1407.3,8996,548
URY0U8QG,1091.3,8591,548
2J9202L9P,1132.3,9000,548
2RUP8RPR,1340.1,9000,548
JUY8P2RY9,1274.0,9000,548
QV9L9YQP,1163.8,8679,548
Y8VJPUYQ2,1377.6,8858,548
8Y0LYPP2L,1200.9,8719,548
9JV8J0LR,1252.9,8855,547
2QVQUR29L,1224.4,8623,547
9U0QUVJQ,1048.9,8500,547
PPJGP0PY0,1219.7,8618,547
8PC0P0LJ9,1155.9,8530,547
22VRJ0Y2,1336.0,9000,547
8RLQYQ0J9,1393.8,9000,547
89R9G2GGY,1143.8,9000,547
882CC92JG,1191.0,8705,547
2UCJL2ULY,1047.6,8472,547
2YYRCULUP,1217.8,9000,547
C92C0V,1180.2,8558,547
2GLC928GP,1197.7,8682,547
8LQJQRQPP,1152.5,8563,547
P8QPPJUYJ,1267.0,8506,547
22RJCQCR8,1109.1,9000,546
P0QYGLPP,1199.7,8644,546
2R22QQR8Y,1090.9,9000,546
L2YRR98V,1253.8,9000,546
R9V2RVL,1296.2,8797,546
92YYP8RYV,1094.5,8500,546
2U8JP88J0,1315.4,8804,546
2UVG9ULLP,1254.1,9000,546
2292RY9QC,1204.6,8560,546
2YCC8RVVG,1327.9,8760,546
8LLU9VGC,1240.8,8650,545
VJLPQYV8,1284.6,9000,545
P0Y8YQCLP,1080.4,8711,545
2VVVJJLR,1202.1,8546,545
2GR0CJ80,1290.7,8794,545
Y82002RJ,1185.0,9000,545
8GJGGV2C,1316.7,9000,545
229RRQY2,1205.7,8624,545
G0U2J8CVC,1352.5,9000,545
22LC0VV99,1229.6,8852,545
8JVCYVC9G,1429.5,9000,545
28LCPLRJY,1227.9,8591,545
28JU92CVQ,1087.7,8535,544
29YL02G9L,1236.2,8732,544
9V0C8P8Y,1240.6,9000,544
90G9U90CR,1188.7,8653,544
9JJUQ9VC8,1286.5,8500,544
LYCJ92CR,1175.4,9000,544
YR8QYVU2,1329.3,8851,544
2V0L98UG9,1302.7,9000,544
LLQQYQJ8J,1170.8,8617,544
2RR2UQGR,1248.3,9000,544
8RRUYJVQR,1383.3,8592,544
UVYU8R2C0,1185.2,8620,544
8P8V9PG2P,1373.1,8500,543
8RU2CU82,1138.2,8500,543
2P2L0C0CP,1300.0,9000,543
9CYYJ28R,1272.2,8768,543
QR92YJQ8V,1223.3,8670,543
YQ2LLVQ,1190.7,8530,543
289G22PRY,1149.3,8500,543
2YP8VJUUL,1250.4,8500,543
82UQJQYJ,988.1,8500,543
9P8Q28JLP,1243.7,8653,543
QYCQ09UYV,1176.0,8959,543
8CP89VG80,1195.4,8879,543
2LL9GCVJJ,1203.2,8675,543
CC2CLRUJU,1167.0,8523,543
LUYGUV9RU,1257.2,8655,543
89GQY02YL,1321.1,9000,543
9PCYP9QR,1212.8,8528,542
U2GR82UJU,1199.8,8558,542
2L92LCUL,1138.4,8623,542
2R98Y28RV,1261.6,9000,542
2Y8C0Y22G,1356.0,9000,542
8UCCRRGCV,1183.4,9000,542
PLP0L22Y0,1116.7,9000,542
8LPJL028P,1173.2,8611,542
2GGR90QUR,1198.7,9000,541
8P8RVVRC0,1114.2,8593,541
82C2YP8YV,1189.0,9000,541
882PCJC2R,1466.6,9000,541
Q9QPYJCRQ,1261.1,8744,541
CQ0PQCJ8G,1203.9,8565,541
2Y2V0PP2V,1357.6,9000,541
9R8QGRQU,1169.6,8315,541
JVQCJP9G9,1377.5,8905,540
8VVJV0GC,1227.7,8792,540
JR0PL8UV,1148.0,8595,540
2P9UL9RJ,1289.6,9000,540
8CLRC0UC,1124.8,9000,540
9292RGVCL,1113.9,8500,540
CVP0J22QJ,1246.2,8644,540
QQU2LY89,1438.4,9000,540
2RGG8VQJ,1106.7,9000,540
LGQG8RPUQ,1088.2,8553,540
GP8QYPYL,1392.5,9000,539
P0CLPVGLJ,1099.2,9000,539
P0LL8Y98,1064.8,8266,539
28QYLLJUL,1174.8,8712,539
929JUGL2V,1275.6,8811,539
R0Q8LQL,1299.6,8223,539
9YY9Q0V0,1549.3,9000,539
292G998Q2,1158.0,9000,539
LQJR9YGY2,1068.0,8533,539
Y0UJC9GLV,1044.7,8503,539
Q2UG2L2J,1141.7,8500,538
202JLGLQ2,1071.9,8500,538
2LJ2CPR9G,1120.7,8509,538
9P82G9UQ,1144.3,8504,538
209VCRLQ,964.1,8630,538
UJCVQCV8,1090.7,8696,538
RPU99U9LR,1128.3,8500,538
PC2YPPYJ,1135.6,8530,538
92G8LQYJC,1320.5,8799,538
822J9P2R,1209.9,9000,538
2CRJPQYJQ,1352.2,9000,538
8LR2JJLR0,1203.3,8645,538
82J20LL,1300.4,8622,537
QCL2UCGV,1201.0,8408,537
GQG0Y8QQ9,1283.6,8591,537
9QJYYGQYJ,1313.6,9000,537
9UYR0G8VJ,1399.7,9000,537
29RCUQ28R,1222.3,8290,537
8VYJPGQ8G,1304.3,8761,537
8GCPUUL8,1160.2,8502,537
RQLV2YJL8,1095.8,8500,537
RC0Q989GV,1250.2,8586,537
2LG8YPU0C,1110.6,8530,537
9VGL9UQ88,1268.4,9000,537
J2JCU0PJC,1293.5,8578,536
Q89YUGL0,1353.9,9000,536
9RPJJQJV,1201.8,8745,536
8CC00YG22,1197.6,8838,536
8JUUL0JGV,1176.3,8758,536
Q8LJVQRQ,1146.2,8561,536
2UPUP0GPY,1201.1,8802,536
90LQY90L,1194.8,9000,536
PPPL08UJ,1446.5,9000,536
CR2CG0RY8,1341.9,8886,536
8RPQCJPGY,1259.6,8567,536
8GRC2C0YY,1173.4,8508,536
299R8GQVP,1135.4,8533,536
80LP2R88Y,1196.9,9000,536
9G99Q0V8,1373.4,9000,536
8JQ2RUUR,1311.7,8936,536
98GYQJ0Y,1124.9,8500,535
8GL28V8VY,1259.6,9000,535
2UQJG9QC0,1370.5,9000,535
U0QY29J2,1253.3,8578,535
Y2RVR9L,1648.2,9000,535
2Y2C0Y2QV,1233.8,8646,535
2P0G9000,1202.5,8500,535
LP22G8R29,1082.3,8500,535
QPL9YQPY,1211.0,9000,535
9U2JYPCQ8,1269.2,9000,535
80U202C,1186.3,9000,534
P0CJ0GV2,1061.7,8500,534
P8VUYUVR,1145.3,9000,534
2GR0VUJVV,1241.8,8582,534
8CYRV00Q,1160.6,8565,534
80L89JC0Q,1134.9,8588,534
8YV98200,1129.0,8500,534
PCJL2C0Y,1111.9,8563,534
YLLPUY0V,1183.1,8639,534
8R2RYQRYL,1117.3,8521,534
9YQ090VVU,1061.5,8500,534
2G8PLQGU9,1363.4,9000,534
2Y89V8RLP,1150.7,8941,534
9PUJ92VRC,1138.6,8586,533
9V0RGYVCJ,1126.0,8621,533
89C8CL98,970.2,8500,533
QQ88JUJR,1116.2,8580,533
QL0U00LC,1175.4,8902,533
LU8RJRUU,1235.8,9000,533
89PC8ULJR,1202.5,8595,533
89PL0YJ2,1135.9,8709,533
QY22QJ9CG,1345.2,9000,533
2Q09UY88,1239.7,9000,533
2QR0JLPV,1388.7,9000,533
9R0UQY8J9,1217.9,8712,533
20GQQ8YYQ,1150.3,8629,533
YGY2YC2L,1332.9,9000,532
GRP2J2LR,1264.6,8650,532
2R9R0RP2,1277.3,8699,532
209QLYYGC,1245.8,8529,532
QP8990QU,1277.7,8688,532
9R8UY2GP,1268.7,8416,532
PJPJ0YCV,1141.8,8503,532
GRU9280L,1145.7,8500,532
Q2UVGU0Y,1375.2,9000,532
YQQU8PQ28,1384.2,9000,532
PQCPRR89,1241.3,8643,532
PY2YYP9RL,1315.6,9000,532
9GL8YYQRR,1100.0,9000,531
8JL0QLUU,1246.1,8555,531
9L0992UQ0,1293.1,9000,531
82PUJJP99,1158.2,8562,531
QY9J2U9Q,1216.7,8594,531
2LUVRVLYV,1191.9,8793,531
UVP00JYUQ,1307.0,9000,531
CR0CRGRUC,1294.8,8738,531
G9V8Y2RP,1044.1,8500,531
9QGC0CJYJ,1317.3,8530,531
PRUV2CRPV,1165.5,8530,531
JVQU2009U,1166.6,8782,531
9YVRR8GLV,1148.9,8530,531
2LQLC00QU,1059.6,9000,531
JQQ8JLLR,1174.4,8651,531
P99UJ0PVC,1330.7,9000,530
C0PGQPL2C,1232.7,8731,530
2UQGGP88,1260.1,9000,530
89VR9PPL,1283.9,8925,530
LPJRVUL2,1343.3,8825,530
22J8JPPV8,1306.0,9000,530
2LJYJV0,1326.9,8855,530
9080V2V9G,1277.0,9000,530
V92V9QCQR,1101.0,8716,530
Y8J00U8V,1286.2,8821,530
9C2QG0CYL,1287.7,9000,530
8GR9CJYJP,1303.0,9000,530
2U8GUQ9GJ,1024.3,8503,530
9PGLYPPRG,1369.6,8843,530
G2C98GRU,1197.1,8672,530
2208U2Q09,1035.1,8500,530
99CP8PLU,1119.8,8153,530
L2G0JVPRL,1158.4,9000,529
9YV88JQ00,1217.3,9000,529
9JCQLC8LY,1185.6,8680,529
PPLUJ8JQ2,1220.2,8670,529
L9V9LU9LG,1276.3,9000,529
882YYCRL0,1232.8,8758,529
CRQ2PC8L9,1326.5,8761,529
P89J8RG,1133.6,9000,529
Y92LLP8P,1288.2,9000,529
28GQUQRYJ,1203.1,8538,529
PUYGULY22,1134.5,8586,529
828Q8PQCV,1264.9,9000,529
CUG9GPRJ,1323.1,8692,529
9GQPPCUR0,1169.9,9000,529
8G82PRY8L,1054.8,8500,529
2LQ2LU9P0,1187.5,8500,528
9GLGJCLQV,1211.6,8568,528
9PU2RLPYL,1227.8,8536,528
G9QJGJRJ9,1219.9,8754,528
8020VQ2P9,1091.4,8530,528
JUY0YRR2R,1119.7,8278,528
JQR8RCR,1111.0,8500,528
YRVYQGLPU,1301.5,8588,527
8LYPV0UP,1502.4,9000,527
9CJURLC9J,1220.3,8500,527
20RGCQCU8,1176.5,8621,527
20UU0JUJ,1252.9,9000,527
Y20CC9R9Y,1231.6,9000,527
28QGLUPY2,1263.2,8769,527
8Y0R82UC2,1344.2,9000,527
8PJ0RJ8Q,1324.4,9000,527
2VL8YUYJY,1065.7,8798,526
80RYPYYY,1260.7,8782,526
UPR2C8VG,1234.1,8771,526
9C89LGJVU,1270.2,8652,526
2JPCQ82VC,1302.0,9000,526
2P2C0VCQV,1111.0,8657,526
QV8J28,1158.8,9000,526
J0JGLRJ,1122.1,8614,526
298P0PVC,1180.4,8532,526
YY9CYRRU2,1096.3,8500,526
80UCJCYQ,1146.6,8559,526
L09CRYVUU,1204.1,8550,526
2VYUJCJQ,1177.9,8686,526
YVG2V9C8,1141.7,8531,526
RYCRV2YCY,1342.2,8530,526
9VYUCYYCJ,1185.2,9000,526
2UV2U8LPG,1254.2,8825,526
LCUY0Q900,1368.5,8854,526
8L8LR9QYJ,1271.3,8732,526
9VPJYPUY,1196.9,8236,526
2GCLQC88,1483.4,9000,526
LRRRPC0C,1232.2,8708,525
CPU20V0R,1248.5,9000,525
PUGL9RUR,1326.9,9000,525
VGQ82CGJQ,1167.8,8530,525
8G0Q9JC8Q,1139.3,8565,525
9CLUGP8VJ,1173.8,8641,525
QQURUVCYY,1270.6,8870,525
YURVVGR2,1195.7,8257,525
2PVYYGPLJ,1150.2,8530,525
CJYJ922J,1222.9,8530,525
G8JVQRU0J,1221.5,8533,525
8P2U22PGJ,1124.6,8503,525
Y9J02U8R,1289.3,8844,524
CGUYGQCC,1167.0,8613,524
8LY2CQU82,1205.4,8559,524
9LUCLYVJG,1177.2,8532,524
2J089R8PG,1092.2,8500,524
8QVLP9RC,1193.5,8613,524
29VGUVG8P,1359.0,9000,524
9089LPP8,1176.2,9000,524
R2R0GGCQ,1145.6,8906,524
98QLRCUG,1313.9,8760,524
GGUYLPVC9,1134.4,8530,524
2JVVLULQ,1182.1,8528,523
8RUQPJYR,1171.6,8884,523
L88YQUG89,1298.2,9000,523
2RGQGLGJV,1260.9,8648,523
9G29CPJJ,1183.6,9000,523
89PVYVVCL,1172.0,8637,523
29VRPG9PJ,1361.0,9000,523
R0LCY9UR,1235.7,8871,523
98U9R8LJ,1076.4,8000,523
9UL9RUQJ,1187.9,8635,523
2QGVL9J8Y,1242.2,8625,523
LURCQ9L,1081.6,8530,523
YUG88CGYG,1134.9,9000,523
PRGQQ9Y8Q,1155.8,8292,522
20LUY0J2R,1135.9,8500,522
2U2RP9ULL,1113.4,8555,522
2RR2VPJPL,1160.5,9000,522
U0QVPU2C,1236.6,8616,522
9PPYRG9U,1242.8,9000,522
UGJUR8G22,1301.4,9000,522
PYGL8LLPY,1175.1,8500,522
8P8PGYR8Y,1378.1,8859,522
2LQ9Q20RC,1056.4,8848,522
8PYY2QP,1353.3,8800,522
89QP0LJLY,1186.0,8568,522
99GPRRPG,1215.4,8714,522
JCVYGVQVL,1312.4,8747,522
902LQ8VUC,1221.6,8608,522
8R9098R0,1387.3,9000,522
U29QJCYLG,1178.6,8244,522
LU2RRLRC,1202.6,9000,522
C8V9PRUP9,1403.7,8672,521
8RJPVQ2J,1079.7,8531,521
RC2RVC9QY,1159.8,8525,521
UR20V9GYR,1152.9,8500,521
V9VG2YGR,1262.7,8675,521
JQ9GQLYLQ,1210.1,8586,521
22PRYGJP,1200.3,8622,520
LURGL2CJ,1068.7,8593,520
LJPJ8PU9C,1264.9,8704,520
9P2Y909C,1185.7,9000,520
2YYUVVCLY,1264.7,8644,520
20PGQRLU9,1281.2,8614,520
QQQVJGYYV,1113.1,8382,520
J900QP9C,1277.4,9000,520
8QVYLRGP,1377.7,9000,520
809JLP0LP,1137.8,8522,520
LC2999,1327.7,8778,520
YLCR2U08,1113.3,8598,520
8QJ9GRUU,1194.2,8542,520
98RCP09,1096.6,9000,519
CUL0YV,1224.1,8610,519
8P2J8YJCC,1190.5,8536,519
RJ89Q8J2,1203.4,8264,519
PL2PLRULQ,1165.2,8500,519
88JYPQ9V,1357.7,9000,519
Y0G200P9R,1416.0,9000,519
9C8U8C88P,1288.3,8675,519
8JVL0LRGG,1201.7,8647,519
YP9PJQVP0,1129.5,8528,519
8V0RQ98UV,1139.8,8501,519
8GY8YRG2U,1263.3,8751,519
UP8VLU2G8,1023.0,8500,519
80LJJ9UV,1213.6,9000,519
22ULUC82V,1232.8,9000,519
88PULC2JC,1074.8,8506,519
QR0V8CP8Y,1267.9,9000,519
8QYRCU089,1336.1,8778,519
80J8RP929,1248.0,8536,519
2CCL0GY2P,1219.0,8601,519
9R9QJ9Y2C,1312.6,8608,518
229CJUQJ0,1174.5,9000,518
8RJCCQ88,1165.3,8698,518
9LP02VGU0,1370.3,8816,518
2CCG00QJV,1179.3,8527,518
2LQRQRC20,1195.8,8258,518
98R0QLCVR,1217.6,8636,518
9R28Y98UR,1106.3,8500,518
GU82J2L9,1240.6,8612,518
YRRCR9QJQ,1132.0,8715,518
80CVC908L,1072.9,9000,518
8QQGCLCQR,1132.7,8858,518
Q2VPCYU,1371.2,9000,518
L02LLUPC,1281.5,8885,518
YQVG090PJ,1311.8,9000,518
YRGCJQ8C,1235.3,8620,518
292CL829U,1238.2,8723,518
YY98GQJJ,1236.8,8549,517
PYUQ20JUP,1026.2,8201,517
YR8PVVQ80,1089.1,9000,517
9V2CQ92Y2,1218.6,9000,517
C2RLQCC2,1187.7,8553,517
2UL0QGRR2,1319.1,9000,517
JYG8PGUC,1140.5,9000,517
CC0QQG9U,1300.9,8571,517
U2G2P0C8Y,1288.9,9000,517
8LQ9UCLG8,1013.0,8563,517
JUR880UQ,1154.2,8532,517
82LJYCCCJ,1246.0,8615,517
8LUVRRVVV,1385.8,9000,517
2JUY9JG8P,1208.9,8240,517
2PL0YGVCQ,1134.0,8771,517
8LJ90VVCP,1159.5,8501,517
9GUJC0CY9,1221.0,8500,516
88GRQP8YV,1220.8,8648,516
V02U22UGC,1161.4,8197,516
8CYUL28J,974.6,8500,516
8JYJ89QQ9,1321.4,8726,516
YL88Q098U,1257.7,9000,516
L92V82JRG,1217.8,8642,516
80JY20RP2,1149.5,8647,516
QYU2VQ8C,1245.5,8699,516
PLG0RYY9Q,1438.3,9000,516
QG0PLCV8,1099.7,8500,515
9UUQCCRJL,1179.5,8766,515
9JV9R82Q9,1084.1,8530,515
2UY2PUV9U,1282.7,8461,515
UPVRJCGJ,1197.3,8637,515
R2900QY8,1208.3,8834,515
P822VYGJ,1423.3,8647,515
ULQGJVUYY,1234.9,9000,515
89J09GY0,1171.2,8540,515
2PP8L880L,1154.1,9000,515
YRJULC2L,1406.7,9000,515
YPVCGJGQJ,1209.3,8602,515
8QP0CJUJC,1048.0,8513,515
LV020QQY9,1089.3,8668,515
LC9UJ8PL8,1163.7,8562,515
UY2RJC,1296.7,9000,515
9LRCQUP0,1127.8,9000,514
88VL9PRJJ,1253.5,8620,514
2CQVYJ00Y,1077.3,8500,514
PY92Q2CQ0,1339.7,8772,514
2V2VJPL8,1095.9,8644,514
L9VGGPUJ,1134.9,8574,514
J8UYJ0JG,1201.7,8654,514
2JV90V9CV,1251.5,8530,514
QJJ9J0PQP,1300.6,8501,514
UJRR29L9U,1239.4,8589,514
QVVPG2U,1183.6,8362,514
JGCCCJ9,1459.4,9000,514
8LC2QPLJJ,1190.7,9000,514
YV98992V,1329.0,8827,514
888UGU8R,1092.6,9000,513
QQ28Y8VU,1173.0,8737,513
CC92P2Y8Y,1276.3,8674,513
GP8L2Q09V,1099.0,8568,513
9QP08VQUP,1176.3,8501,513
U9JPY288Q,1157.9,8592,513
YQ2VGGP2,1277.9,8745,513
P99PQYJ8,1247.8,9000,513
8VQJCUJ9Q,1215.3,9000,513
Q8YVJPV,1228.6,8649,513
82PG9QLJ,1493.9,8585,513
20VYYRC9G,1261.5,9000,513
9R82CLLUG,1124.0,8767,513
9V0GC29P,1311.4,8718,513
YY892UR2,1161.6,9000,512
CG8YPRC,1118.7,8500,512
2RLQG099C,1108.8,8503,512
2PJ2V208C,1228.1,8703,512
2L0GC8CRL,1122.5,8599,512
GPCULRJ9,1308.8,9000,512
20J9GV2YL,1237.3,9000,512
9LYPGL22,1139.0,8589,512
R0JL8Y8C,1233.4,9000,512
JQ0RV898L,1243.7,8584,512
GCR2V9YCJ,1049.6,8500,512
2JQL8CUJ,1176.4,8500,512
P988C9RV0,1241.0,9000,512
8YPJYRJRL,1153.7,8586,512
YLURV9G9,1240.0,9000,512
909J0YGG,1066.8,8532,511
8R0JVPVQ,1321.6,8842,511
PR8JJVYG,1243.9,8627,511
C0PRY0PVC,1237.2,8557,511
LURY9L2Y,1221.0,8528,511
VPQVQP,1217.1,8614,511
2P8YCUY9P,1278.1,8536,511
LLLP9UVL,1110.2,8762,511
2RVLJR8QC,1126.3,8580,511
8UV0C2UPU,1229.8,8650,511
CLJUVP9R,1217.6,9000,511
JLGRCU0R,1135.2,8533,511
VJY9GCLJ,1180.7,8553,511
2QRG22RV9,1248.3,8638,511
222JCQJP2,1237.6,8556,511
9JJQ22R,1138.9,8500,511
YQ0J2YJG,1232.8,9000,511
RQRCP9YRQ,1166.9,8718,510
GJYLVUG,1191.7,8592,510
8PLPR2L0,1172.6,8580,510
9CRY2R98C,1261.1,8332,510
UG0LR2GL,1138.0,8585,510
J92PCCJJU,1156.0,8199,510
9YPV0CPLY,1226.8,8524,510
PGGPL0U0G,1245.2,9000,510
GYYPQC98R,1222.3,9000,510
92G9Q2YQ,1173.8,9000,510
22YCGGQP2,1267.7,9000,510
2CJCRUG90,1173.7,8500,510
9Y0PVU0UP,1239.5,8705,509
QJ82QJJ8,1249.7,8647,509
2QUUVYLJ,1135.0,9000,509
P9LU9UPCG,1187.3,8534,509
2RJG922GJ,1601.0,9000,509
280L9VUP8,1115.9,8533,509
YQRCJQU2,1139.4,9000,509
GVYYJP0J9,1108.4,8533,509
229QRPV9,1094.3,8580,509
PL9P9Q9,1216.1,8737,509
9Y9CYLJ0P,1209.8,9000,509
2J8PL99YJ,1193.2,8561,509
2G9J0VLG,1315.4,9000,509
90PJVQ0RU,1232.3,8656,509
9Q0CUV8YY,1209.3,8826,509
YVVJJYLVG,1108.7,8530,509
8V0QRGCUY,1173.7,8555,508
99RG0C2JC,1386.9,9000,508
9P80G9Y2C,1257.4,8692,508
28RRC2RJJ,1262.4,9000,508
LV2YLU92,1028.4,8529,508
292L0C8C,1127.3,8594,508
2GUVQU9L0,1153.7,8500,508
YP0JYUUPC,1226.9,8623,508
GVCL0LP2,1345.8,9000,508
9QU09V8C0,1290.6,9000,507
99LC9LR2G,1171.9,9000,507
2YPPYLGPJ,1193.6,8733,507
2V2GLGG2,1196.7,8592,507
9LQVPG2R,1154.0,8533,507
290J2UU28,1272.4,8676,507
2RVCQGP9,1071.7,8184,507
8PPYUVCR,1136.8,9000,507
P8CPUYGQQ,1094.1,9000,507
PYY9RCPPU,1253.0,8337,507
8002QP28C,1338.8,9000,507
98J9P8YJP,1334.6,8679,507
20GY8JPPU,1085.3,8563,507
2YYVR2VVV,1339.6,8855,506
YLCRL9L9,1064.7,8763,506
80998UQUY,1336.6,8576,506
28YYYY828,983.7,9000,506
8PJLJGUU,1177.3,8563,506
88Y89LYJ,1182.0,8414,506
2Y2PCP8U,1102.1,8141,506
9YUR9QUR,1236.4,8500,506
89RCVQQGG,1171.4,8588,506
2PRU9L8L,1257.2,9000,506
99Q90LV0J,1147.4,8596,506
GU2GJ2UP,1204.9,8562,506
PYPQ9J0Q,1204.5,8726,506
RGQV0L0Q,1119.8,8500,506
2PJ8YCCYP,1191.6,8553,506
UCCGUYV8,1205.1,8565,506
90V8L8VYY,1145.5,8531,506
Q00RCCUGL,1273.3,8121,506
CQ20JJ98,1405.7,9000,506
C8G2VQR,1156.2,8553,506
YYVUJCRG,1162.4,9000,506
UJQ202U,1063.9,8500,506
Y29JGQ2,1160.1,8801,505
8LQ808LUY,1167.5,8532,505
9YRJGC8UC,1251.1,8755,505
92RL2Q22,1159.3,9000,505
82CC08J80,1197.0,8235,505
C9G0VYR,1285.4,9000,505
8PPY0P8U,1257.2,8847,505
L2GUU9JRV,1299.2,8605,505
JPC2RLQG,1157.2,8555,505
L29CL9CYL,1085.3,8501,505
PY90GU9C,1305.1,8765,505
Q2L0JQR,1450.9,9000,505
PC2289L,1236.9,8704,505
2LYRLQQY,1280.1,9000,505
98JYG9C,1203.0,8562,505
PG0LYJG9Q,1209.4,8706,504
PV2PPL99,1110.2,8617,504
G0PLRUUL,1144.7,8646,504
P2YQQQQGR,1252.4,8716,504
20YP8VQC2,1402.1,9000,504
PLRUQP0,1151.3,9000,504
28JL0R0G,1261.4,8719,504
980RGLGLR,1281.3,9000,504
GVQLJYYU,1251.3,9000,504
2UUGY2PG,1333.3,8807,504
8CJUJV9PU,1213.9,8635,504
2QQ00CV0V,1170.9,8792,504
CJV0VG8V,1401.7,9000,504
G22PJVY,1282.2,9000,504
99CRP90R8,1227.6,8134,504
9VCR9R0Y,1160.5,8500,504
9JQGV2GUR,1163.4,8530,504
Y8CCC0V0V,1097.8,8534,504
2QCLYRUUY,1059.7,8591,504
2U2JRGL8U,1253.1,8664,504
88Q9C8L0G,1074.5,8530,504
28R80QQVG,1299.1,8688,504
GU9YVJ9C8,1254.6,8838,503
90CGVJQ0,1204.5,8592,503
Y8RP9J2G,1134.4,9000,503
GQQVJJJ28,1188.1,8549,503
82UQ9CRJR,1257.7,8589,503
82VRPLY8V,1117.0,8533,503
J08Q9PCG,1073.0,8502,503
LVQQ9LC,1258.5,8680,503
8G2U98LP2,1174.6,8228,503
LCV9PUUJ,1077.9,8500,503
9JJPJQJY,1165.2,8596,503
82YQGY8U2,1210.3,9000,503
V80GJC9L9,1202.1,8500,503
RCVPPG8P2,1391.5,8500,503
9UV20PV88,1273.2,8154,502
2YC9ULJQJ,1150.2,8110,502
QQUJCUUC,1328.6,9000,502
Q8LRQLJL,1124.9,8536,502
2JRCGY2QR,1244.9,8561,502
R0R00YG8P,1235.6,8638,502
YGCPCL8U,1295.6,8780,502
20RP2RJ8G,1392.6,9000,502
2QRCYL2L,1140.2,8202,502
8VLVQLQJC,1320.4,9000,502
YPYQQ2Q9U,1378.1,9000,502
LY0CGRJ8,1211.5,8767,502
80V9VRPV,1276.5,8620,502
2YVG8298R,1110.6,8785,502
889LQL8VC,1232.1,8619,502
2G2PPC8Q,1126.2,8792,502
8QG0C8YJJ,1250.8,9000,502
9YJCJLGL2,1245.4,8560,502
8U2CGC,1285.6,8830,501
LGC8R0LGL,1303.5,9000,501
88G8R28J,1203.7,8535,501
8P9PPLPPY,1414.4,9000,501
2YPQP9QV8,1180.1,8533,501
929P9LCR9,1238.3,9000,501
YPRUCL8VR,1067.0,8500,501
9J9UQJP2C,1282.0,8652,501
80VGY0RVQ,1319.8,8769,501
82CRRC2,1082.6,8500,501
VGCV8GLJV,1148.8,8532,501
2GCYJPUYY,1027.2,8500,501
PQQQ02QC8,1348.6,8863,501
20UVVJVV2,1154.8,9000,501
8U0GQQVUG,1299.6,8939,501
PY80QVG9L,1139.7,8590,501
J9PJJCJJU,1343.1,8808,501
8ULURJRQ0,1243.4,8594,501
VP9QU8L8,1272.2,8613,501
G0UYCUGLP,1330.9,9000,500
CQYQ22GU,1199.9,8520,500
C28Y0JJ8,1182.3,8507,500
2G9GCCQYL,1159.1,8674,500
VPVV02V2,1049.5,8527,500
8G0CUVVC,1198.6,8767,500
8L8RVLUQQ,1195.5,8589,500
8CQVUVPPC,1147.4,8500,500
QJVR2PP0Y,1238.7,8640,500
LY09YQCYU,1165.0,8500,500
929Q0RLP,1206.6,8500,500
20YQL988,1439.2,9000,500
PQYQRLG2,1303.5,8783,500
2VPYCL2R,1199.3,8526,500
PG98L0U00,1162.9,9000,500
2CGVGGLG0,1234.4,8673,500
2GRQ9VV8R,1316.6,8727,499
Y2Y98GGCJ,1294.7,8747,499
PYGGUUG9,1228.4,8658,499
GYCJRP8R,1247.5,8331,499
892G8VJ9,1181.2,8704,499
9C2VRL2Q,1166.7,9000,499
2Q88JQLC,1344.3,9000,499
92P2LRUL,1113.2,8530,499
CCJR88GU,1168.2,8544,499
8U02VRVQ,1190.2,8324,499
QULL8U9QY,1104.6,8500,499
2UVQ2V8J,1160.7,8139,499
YUCPCGLVR,1234.3,8618,499
P08Q8UVUR,1201.1,8500,499
Y0R8JUCQU,1142.5,8500,499
YVVRRGV8P,1277.7,8785,499
PCULPPVLR,1127.1,9000,499
PQGL20VQJ,1184.6,9000,498
Q8UUQUUL,1066.1,8567,498
PPCJP90PL,1162.7,8745,498
20Q98QVRU,1214.5,8649,498
2GGY0YR8V,1240.9,9000,498
8JUUVR0C,1149.2,8614,498
L0YL8PUG9,1338.8,9000,498
CVC20PRC,1030.4,8685,498
YJ092YUVQ,1150.4,8828,498
9G0YGRJ8Q,1157.3,8506,498
2UGRG9VRR,1284.2,8677,498
U2U9QQQP2,1289.0,9000,498
YPQJC8LQ,1083.3,8322,498
2PLVGJ82,1303.1,9000,498
Q8Y9YYG98,1260.6,8721,498
GGPV9PG,1419.7,8824,498
8G98G82P,1083.8,8501,498
8CJYY9VLL,1185.3,8562,498
RJJLRUYL2,1245.7,8680,497
L8YQUYJ,1212.1,8588,497
CC8YVVGQJ,1252.1,9000,497
2V0C20QCP,1269.6,9000,497
2RUGCJJ0C,1260.3,9000,497
2JGQU8J29,1249.5,9000,497
8CR8R9R8,1245.2,8743,497
8G0YRY80R,1092.8,8032,497
L8PLRYGQ,1186.1,9000,497
VL0PRYYVP,1217.5,8613,497
8CPRJ028,1083.4,8500,497
88CY2UUU,1218.1,8586,497
PJPYQY9YG,1097.5,8500,497
8VRQY8QP,1185.2,8536,497
LPLC02JJ8,1350.7,9000,497
9Q2JLLQG,1280.6,8791,497
P0UUVV0Q2,1220.2,8736,497
888Y29R2U,1261.4,8815,497
99P08RCJG,1090.2,9000,497
LYLPY29LP,1148.2,8500,497
LQLUYQLV,1208.2,9000,497
PVJYUR9L,1034.1,8320,497
P8VRYY2Q8,1063.7,8503,497
G8GGV92,1150.7,8612,496
P8CQL2JQR,1122.8,8500,496
CYJLJYP,1300.7,9000,496
PL8VYGU,1184.6,8793,496
9CQJ8QYQ,1277.7,8734,496
8L2UPYGGQ,1178.1,8538,496
2Y2UPPGUU,1218.2,8714,496
U0UVQCYL,1123.6,8532,496
2PJYR8CY,1223.7,8558,496
29JQ80GVJ,1263.5,8677,496
YV8LQUV,1150.6,8935,496
2RCVVV2J2,1176.9,9000,496
L9L2YVPCP,1209.6,8647,496
8GUQP0UJU,1049.8,8500,496
LRJC2GPU2,1278.5,9000,496
8QQ0YULQY,1232.8,8675,496
PCLV0CUJ0,1256.5,8694,496
8CPLJ0PG,1141.5,8328,496
PLYC8PVY0,1188.7,8654,496
PV9C92U2G,1225.1,9000,496
U8YP0LG2,1209.9,9000,495
URGJ9Y8JQ,1131.7,8503,495
CQVLGVGR,1306.3,8597,495
22RUJL9CY,1322.6,8828,495
8VPR80Y,1146.3,8232,495
2J8LYVJ20,1196.7,8566,495
2JCGP98G9,1268.4,9000,495
R8GRQC2Y,1410.7,9000,495
PYRQCYJYV,1188.5,8551,495
29V8CQ20,1202.2,9000,495
9GQRJY09V,1292.4,8708,495
JJRG9R2QV,1313.5,8556,495
C2C0QL02L,1116.5,8502,495
CGVG20QGQ,1262.5,8596,495
2U28U9P2P,1149.5,8206,495
8G8QCJ9YV,1300.4,8816,494
RULR09RP,1308.9,8881,494
99JU0LVPV,1336.4,9000,494
8RPQC8LUC,1175.4,8586,494
YC9QQLPL,1382.4,8738,494
YCPVVUP,1283.1,8702,494
P2PLRG8GJ,1261.0,8609,494
8RU8CYUL2,1210.7,8632,494
8PGCU9GGP,1181.8,9000,494
202G9QC9J,1377.9,8733,494
RPR2QCPU,1112.0,8710,494
JVYLYLC8L,1304.0,8622,493
2209JLLRG,1294.8,8727,493
90Y8V0UY,1303.1,8837,493
GCPRR8YR,1179.9,8502,493
L0YQCJUC,1204.9,8863,493
CGL8U0V0,1123.0,8181,493
YLQU008LG,1180.7,8174,493
PLYPGG8V,1137.6,8560,493
P2CJ9RVRQ,1246.0,9000,493
VV2UVRG8,1361.2,9000,493
9C98RPUGU,1245.1,9000,493
99VVJ2CL,1264.0,8706,493
Y922JQLG,1127.7,8587,493
9VPC880QP,1330.5,9000,493
8V0Q88QJ,1101.7,9000,493
PP009ULVV,1072.6,8500,493
JCL29GU,1302.9,9000,493
9R2PLG9G2,1108.5,8581,493
G2UL89Y9Y,1129.3,8531,493
2RJQ9RRRU,1207.2,8642,492
Y2V99QPR,1280.9,8639,492
2QCGYLRY,1147.3,8617,492
80JP9VVCC,1429.0,9000,492
9JY98QCV,1297.0,9000,492
808YPC9VQ,1106.8,8500,492
YLY82GUY,1355.8,8509,492
2RYQ8V80,1286.1,8549,492
G28VRUQ2J,1288.2,8712,492
JGLL00RJ,1330.9,9000,492
J8Y92C2,1216.0,8769,492
JJC09UU8,1203.9,8700,492
P22LUL8RL,1258.1,9000,492
C9VPCVYP,1177.9,8683,492
8LJ9YJ2CJ,1321.6,8721,492
VG9L0PJ,1123.1,8589,492
2G8JJ009V,1275.5,8709,492
PRL0Q828,1224.0,8647,492
V20RJVCV,1319.8,9000,492
C09V8LU,1238.1,9000,492
2Y9J0CJRV,1393.8,8908,491
292Q02JVC,1266.4,8500,491
YL0VYLP0J,1068.6,8619,491
8R9980RPL,1209.3,9000,491
908RQ8QQG,1248.7,9000,491
20RL8QJ8,1211.8,8302,491
PYRJ9UUUR,1096.4,8500,491
RQ9RJPQY,1211.0,8620,491
CJY2JPC0Q,1283.5,8730,491
L9YY9VR,1341.8,8714,491
8RVJJGRPU,1269.0,8647,491
2V8YR20C,1199.7,8647,491
908L9P9C,1218.8,8587,491
2CJLLQVRC,1144.1,9000,491
288JGR9CJ,1195.7,8560,491
UQYVCVQUR,1077.2,8559,491
UYYCLGLL,1075.3,8530,491
990RPY9R9,1020.9,8503,491
2J2G2LULL,1201.0,9000,490
2GP2QLGQQ,1180.2,8695,490
G8GJQJYG,1314.2,9000,490
P0GVQG0JU,1282.8,8550,490
GGGQRPRJU,1282.3,8820,490
PV8LC2U8U,1209.0,8833,490
8J2GJ80V8,1030.3,8500,490
YURYGJ0UV,1413.1,9000,490
RPLPL20U,1051.6,8207,490
99LQ828J9,1343.3,8885,490
2GL0RYYUL,1251.0,9000,490
99JLYGPV0,1328.6,8763,490
2J808U9CR,1206.6,8586,490
9U08VV2L,1138.1,9000,489
PCP099928,1466.6,9000,489
28Q2R0LL,1047.0,8720,489
8YLRP8JV,1058.8,8901,489
8PP2LURLY,1252.7,9000,489
828YPLJJC,1262.9,9000,489
YR8VPUCV,1180.9,8567,489
YRC9V08R,1065.3,8666,489
22LRYVPC2,1182.4,8571,489
9CL0CUGP,1225.5,9000,489
LRU2J9V2Y,1141.2,8500,489
R9LJ0R2V,1305.0,9000,489
9PRJQLG0,1217.7,9000,489
VYY9JVCJ,1265.5,8619,489
PC0C2LUG0,1213.7,9000,489
2CGYJJQ00,1226.5,9000,489
8LC0VVYG9,1257.0,9000,489
28U29JQR0,1294.7,9000,489
PQURRYGQU,1222.9,8567,489
90R090GR,1244.1,9000,489
8QCY9VPC,1266.3,8530,489
PR98CUUC8,1140.8,8531,489
RYGG8PYJ,1113.1,8373,489
LPYUUCUGG,1322.5,8768,489
RJ8J0LVCJ,1164.6,9000,489
PPGQGLQ9,1438.1,8943,489
9Q2VGYJC,1322.3,8769,489
8G8C9YU0,1233.8,8500,489
2G92J9VUV,1208.3,8583,489
2QGP92P8P,1354.9,8538,489
PJLCYR8R,1184.6,8530,488
2J8VGQCLL,1283.0,8658,488
CCV2YJPY,1117.0,8705,488
PQYU02JP,1229.6,9000,488
GRL22CL8,1247.0,8750,488
UGRGJL0G,1080.9,8813,488
8P8VCVJV,1224.2,8705,488
9VCCGCQRL,1362.8,9000,488
2JJPRCVCQ,1135.7,9000,488
RQQ9LLGGY,1274.7,8642,488
9YRQYCLG8,1356.6,9000,488
8RGG2CPJQ,1257.4,8779,488
2PLQ9GVJL,1128.2,8358,488
YLY0UCU0V,1101.9,8595,488
GQRYCU200,1452.2,9000,488
9Y9CLLC80,1148.6,8647,487
R99RCCLG,1007.3,8566,487
LLVCCC9YG,1339.2,9000,487
29YC2Y9UC,1289.4,8413,487
YV889VY0,1402.0,9000,487
8GP8V8JRG,1113.6,8500,487
QC928Q22U,1127.8,9000,487
V2LQGCJ8,1237.6,9000,487
22U90VUC,1278.8,8563,487
20LRUY2V9,1276.7,9000,487
8C8VVGYPJ,1225.6,9000,487
L9CCCLG8,1121.6,8530,487
9890PVC0,1319.9,9000,487
9VVGLYLVP,1058.1,8500,487
8YJPRU2U,1115.7,9000,487
U82YQR0RG,881.8,8500,487
VVVQ8CU9,1294.4,8712,487
29Y22QPYR,1155.4,8161,487
8JLG99QP,1264.6,8708,486
8JPQ2QGVQ,1228.0,8799,486
2828UY20L,1189.2,8531,486
2L28R0JV,1228.3,8753,486
909LC9LP,1283.6,9000,486
QCV022Q9J,1128.9,8597,486
9Q80UQ2P,1287.1,9000,486
JUY0RP0LY,1280.1,9000,486
J2L8CPGC,1193.5,8589,486
9PVPJ8PP0,1314.0,8850,486
9UL28U8RG,1133.9,9000,486
888QG20LG,1136.1,8756,486
YQ9LYLU,1330.0,8860,486
8LY8PU09,1146.5,8533,486
2UYLGVJ80,1231.0,8662,486
P0PRJ29RR,1214.7,8607,486
UJLJCQRYP,1100.2,8500,486
2Q8VVYJVY,1142.8,8551,486
20YP82UYQ,1258.2,8503,486
R28VQV28J,1090.5,8530,486
890CV0YY,1229.7,8724,485
88Q0JVVRJ,1303.0,8654,485
8GCLL8P2,1112.6,8667,485
G2CR8RJ,1139.3,8663,485
88P9RVYU8,1227.5,9000,485
R2VCQLCG,1288.7,8821,485
LL99PJU9Y,1090.1,8500,485
2LP220G08,1032.3,8500,485
8J09C0JU,1241.0,8557,485
QJPLPG9V,1109.0,8683,485
82PVJJRJQ,1083.8,8530,485
UVVQPP2QG,1193.1,8625,485
JG2CU2PY,1056.0,8500,485
P82R8UCJ,1375.8,8848,485
LQ8C90V9,1126.4,8500,485
L28PYG8U,1257.8,8840,485
LRC0JYP2,1224.2,9000,484
2LJJJGLL,1327.7,8688,484
2CP20P99,1150.3,8531,484
80U8P98R0,1325.6,8683,484
9YYPJ9P2L,1308.0,8730,484
9CQQ29PQ,1061.3,8500,484
8LGVUL0U9,1148.1,8560,484
P900CPQ0,1138.6,8710,484
PCVRVLJCU,1391.8,9000,484
RJGVUJ0R,1359.1,9000,484
RRJGP8U9,1218.1,8652,483
QGJULR8,1246.8,8615,483
2G8GL0PPQ,1314.4,9000,483
QVQQ808,1267.0,8680,483
98Y82QQV,1228.7,9000,483
92P0L00PL,1352.3,8769,483
9PCQY9L9R,1312.2,8857,483
2GG0GG8YQ,1105.0,8714,483
9LLCQ8RQ,1069.1,8621,483
9PG0V09C,1237.5,8795,483
GGVP0QYRU,1064.2,8722,483
LGU0RYL8,1358.5,9000,483
2YCR2GQVV,1412.8,9000,483
2LYRVGVJ,1284.9,8639,483
29VC2YLJ8,1154.9,8500,483
9CLYU8C0C,1147.4,9000,482
P20YLP2G,1252.1,8642,482
8982C9PPV,1192.2,8500,482
U90CRP99,1225.3,8705,482
YCPVVJ0L8,1298.3,9000,482
2QG80YLV8,1270.8,9000,482
2YJRU88,1153.1,9000,482
90PCUR0PG,1287.9,8622,482
8LJR9Q9Y2,1523.3,9000,482
L98C2JJQ,1206.3,9000,482
8JGPU9LU,1397.5,9000,482
2CJCRVPJG,1287.3,8578,482
2LG9CJYL,1068.4,9000,482
2LR0LQRGG,1297.5,8779,482
QV2PYL,1405.6,9000,482
2UJ8JUY8,1134.8,9000,482
LJ0P8LJJV,1269.2,8426,482
8P92QGYQC,1251.6,9000,482
2YY28Q2CP,1332.9,8858,481
88JCGJRQL,1154.5,8613,481
RPLGUY90R,1283.1,9000,481
200L0G9VV,1156.7,8833,481
9L0PVPQV,1207.4,9000,481
9P9RC0L8P,1272.1,9000,481
28CURJYPG,1125.0,8756,481
Q0VLP28J,1379.9,9000,481
2JPQJUCPP,1145.9,8500,481
RYG2VUVP,1140.0,8500,481
9GJRR88PP,1293.2,8805,481
8JJ9L8P8C,1284.5,8683,481
82UQJR92V,1217.7,8860,481
282YG2G8,1169.5,8591,480
2VCPLURRR,1295.4,9000,480
2CUUCJVPJ,1360.7,8935,480
90QVR9CVR,1122.3,8413,480
JPGUYG80P,1157.3,8756,480
9L8YQRLVJ,1236.4,9000,480
88280Y82Y,1201.1,8591,480
RY2J029UQ,1185.1,8500,480
9C098CY9Y,1205.2,8873,480
R98LRY9YR,1236.8,9000,480
8CY2LULP,1043.9,8587,480
888CPPL9J,1104.9,8500,480
PP0GVJRG,1153.9,8565,480
9P2292CVR,1288.7,9000,480
YPYPVLP2U,1296.6,8751,480
2V9QPG9V,1242.0,8583,480
CCRR2RV8,1114.9,8530,480
YGPPCLRV2,1123.7,8500,479
VRR89VYYU,1177.1,8741,479
20G820UL,1192.1,9000,479
JQGPGG9CP,1318.4,8701,479
V99J28QY,1241.4,8562,479
2PLU0G0G2,1279.9,8702,479
U0PL8Y20,1381.9,9000,479
8PG000U0Y,1127.8,9000,479
9JGRYVPRQ,1173.1,8500,479
V9UJGVQVY,1248.4,9000,479
C2LLVYJL,1160.3,9000,479
8R08J2VQ,1115.1,8684,479
U2GQYPJJ9,1187.3,8571,479
9YRGCV0LU,1294.5,8780,479
U0J2J889V,1146.3,8622,479
2VLGL9RVP,1246.6,8353,479
2QVRPQCVV,1266.3,8622,479
8JYG0GLJ9,1306.2,8565,479
2CV02UVVR,1157.8,8565,479
2280L8VQL,1001.3,8530,479
8V8RPG2LG,1147.7,9000,478
2VQUY22U0,1193.7,8583,478
Q2LVP2VP,1135.8,8740,478
P9822PU9,1159.1,8326,478
2JGLLQRGG,1335.6,8648,478
92PG0PQQ8,1324.4,9000,478
GCYP2VQ2P,1162.3,8500,478
CLPYJJGV,1248.4,9000,478
P2YJVUU,1200.1,9000,478
YYQLRU98,1208.3,9000,478
9P9YR2UQC,1245.4,8643,478
2C9Q229C,1329.4,8005,478
V9PUVGP2,1277.5,8795,478
290UGU29L,1306.0,8621,478
9922RJV0,1247.7,8682,478
GQG20RVLR,1002.7,8163,477
PQYP9L0Y,1257.6,8504,477
882JLQQU,1351.9,8734,477
8U0G0J8GU,1094.6,8500,477
8G802QP0,1165.5,9000,477
C9LQ299C,1164.3,8566,477
LYJ98GYR,1044.5,8500,477
QUL0RV9GP,1212.3,8676,477
LQ29YV,1383.9,8825,477
8G2YUYQ2,1206.7,8634,477
8VJVRUJJ,1126.5,8592,477
90QP0C9UQ,1194.5,8877,477
2C8VCG90,1224.2,9000,477
CY88GUG8Y,1215.2,9000,477
Q2LJ2UPJV,1072.5,8392,477
LVYCGJYP,1218.0,9000,477
LYRGUCR,1313.7,9000,477
J8RVJ9Q,1304.2,9000,477
8GUVPU20G,1227.9,8678,477
Q2Y2GYYJ,1181.3,9000,477
RP8J20G2,1232.4,8585,476
JGUR0JQ2,1246.1,8590,476
2L0L0CCCY,1137.3,8753,476
28RQGUGRL,1057.9,8697,476
8CJL22LRG,1139.1,9000,476
UVUGQCJUY,1183.5,8583,476
Y0PYJJQJP,1330.6,9000,476
8298VJ80,1262.8,8560,476
90QRYR89J,1330.6,8793,476
2GC0QYPY0,1239.7,8588,476
LJV00VY2,1245.2,8586,476
22R08P2GU,1301.2,8750,476
U828JRQJ,1137.8,9000,476
2CG2L2UG,1209.3,8614,476
29UQ9URUG,1072.0,8500,476
229RCGPJG,1245.4,8561,476
LCJYLV29,1139.2,8064,476
8PJ0280R,1220.9,8605,475
P2CL9090C,1412.6,9000,475
JPRG8GJPY,1085.9,8526,475
Y8UCRRJ,1193.1,9000,475
882G2Q0V,1099.1,9000,475
PYP9YGRY,1260.0,9000,475
RRJJLGGG,1221.1,8587,475
2VCLLCGPR,1124.2,8642,475
8JQCQVUUP,1247.0,8565,475
9U9C0RLY,1155.9,8621,475
90G2UYLLP,1219.0,8587,475
GGPJ2PPL0,1166.7,8269,475
2R2VCCQ0,1209.4,8753,475
88YRLVRYP,1315.1,8756,475
CQ0J82JG8,1315.4,8770,475
PR0VCP89V,1026.9,8559,475
YG298JGP,1255.0,8639,475
8QPLU8YC,1410.0,9000,475
8P9YVY88L,1166.3,8723,475
9CVU2JYP,1274.5,8763,475
8J99RPJUU,1224.6,9000,475
99PYLQY2U,1221.0,8729,475
9UUVQCPPP,1260.5,8645,474
8Q0PL0PVJ,1224.6,9000,474
89R2UURR,1188.9,8531,474
YYVG9UULY,1280.9,9000,474
8RLG22GP2,1210.4,8790,474
L0U99QJC9,1209.1,8565,474
CQJGQC20P,1209.5,8617,474
PQUU2RC29,1261.0,8668,474
8U9YRLYPU,1179.7,8632,474
PRPRQGU2,1249.6,9000,474
8CUC9V0QC,1289.5,9000,474
C82L8RGL,1280.0,8760,474
2PGR8UYU0,1180.5,8528,474
P0L2JV9RL,1315.1,8752,474
L8U9GV90,1165.8,8533,474
PLL8LGGJP,1278.4,9000,474
9LJ0CP9UP,1137.6,8210,474
90VGJYCY9,1226.5,8612,474
Q0LG9RVC,1417.2,8741,474
2G9QRQPGV,1235.9,8638,473
YJ0YV0LC,1270.6,8816,473
9VPV08G8,1290.7,8841,473
P80V0UG0P,1204.5,8680,473
L0LRJJQC,1283.8,8746,473
200UUVRRV,1315.8,8702,473
22JRUPVJQ,1229.0,9000,473
8PUC2LQCC,1372.5,9000,473
J90JPCLR,1113.7,8555,473
P2U8JQCG,1099.4,8500,473
28J989UGV,1123.5,8568,473
CGG0LU92,1160.2,8479,473
8GPC0QJ,1048.9,8590,473
2CRLGCUGJ,1109.9,8622,473
29YCCUQ0G,1312.9,9000,473
2UUJ0Y8YJ,1119.8,8138,473
2PQ82RQU9,1105.1,8704,473
8G02QJLQ,1163.8,8500,473
2LYC0QLC0,1260.4,8860,473
J0QPVJVP,1219.7,8615,473
GL928G8,965.2,8500,473
90RYV2LY,1285.6,8722,472
9JL9LJU9,1283.3,8648,472
QGR0YYLL,1014.9,8500,472
90UQ0RP,1223.8,8580,472
UR2PPLU2U,1442.8,9000,472
28209JQ0,1221.7,8586,472
9CYJRCLJC,1196.2,8622,472
C89Y98GY,1140.5,8500,472
PJJ0G000,1241.6,8651,472
9JUU8UY2R,1164.1,8619,472
8QGGJUQJ,1242.7,8677,472
PGPV08L0,1063.5,8532,472
P889YL92Y,1251.8,8580,472
8QGULJCP,1358.5,9000,472
98UJL9YY,1120.1,8500,472
9YQUULPY,1163.9,8528,472
92GP0JQC,1094.2,8378,472
9LV00G2PU,1131.5,8560,472
P2GYGCCQ9,1286.0,8814,472
PRLLCPLVR,1355.5,8606,472
VR8V9CPQ,1242.1,9000,472
G20VC02R,1312.2,8905,471
P9JGJQPYQ,1329.0,8787,471
2UP88JJLP,1172.8,9000,471
2JUCCVVR8,1149.4,8502,471
G2V8RCLJG,1200.6,8534,471
2CCRVR9YQ,1221.2,9000,471
8LPGP88U,1182.4,9000,471
YV9VCGJQC,1242.0,9000,471
VVJRUYC9,1163.9,8529,471
8YP0RGGPC,1274.5,9000,471
8G0VJ2YP,1240.3,8689,471
L2URRGUYQ,1279.3,8500,471
9QLUR2JQ,1206.8,8819,471
9J2820LP,1280.0,8744,471
90PLCLJ2V,1289.3,9000,471
2J8YYV0CY,1307.7,9000,471
PQCJJJPP,1323.5,8722,471
90UY2R,1124.5,8521,471
VCGLQ2JG,1251.2,8627,471
LRV2RLV,1072.7,8503,471
PQ09UCRLJ,1158.9,8533,471
2QY2QPCVG,1189.9,9000,471
9P9RP9P88,1202.5,9000,471
GRU090PQU,1326.2,9000,471
20PCCJ88P,1157.8,8531,471
29LP2PQLY,1169.4,8563,471
YJYYJRY9,1210.8,8765,470
9VCRYCGV2,1236.2,9000,470
9LG8RPLG,1274.7,8705,470
PLYGG0VR8,1262.6,9000,470
822UJQV8C,1367.0,9000,470
88C0QP2Y9,1284.3,9000,470
YUVLRPL,978.8,8500,470
RPGQG0GLJ,1214.2,8708,470
YQLR922Q,1271.8,9000,470
9QGY0UYV,1250.1,8528,470
99VQ0L2PG,1236.0,9000,470
8Y02YU0Q,1162.0,9000,470
2UQR2VYYQ,1309.5,8772,470
UV2JJRVCQ,1333.7,8741,470
UCVPQJ0J,1120.6,8500,470
2J0PQUC2R,1124.4,8702,470
VYQU8RP8,1070.0,8463,470
RCYJQ2Q2L,1310.3,9000,470
CCYU80LP8,1040.0,8592,469
8QJCLRVV0,1140.6,9000,469
8G080CGV,1174.3,9000,469
92QG2LLQ,1324.9,8761,469
280VU8VRJ,1161.2,8560,469
J8G80VRJ,1315.9,9000,469
9GJLGQ22V,1162.0,8500,469
9UJJV9L9R,1097.3,8530,469
GJC999P,1065.8,8501,469
9CGC89G9,1184.8,9000,469
QRJ2C29RR,1124.1,8770,469
PQ0Y2RQYL,1208.3,8925,469
9CP8CR88Y,1313.3,9000,469
9G00UUCPV,1189.5,9000,469
PPRUPC8V0,1247.2,9000,469
9UPG92JC,1305.8,9000,469
LQ8V0URP,1239.1,9000,469
L0JJVJJ8P,1105.4,9000,469
PQUC98Q8,1233.4,8500,469
VR9C2G9U,1226.0,9000,469
8G2C8UYVQ,1350.5,8857,469
8RP89QU8,1224.4,8701,469
VL28Y9J,1344.6,9000,469
8GCRYQYQ8,1255.1,8509,469
YY0RVYJ8,1254.5,8664,468
PJPLUL9R0,1214.4,8557,468
2RQCPL00,1328.3,8739,468
RJ920GYU,1271.8,9000,468
YGCUJCGYL,1063.4,8135,468
YY8GYUR,1174.7,9000,468
QCG0V9VU0,1341.2,9000,468
8UY28209U,1223.9,8277,468
8J99Q9G2,1198.7,8625,468
LGG9LYUYP,1259.7,8750,468
2RYL2LL2P,1219.8,8500,468
CU0JPPCVP,1260.5,8848,467
VLCRGY,1266.2,8696,467
29PURP0C,1187.3,8560,467
808V29JL2,1194.0,8735,467
2R29PCPQJ,1260.5,8652,467
2GLG8802J,1294.5,9000,467
L80092U0,1250.6,8625,467
C92U8GV,1248.1,8695,467
PVV0VGY00,1169.6,8314,467
89G2CPLU,1054.0,8503,467
PPJRVC8R8,1422.9,8616,467
2U0YURL,1272.8,9000,467
222CQG80V,1251.7,9000,467
YJY28QL8Y,1211.4,8500,467
8PYLVLULY,1297.6,8808,467
8G2RYR80,1172.9,8331,467
RYUR0Q09,1065.2,8535,467
P0L2J2YGJ,1254.2,8618,467
2YLP9PULQ,1102.0,8530,467
80CQ0CLUR,1304.5,8530,467
80VRVV9R9,1199.0,8560,467
LCPR8V0,1036.8,8109,467
J0GGV2GR,1158.9,8740,467
PLV8PLPQC,1408.1,8820,467
2RUJG8CRG,1353.6,9000,467
P8Y928GC9,1281.4,8819,467
208Y8U9,1301.6,8588,467
YJJCJPQ2,1382.8,9000,467
PQUYG0UC,1332.6,9000,467
20JPG9RJU,1222.7,8654,467
8P29V0YUP,1406.5,9000,467
LPLQUPCV,1180.2,8507,467
P00U80C0L,1215.3,9000,467
J0GPC2Y8,1183.8,8536,467
8JRQVRGPY,1353.3,8804,467
80RCV98,1187.1,8829,467
89PYJLLC2,1495.9,9000,466
UQ2QUU8Y,1114.9,9000,466
L9L2C08Q,1219.0,8589,466
LJ8VRGQRJ,1210.8,8549,466
8JQ2QPPG,1152.4,9000,466
9YY8U2YLY,1189.9,8612,466
VG0LV9JU,1210.9,8560,466
2JC2LJQCR,1222.0,8296,466
G8Y0YQYR,1223.2,9000,466
YJGQLLVU,1119.1,9000,466
RJR0YL22,1202.3,8675,466
VV89VR8V,1124.7,9000,466
2C80GJV8,1177.7,8530,466
PVLQJLLGC,1280.2,8587,466
CYVR098R,1277.4,9000,466
92CJ82YQR,1311.0,8619,466
28YG8UV9L,1345.7,9000,466
UP9CGJP02,1264.3,9000,466
R8Y99GYC,1291.2,9000,466
2YYL2PLGJ,1324.9,8808,466
YUVCUUUV,1274.9,9000,465
JCYPJ99G,1270.0,8703,465
P0Y2LU2P,1155.9,8557,465
2CRQ8UC8L,1327.7,8825,465
L9PGUYVPJ,1198.8,8500,465
YCLQQP28,1090.5,8653,465
8002CRP9,1421.8,9000,465
L8J9UQP90,1176.9,9000,465
9G8CYC88L,1103.2,8320,465
2LLRRQYPG,1370.2,9000,465
80LYCJ0V,1267.5,8500,465
PYU8LPVVL,1246.8,8629,465
2V22RYVYR,1432.5,9000,465
8GGUGP2GC,1147.6,8562,465
VJL9089R,1226.8,8630,465
98Q89R9J0,1170.2,9000,465
2R0C2PR2P,1208.8,9000,465
C8URQCUR,1302.5,8845,465
2VVC0VVL2,1155.2,9000,464
8LY8YC0L,1262.7,9000,464
VJ0Y8UP0,1090.6,8500,464
YPGVLGLC,1154.2,8776,464
U8GPR22L,1127.4,8530,464
G0LL2CY8,1272.8,9000,464
2JQGG8YJ9,1216.5,8706,464
P8R8R0Q9Y,1278.5,8734,464
2GYR22U00,1374.5,8811,464
JJCYLP9C,1155.6,8188,464
9GU280Y9P,1249.7,8500,464
RRJYYL2P,1332.9,9000,464
CG0QQLG0,1232.5,8660,464
98RL9YJ2J,1320.9,8844,464
J2YCJ802,1186.4,8500,464
8UCUG8JYP,1131.2,8505,464
92YU9VYG0,1243.1,9000,464
8RJ9J8922,1277.7,9000,464
JJCQLLRCJ,1201.4,9000,464
JJYYVP22G,1241.2,8592,464
20200YG2L,1278.1,8679,464
98RV8Y8YJ,1163.3,8500,464
2JUU8C00,1293.4,9000,464
U9LQ8P8L,1066.2,8730,463
P2C0P98J,1020.6,8111,463
8QRJCLLV,1247.9,8579,463
2J9GYC098,1187.5,8594,463
90CP2PR8P,1131.7,8500,463
U9UQVLR8,1338.5,8943,463
98082LCCV,1313.0,9000,463
2CPLUVJCG,1217.2,8184,463
88Y0QJP8G,1055.5,8500,463
8GPJGQ0VL,1162.5,8619,463
Q0QVJ0RJ,1165.9,8591,463
2YQQVYPP2,1219.3,8557,463
22JYLLLQR,1311.2,8824,463
C2VGCGQJV,1338.1,8847,463
P2JQLRYYU,1334.5,9000,463
GCC822U9Y,1233.1,8500,463
PQ8JLYU80,1173.7,8568,463
R0YJ22YQJ,1141.6,8757,462
UY90RR8LU,1352.5,8711,462
YY202JR80,1293.6,8664,462
2RUV8CP0,1202.1,8527,462
YUJGJY,1368.1,9000,462
2GQLYUJC0,1074.7,9000,462
UQVQLUJJV,1139.4,8559,462
2UPLL8R9J,1364.4,8816,462
RGPP8PQ9,1210.9,9000,462
C2PQC9GJL,1264.5,8741,462
2Y9JJ0VGY,1226.1,9000,462
8UVR0LRV,1385.2,9000,462
2YCJP9GGV,1177.2,8704,462
80RP0Q2R0,1249.5,9000,462
20JV882J,1130.0,8594,462
UJGJL8PP,1215.9,8742,462
90LQ9CC0L,1249.2,8530,462
82CGR299P,1194.9,8560,462
92L2RYLGG,1155.1,8618,461
82GRPJ8VL,1226.2,8500,461
88RV9L28,1251.6,8708,461
LY0UYVL,1210.1,8531,461
9YYYP9PC0,1183.4,9000,461
8QCYCRJQ,1284.9,8886,461
R909L9PG9,1204.8,8348,461
2YQQ99PC,1104.9,8500,461
J28GG9J8,1303.9,9000,461
LRCC8JG,1208.0,8616,461
L08U8RC9Q,1366.7,9000,461
2Q99CV2R0,1233.7,9000,461
YG2YY8Y8,1368.4,9000,461
22QY9YRVV,1167.6,8797,461
2Q80P09P,1244.0,8562,461
8QQYJ0JPP,1182.5,8606,461
PJLP0PU2J,1203.9,8500,461
LL9LVP0QU,1323.8,8823,461
92LLYCUQL,1124.2,8588,461
8LJ8P8LCV,1249.6,9000,461
88JJ0YG0,1218.8,8730,461
QJCJPQU9,1275.8,8463,460
8CQ8LVJVR,1086.0,9000,460
8QG2PVQG,1258.5,9000,460
UPQYQL8Y,1194.6,8668,460
CGP0P8CC,1299.7,9000,460
9JU0G09LC,1332.7,9000,460
8GGLJL2PL,1294.4,8414,460
29028VVLV,1120.4,8825,460
2YVLG9YCU,1268.7,8685,460
YCY2JRR,1209.5,8784,460
9CGVV8LGV,1339.3,9000,460
29VPPC9R0,1190.2,8593,460
9V9UVLJJY,1249.5,8677,460
2CJJQUPYG,1270.1,9000,460
P0P8JYLC,1279.3,9000,460
P8GUV0RU,1121.7,9000,460
LCGJ0CCJU,1224.3,8593,460
P9PQ2C9Y,1258.2,9000,460
UV8P9UR8,1133.5,8524,460
2ULVLG2Q2,1295.8,8747,460
880PUYP90,1164.7,8555,460
CUGLJUYUY,1244.2,8612,460
92990P2JV,1149.1,8466,459
2VYQUY0P,1305.0,8878,459
99Y90PQR2,1255.5,8276,459
99LL2VYCL,1146.2,8264,459
J92UVPY,1247.7,9000,459
CLPCGLL2L,1197.6,8500,459
9L8RLJP9R,1064.9,8500,459
QYV29UUGC,1226.8,9000,459
YRUCVCYJ,1152.0,8537,459
LR89YG9C,1326.9,8911,459
2YG2YGJQ,1163.9,8589,459
CRYC2UQ2,1391.9,9000,459
8Q9LY89,1462.9,9000,459
2JGQYL90Y,1200.4,9000,459
2G9QU8028,1098.3,9000,459
90P9YYQ8V,1267.8,8530,459
U0CLJGP,1182.5,8584,459
8YGPJV09J,1173.1,8242,459
YYPU8RVC,1044.8,8679,459
PGC9RLP2,1226.6,8511,458
LV92Y82U,1224.0,9000,458
8LV8CCUL,1306.5,9000,458
9JYU8PYQV,1313.7,8650,458
290PRQVRG,1382.2,8860,458
8PY9GCCLP,1039.5,8500,458
2JV0U2VR2,1372.6,9000,458
PRRY2Y8,1145.0,8610,458
8UPC88CGG,1341.5,8621,458
2CCY0UCLY,1257.3,8741,458
2LPGYQPC0,1233.8,9000,458
9R9PQ9GUR,1145.4,8801,458
JJ09G80U,1262.6,8718,458
Q28U8LVL,1143.4,8672,458
VLVGJ022,1111.5,8500,458
2RC88LCL2,1119.9,8500,458
2ULR2R8UJ,1136.1,8813,458
QGGQCYRU,1400.8,9000,458
2R8JQ8RJG,1326.3,9000,458
8YY2090C,1271.5,9000,458
QV9YGQ9U,1291.2,8724,458
99GLG2RYR,1229.0,8648,458
99GVP0CGV,1156.9,8589,458
P0YJ8CG0R,1161.0,8556,458
P8L9UQ8V8,1150.7,9000,458
2G9GYPVQ,1128.0,8500,458
GRQ8J2J9,1146.1,8560,458
GRC2RLRY9,1296.6,8552,458
P9JVYVYYJ,1344.2,8500,457
GJ22GQ9,1267.6,8707,457
982CJVLUQ,1172.7,8560,457
9CPQQ99C8,1206.8,8556,457
9YGLR8VQ9,1214.8,9000,457
LL0G08C2,1407.9,9000,457
U98R889P,1221.1,8378,457
2R2C8CL0Q,1234.4,8652,457
R2VVJV0Q,1176.5,9000,457
80Q99JJJU,1113.9,8248,457
Q8UQJ29L,1004.8,8500,457
Q0L0RC022,1214.0,8590,457
2YGRYPQ80,1201.3,9000,457
PQ2YGCC9L,1088.3,9000,457
2LV9GCLP8,1294.3,9000,457
GL9VYVG9V,1183.9,8530,457
8YYJGYUPL,1134.8,8569,457
9ULRPQGG,1198.5,9000,457
2QUPVU9YR,1188.5,8562,457
9LC0JY8C0,1269.4,9000,457
8J0C02UJL,1149.2,8560,457
8CCGQC2U2,1270.3,8535,457
90YQY8C0,1257.8,8727,457
C2LLQ88RQ,1168.7,8289,457
92PCQRPC,1103.1,8503,456
GJV2L8L,1325.3,8904,456
QVYU02Q2,1516.0,9000,456
CQPPQ00U,1273.6,8677,456
8U9GUL2JY,1118.8,8232,456
VYUCU98C,1238.7,8693,456
8CGLRLUY9,1153.1,8500,456
8C9G22UJ,1127.2,8615,456
2JPRCGUJG,1139.7,8500,456
22JUQU2VR,1271.3,8741,456
LGQQ9PP9,1310.6,8819,456
9892QV0VL,1484.8,9000,456
20G02CGP,1114.9,8558,456
V2UPR2L9,1258.9,8735,456
PGRGJJV2P,1258.7,8642,456
PQRQRPQQ,1153.6,8561,456
2RRPYU9,1203.1,8613,456
90URPUGQ,1170.7,8626,456
90QULLP8P,1059.6,8589,456
YRGVJ8R9Y,1252.1,8805,456
G2QJY8,1206.3,8618,456
CQR88UL,1298.8,8715,456
99VR08YJ,1320.6,9000,456
99Q08YQC,1127.4,8587,456
209RL009Y,1127.0,9000,456
LYPCU2P9,1082.6,8500,456
289CY92QY,1205.7,9000,456
8VRUQ098J,1223.0,9000,456
8YRVY0QP9,1213.1,8742,456
8C998QRP9,1330.9,8727,456
92JR2G8Y,1029.0,8545,456
2VJ2L2G2Y,1158.9,8501,456
822LV8QGU,1157.1,8549,455
2G99CY09,1506.7,9000,455
28UQYL8VV,1202.4,8627,455
9CU2CR80G,1283.4,8540,455
VQ02UG0U,1215.1,8601,455
YGJ2QY9LG,1206.0,9000,455
80UR8Y2VG,1071.7,8099,455
R92LULY8,1143.3,8658,455
L8P28UQR,1149.1,8628,455
P0092VCJV,1221.7,8608,455
PCRYVCU8P,1398.7,9000,455
P2P89P8,1232.5,8191,455
YJJPPJVVP,1256.1,8773,455
8Y2R0VYLU,1167.3,9000,455
L82V2JU,1190.6,8580,455
YVCV9CLL,1335.0,8761,455
9UR2YVU8V,1284.0,8616,455
CC9Y20VG8,1253.1,8530,455
CCJ0LGCCG,1170.2,9000,455
PCCG80VY,1227.3,8535,455
Y8R2QQUU,1080.8,8501,455
8GRV8CQ90,1208.7,8704,455
2L0009R8C,1269.0,8751,455
PQPRU9J8J,1136.2,8824,455
VVCL0GPQ,1068.9,8548,455
2QUV0280L,1213.1,8839,455
89R988YY2,1243.4,9000,454
2CLJQ8YJR,1141.3,8564,454
9P9VU99Y,1221.1,8644,454
889UUCRLG,1138.7,8558,454
Y0RLR02,1322.1,9000,454
2UR2GUJ9V,1076.1,8530,454
Y088VYCC,1147.4,8594,454
282PLUGP9,1194.3,8296,454
8CJYGRVG,1149.2,8645,454
80JLC022,1114.1,8558,454
P9RG2P2U,1121.0,8118,454
VJQV0PU,1283.7,9000,454
9P2C2JC0,1351.3,9000,454
UU8CP0UCY,1114.8,8671,454
V0JU80R,1244.1,8641,454
9URLUJ0L,1252.0,8700,454
9URLY8QQC,1320.4,8855,454
9GCR08R9Y,1105.4,9000,454
RLGQC9RL,1292.5,9000,454
PC08JLC,1157.8,8505,454
LL29C892,1264.8,8674,454
28UVQJ8,1195.9,8541,454
8UC2YPUJ,1126.0,8143,454
PP8QPUGRP,1420.5,9000,454
8UG0CU22J,1158.8,9000,453
9V0QJVV2,1249.9,9000,453
YPPU9JRP,1126.2,8501,453
8Q2CJQYYG,1286.7,8562,453
JCLPQJPU,1164.9,8460,453
2JYJR80G,1112.7,8563,453
PC2RCPJY9,1376.4,8892,453
PVJ9UQ89Q,1275.9,8500,453
22PLCRJR8,1254.6,8745,453
PCQGRLU0,1275.0,8554,453
RVPPVPVQP,1283.1,9000,453
88UCGCG0G,1257.3,8845,453
PUYJ9YJUR,1200.9,8752,453
9GR22JPR,1322.5,8793,453
QJP9UGQV9,1267.4,8550,453
9QRYRLVPY,1374.4,9000,453
PPC8C9L9L,1220.1,9000,453
9RUQVL0YC,1178.3,8265,453
82QLLP2CQ,1262.0,8620,453
20Y08UJR,1301.5,8647,453
8Y8V9VVYY,1166.8,8584,453
28CVQC9QU,1237.2,8535,453
2VLJ2JR9U,1150.9,8531,453
RLQ9JPGR,1496.6,9000,453
9RCV8RJY,1216.9,9000,453
JYRQQ8RG2,1192.8,8624,453
CGY2GQ2P,1122.8,8556,453
2VYCYLG,1115.8,8614,453
9QCR8LVRU,1185.9,8590,453
9UR80298G,1196.3,9000,453
VQ2R0JUC,1189.8,8920,452
2P0CP2Y9,1066.7,8555,452
8GQQP9PV,1264.1,8707,452
9VLU88YY,1146.2,8731,452
90Q8PUUGR,1110.3,8500,452
89CQQLCG,1169.8,8595,452
22CG8U9VY,1101.8,8500,452
Y2U0PLR98,1240.4,9000,452
9LCRJCP0,1182.3,8603,452
Y29JC8C,1163.8,8838,452
80UGLYLCJ,1183.8,8532,452
LLVR0J8LJ,1202.8,8586,452
YPCL0VUC9,977.2,9000,452
LQQYVGLLY,1181.9,9000,452
2YG00PPC,1240.8,9000,452
JCJGJGVG,1071.8,8503,452
G9PP2CQG,1098.2,8533,452
VLV28V9P,1133.9,8144,452
V802LPC0,1203.1,8538,452
G2YCQ0RQY,1129.8,8530,452
9P0CJ8RCQ,1277.3,9000,452
2CY8QJY8U,1202.7,9000,452
G90R0CLP8,1146.8,8612,452
PVPLR9GC0,1071.2,8500,452
YG8Y9PU2Y,1239.2,9000,451
QLQ899YQ0,1056.4,9000,451
80QJGGGP,1251.3,8577,451
2Q8C28R20,1256.5,8826,451
2VUPR9VR9,1240.9,8645,451
92Y9PY29,1287.6,8651,451
89CJR0YV2,1189.7,8594,451
YCPVJ98V,1208.9,8657,451
YRVRVQCPC,1364.9,8500,451
8R8YLYV,1326.7,8741,451
9RJ892PR0,1194.9,9000,451
VQ9PCPJ,1341.7,8797,451
92LGGRCUY,1338.6,9000,451
LU09GY92V,1258.1,9000,451
92GJ2CY2R,1418.7,8718,451
GGCJ0CC9U,1320.2,9000,451
22PRQU2U,1175.1,8579,450
G0YVYUYUQ,1034.1,8680,450
28JGUP28L,1212.6,8733,450
20RY98GCQ,1168.4,9000,450
J90LVJ08,1271.1,8500,450
822PYJYJQ,1187.6,8641,450
2UUVRGPQY,1319.3,9000,450
GJR82LLJ,1203.5,8298,450
UJQPRJ08Y,1217.2,8500,450
2RPJ2GL9,1243.3,9000,450
2CQULVPUY,1109.8,8594,450
VPV0J8UU9,1194.5,9000,450
8LCGV9U2V,1321.8,9000,450
2290QQ2RG,1218.7,8866,450
YPR9QP9CC,1370.9,8500,450
UPY908CLR,1133.7,8506,450
89QL0UJP,1360.4,9000,450
2RUYV98VY,1301.8,8675,450
2UR8JUCLG,1212.7,8675,449
YUGVLQ0P,1132.5,9000,449
2GYLRVQYJ,1328.4,8769,449
YCVUPUV00,1053.1,8528,449
PPY2QGGJ,1279.0,9000,449
V9YYY2CC8,1153.0,8559,449
G9GRLGLU,1077.9,9000,449
2QU09P2P,1208.9,8559,449
LY8CLQU9,1307.6,8789,449
URYJ2RPR,1204.1,9000,449
2G9RCLGYL,1068.7,9000,449
2CP0R99JY,1152.6,9000,449
CPVQR2J,1287.3,9000,449
9UYQQVV2,1249.7,8695,449
8JJ0UPCJ2,1198.7,9000,449
2UCQULRPJ,1083.0,8924,449
2G8Q992LP,1307.0,9000,449
8LRJ9GRL0,1246.9,8633,449
9GRVYVJ9Q,1198.3,9000,449
890GJ9L2,1138.7,8500,449
Q02YR2CVV,1148.9,8232,449
20Y9GRL0,1164.1,8500,449
GYPP8CYC,1128.5,8500,448
9R0LY0YP,1300.2,9000,448
2U8CCLU0,1352.4,8642,448
2PVP9QRLY,1169.3,8774,448
80CV2V0V,1242.5,8622,448
UV0CYPJ8V,1169.8,8530,448
90YPUC892,1220.9,8533,448
QVQ20P92,1106.4,8560,448
8CVLLU029,1230.0,8593,448
80G9UPGUJ,1230.5,8634,448
8G90JGY80,1321.4,9000,448
90C2U2R8C,1320.5,8733,448
2JVLGPRG,1155.8,9000,448
9LGVYRV2,1412.8,9000,448
2L99C92G,1192.7,9000,448
C8LGYQ09Y,1185.4,8801,448
8RRQVUPCG,1351.2,9000,448
P9PUPV9Q,1273.9,8593,448
8Y2JGG908,1068.7,9000,448
8LP0VPCQ,1209.2,8610,448
PGLGJJR0,1145.8,8113,448
9CR0CLYJ2,1066.9,8500,448
U9P20R9,1328.9,8783,448
2UPPVUG09,1442.7,9000,448
2JYCCLCVL,1140.9,8557,448
9PQ02QYC,1110.2,9000,448
2R9YLQ8JL,1156.1,8500,448
2RQ28CY0J,1157.0,8500,447
2LCV8CLQV,1300.6,9000,447
2RRLUP0Q2,1147.1,8502,447
2YGJRC0G9,1351.9,9000,447
9JUYPPQLP,1125.2,8598,447
UYR2J0JP2,1302.5,9000,447
2R8JRJRCY,1231.3,8564,447
GY0G8YLLR,1218.8,8566,447
QQQCV88GG,1395.1,9000,447
8Y0Y9G90,1308.3,8565,447
LU9PPQGQR,1242.8,8559,447
8UJU00RPP,1179.3,8530,447
8289PCRJ,1156.6,8735,447
P09P8L9L,1245.4,8531,447
CLL2UG2G,1119.4,8547,447
Y8RL9JU00,1466.7,9000,447
L9002GCGQ,1154.9,8500,447
90UYPQC08,1214.7,8783,447
8C9RYR8,1399.8,9000,447
GJ9CGVCC,1476.9,9000,447
2CYVUJYQ,1131.5,8342,447
980L8PPQ,1304.8,9000,447
L0VCUCQ,1136.2,8527,447
9CJ8GLRJ,1248.3,8459,446
GCR2VV2U,1265.8,8574,446
9VYYYCJY,1364.5,8808,446
8Y29GUPC8,1233.3,8337,446
PGG22PP9L,1210.0,8663,446
99YRCUV9Q,1233.2,8597,446
YCYL8922P,1288.6,9000,446
PJ822CCR,1156.2,8625,446
8GCP9Q0JU,1233.0,8642,446
YYR2800LV,1251.3,8501,446
JLJ2QJ8,1356.9,8796,446
2PRRGLCU8,1290.2,8940,446
GYL0RP90,1319.3,9000,446
9U980YLLP,1286.3,8610,446
8088RRUC2,1161.6,8590,446
V8UL2PV20,1485.1,9000,446
Y8LRQV8GC,1335.6,9000,446
QPYR089V,1212.2,8850,446
L002G2CG,1093.8,8534,446
R8LRRGUPU,1124.1,8376,446
2RPPCQVQU,1369.6,9000,446
8VYCQQYV,1151.1,8432,446
Q0J8C8LG,1359.0,9000,446
8C98PVQ92,1222.9,9000,446
2QCQ2JL8,1293.0,8731,446
8GCRV0CPP,1210.8,8617,446
8CR8GPC9,1276.7,9000,446
992YVPP9,1373.0,9000,446
8P09G8CP8,1254.4,8690,446
2YVQ0UGRY,1230.5,9000,445
JL2PR8G9,1306.0,9000,445
RJUVV0R,1237.5,8705,445
2JQU2U8J2,1063.6,9000,445
2Y92PCYV,1195.6,9000,445
28VGPYYYP,1262.9,8681,445
8LGPJYGYP,1317.6,9000,445
8J98JUVLP,1281.2,9000,445
2RQ2VYVVP,1040.5,8500,445
2G2PL9J8Y,1155.2,8538,445
2JVQRPRYG,1238.8,8428,445
9PGGL89Y,1375.7,9000,445
QYQVR8YUL,1252.2,9000,445
8LVGY2GUY,1152.8,8122,445
YCV2882P8,1235.5,8510,445
2C9RYLC0Y,1346.6,9000,445
2U82LVRP,1284.3,8721,445
89JGPQL8R,1207.0,8735,445
9JLUJC9PQ,1150.6,8530,445
P9P9VU2Q,1278.7,8704,445
PLUL8V988,1241.3,8650,445
GRJ2LQYY,1182.3,9000,445
QCVUQPCV,1091.8,8502,445
20VRJGC9C,1286.8,8808,445
2PLPYL2CQ,1188.2,8511,445
2Q2JURLVU,1310.6,9000,445
PV8Q080G,1183.7,8506,445
P0Y9G9PQC,1175.3,8532,445
8YQVRUP2,1135.7,8534,445
UYGYPL2Q,1297.8,8707,445
8CYLQVJJP,1315.3,9000,445
2VUP9YPLP,1160.1,8590,445
9YJ0YQU8,1276.8,8644,445
RPRVVPGY,1290.4,8846,445
JYR8PJQ2,1228.9,8648,445
80QRJVQ2P,1179.5,9000,445
8V2JGURUP,1149.1,8584,445
8PUV29YVP,1198.8,8566,445
2ULYQ9C8G,1221.8,8759,445
L28GCUGP,1108.1,8042,445
VGPVUGCR,1284.6,9000,444
9YJ0CQLC,1301.6,9000,444
8P29LPV8Y,1375.3,9000,444
8PLV2VYJ,1266.5,8652,444
GJRYRJY8,1142.3,8500,444
2L29CGY0L,1209.8,8625,444
PGUGGY9V9,1216.1,8788,444
88PUQCVLQ,1086.0,8530,444
9Y809V82P,1190.1,8555,444
80J09RLLR,1307.9,8771,444
QJUGJRQVG,1270.6,8842,444
2PC900J8C,1349.4,8825,444
80JY9GU2Q,1206.6,8824,444
829UPCLUL,1152.5,8618,444
2UPG9L2VG,1151.4,8636,444
2CY8G008C,1244.1,9000,444
L90V89Y,1215.5,8500,444
2JCYQ2J8L,1100.2,8566,444
2QY200YU,1277.7,9000,444
22QG9LPY2,1117.1,8621,444
R9L00YPQQ,1117.7,8850,444
YJV98Y9PJ,1170.5,8656,444
89RRGJRV,1238.7,8630,444
GCJVG8JU,1214.1,8721,444
YC90V9R2,1205.5,8407,444
YGYVQ2C0,1015.5,8500,444
88R8Q80Y,1249.0,8537,444
9CV99V0PY,1222.1,8764,444
PU802J0R,1222.7,9000,444
89GPUVR0Q,1196.2,8880,444
2G8U89CG0,1290.1,8738,444
GGY8GGUU,1168.8,8716,444
YCPY0JLY,1251.8,8591,444
R9RRQQ09,1043.6,8500,444
8LPGGJ0L0,1155.2,8528,443
2PPJG022Q,1117.6,9000,443
2RLVYV8GU,1238.3,8530,443
2L808PUR2,1342.5,8792,443
U8PGU9CP,1126.7,8505,443
2PRJ0RQ,1134.2,8500,443
8PPVLQPY0,1120.2,8239,443
P0VGVRUG8,1223.3,9000,443
2VPUP0Y0J,1149.7,8589,443
YRVRJG8P,1270.4,8758,443
80YG29RUV,1115.2,8508,443
P9VCQUUQ2,1413.8,9000,443
8GQGCVC2,1127.3,8500,443
LQ20J0YJ,1311.5,8675,443
8PY8P99GR,1163.4,8500,443
90V0CVY2U,1209.4,8559,443
QGCVG82,1128.4,8500,443
2L8V8RPP,1291.5,8599,443
JVG80Y0,1239.1,8653,443
P0QPRG0R,1100.2,8558,443
2LJY8GLVV,1158.1,9000,443
V9QRCLVY,1142.9,8530,443
8G0822QC,1233.3,8595,442
GU089C8CQ,1162.3,8549,442
P0QQVJR2,1053.4,8633,442
RJ2YV9YU,1143.6,8870,442
VYYYUQQ,1305.4,9000,442
GUGUY9G0G,1114.0,8500,442
9GRCP2YR,1524.0,9000,442
GRVCC8QL,1122.0,9000,442
LGV8UUL89,1267.6,9000,442
Q0PPQ0P0J,1393.0,9000,442
8V2JL0LUQ,1171.0,9000,442
2CYJGYRCP,1218.1,9000,442
829R8GC,1173.8,8521,442
CU9V8L0RY,1259.5,8733,442
Y0GY8Y0R,1150.5,8682,442
LU0Q9YRLL,1172.9,8637,442
V8UQYPGV,1239.3,8936,442
8G90R0UJY,1352.1,9000,442
9PCUPUCGV,1269.8,9000,442
Q8CY8LGGU,1252.4,8500,442
JCRCQ20C,1282.1,9000,442
QQLPLCCR,1280.8,9000,442
YPRPUYY82,1374.6,9000,442
V8899G02C,1399.5,9000,442
98UGUQ0Y,1217.3,8356,441
9GQL9899Y,1307.2,9000,441
G99UYYCL,1150.9,8652,441
V820GUYG,1158.9,9000,441
YUGPJC2YU,1175.2,9000,441
P2CPJVYRP,1231.3,8559,441
RLC0LP0R,1270.6,9000,441
9JCVCCRGQ,998.5,8530,441
2G28LR2JC,1134.8,8500,441
RLC0LYYP,1357.0,8769,441
2UU9YU29,1255.7,8669,441
98PJUYGR,1142.9,8568,441
9VVUPRRYJ,1378.1,8567,441
9UP8PG90U,1095.3,8557,441
2YU0QLQQ8,1126.1,8700,441
89QULJ200,1164.3,8622,441
20UJJYG8,1199.8,8913,441
8G2QCG2JY,1164.5,8341,441
PUGG28RCR,1260.8,8342,441
22YUYJVQG,1194.5,8824,441
L0JLURQU,1384.5,9000,441
UVR9JL2,1177.0,8500,441
RV22L02,1203.3,8572,441
9LLCU99C,1154.1,8500,441
2LU0QVPYL,1326.4,8821,441
JJRQCYCJ,1178.3,8503,440
VPRRC0YR,1241.2,9000,440
P29Y00RJG,1328.3,8770,440
P9UYV8Y8Y,1340.3,8650,440
PV0UCQVR0,1255.3,8601,440
88JLPQ8G,1042.0,9000,440
PLRJCRGVP,1226.3,9000,440
2JVG02GP,1366.7,9000,440
9YUG2Y8QQ,1371.8,8677,440
809CQ2RC9,1367.5,9000,440
8Q2GJ9J0P,1161.3,8500,440
CRV9C29,1139.1,8500,440
RYC0CLP2,1318.7,9000,440
8RPR2CJG,1126.5,8503,440
VJ2RQYV0,1383.5,9000,440
PYYJC29J,1186.2,8500,440
PVGV0G809,1062.3,8530,440
P0LULJ9PR,1266.4,8869,440
2RJ8R292,1168.5,8647,440
2RJ2GV0GV,1149.0,9000,440
GQ0U9PG2,1138.6,9000,440
QUCCR99U9,1418.3,9000,440
JCVGL8JJ,1208.3,8610,440
QRVUC988,1149.8,8530,440
UVQ29YUU,1184.7,8507,440
9YPYYYV,1280.1,8675,440
QJUQ9J0C8,1345.0,8711,440
2JL9UQP8J,1262.0,8747,440
8QP9L0UR9,1106.8,8827,440
92L0VY9GJ,1260.5,8831,440
9V2GV9PR,1158.9,9000,440
RPVPPJR0,1324.3,8799,439
989CC29U,1254.5,9000,439
20J9RG0CQ,1045.0,8008,439
9YCPVLR8,1213.4,8926,439
8QYRQRR9,1241.4,8500,439
8QQGQQPLL,1315.3,9000,439
29208090R,1132.3,8553,439
9GU8JCYL,1218.4,8564,439
2CL89JJQC,1153.1,8500,439
8QQVL08RG,1277.2,8706,439
Y2JC028P,1148.5,8560,439
LY9PCQ9QY,1098.9,8674,439
9P8UR0VJ0,1264.2,8619,439
V82CCLRG8,1041.4,8530,439
8UGRLJCY,1260.6,8500,439
J8CU09GJ8,1238.1,9000,439
Q0U9VCL29,1268.6,8711,439
GJ9828RJ,1248.0,9000,439
PJRP9URUQ,1212.2,8590,439
908J92QRG,1342.9,9000,439
90LJVUYU2,1258.7,8645,439
9CGC2RLVC,1231.5,8595,439
8Q89GULUJ,1187.3,8501,439
PQC2CY0UP,1113.7,9000,439
9PL2LPGG8,1190.6,8091,439
L8UVRPG9Y,1179.2,9000,439
8LGGVGJJ,1163.3,8591,439
PV0QU9Q9,1127.0,8672,439
J2PUV0P9,1234.1,8580,439
2R8CYPVLQ,1188.7,8621,439
2CQCVGYVJ,1246.9,8910,439
2LC02QYQ,1103.9,8500,439
8U8CQG9RY,1232.3,8615,438
2GUPGYVRP,1203.8,9000,438
YVQUGPG,1404.8,9000,438
8G8C82YYL,1263.4,8757,438
P2VJLUPG,1020.5,8500,438
299U0GRVJ,1308.3,8677,438
2Y9GQP8C,1174.6,9000,438
8YJYUVVJU,1306.2,9000,438
9VUQ9U8G,1218.8,8800,438
2YL00CV2,1173.7,8500,438
GRPRL9JJ0,1163.7,8571,438
90PLGRLQ9,1241.1,8722,438
2JQQ0YVVP,1142.5,8685,438
8R0CGRGV,1217.1,8556,438
LR8RG0GU2,1225.5,9000,438
2UVGP8CVR,1230.6,9000,438
2J2J20R92,1317.1,8942,438
CCL2802U,1187.7,8535,438
2L0UVU8JV,1281.2,8752,438
P0CP0JGR8,1231.6,8564,438
LUC8QUC,1242.7,8415,438
28G2VG0U0,1296.2,8743,438
89V9VRRY,1376.4,9000,438
LV9C9C0U,1086.5,8618,438
2UQY022JV,1257.7,8565,438
8Q82LJQYP,1157.7,8432,438
8UUP9QVU,1049.1,8500,438
PLPPY89RP,1225.9,9000,438
9QPURYPP,1076.3,8531,438
9LQ9RR9QJ,1226.5,8816,438
82L8LJCGP,1192.4,9000,438
2RLYR0RL2,1079.5,9000,438
C8G9PP00,1198.8,9000,437
PVQYGPJ2,1106.8,9000,437
8J82RQVY2,1273.5,9000,437
8VGVYPR8Y,1318.8,9000,437
8VCP2YQC,1246.0,8678,437
P0LL08J9C,1267.7,9000,437
8PJ99PQRG,1096.1,8535,437
ULYCJQPJL,1230.4,8562,437
P9QGRJUC,1244.6,9000,437
GGRQQ0PY8,1279.8,8766,437
28VJ0929P,1140.8,8500,437
89RRPLQRV,1343.3,8723,437
GGR8PLJ0,1167.3,8713,437
8P9RLUYJ,1424.9,9000,437
8R9CRCC0,1118.6,9000,437
9P0L0VC2U,1377.5,8823,437
LP8CJPGV,1264.3,9000,437
CJ09U0VUG,1302.1,9000,437
2LQ89LLGC,1337.0,8784,437
JJVP9LPQ,1207.4,8530,437
JGYRJPC0U,1378.2,8500,437
YGRYQ8VU9,1267.5,9000,437
9L8PP08R,1231.2,8404,437
PRY8PPGV,1151.9,8500,437
20RGVCCVV,1153.9,9000,437
980U822Q,1353.8,8504,437
P822Q2Y2P,1108.5,8500,437
P2QUQLQL8,1198.0,8723,436
QUP22PPU,1201.7,8529,436
8P9J9Q982,1576.7,9000,436
L0YCC02L,1157.9,8500,436
2U00P9PU0,1290.8,9000,436
9QPG2PQPL,1131.6,9000,436
UCY2YP2J8,1054.8,8562,436
CUJ2G902L,1189.5,8741,436
G9YPVYJJ,1360.6,9000,436
8QPUJGUG,1224.8,9000,436
RQLPQQYYV,1108.2,8540,436
82GJPQC29,1104.9,8560,436
9RPQU200,1202.4,8839,436
GP2G9YUJ,1157.7,8898,436
PCPUUUL8,1237.6,9000,436
2JR8R0CQ,1183.6,8530,436
90Q9L28L,1164.9,8626,436
2V0QCG2YY,1425.8,9000,436
P8QQPCUU,1298.9,8806,436
8G9R8Y8YQ,1103.0,8500,436
YJGP2C9PY,1180.3,8678,436
PGVCV8Y88,1158.5,8502,436
8V89UJGGY,1350.3,9000,436
9LRV0Q98J,1278.3,9000,436
RVQQVRRL,1159.3,8500,436
29PU29JV,1149.4,8603,436
9CU998Q8,1268.5,9000,435
99V9V22G,1319.2,8579,435
8L0C08Q2,1106.7,8268,435
P2QRRPPQG,1145.2,8523,435
U9YQRCJ8J,1246.9,8585,435
8PGCVQCC,1119.1,8500,435
GYG809QL,1184.1,8506,435
J0RGGLLJ,1242.5,8565,435
2UY2C98CP,1240.0,8500,435
2U2G0CY8C,1143.3,8680,435
U0RQG,1158.9,8501,435
CQ9GPLYJ,1159.7,8716,435
2VJJUCVVR,1196.1,8563,435
PPQGCJUPP,1203.5,9000,435
2UPPLYVVV,1140.9,8565,435
UPRUUJVJP,947.4,8500,435
9CG0JP082,1224.6,8509,435
G0Y99UU9G,1451.5,8902,435
P0VR8J0C9,1144.3,8361,435
P8YUQLVC,1158.4,9000,435
2CJCU89P,1140.9,8569,435
U0URU9VQY,1259.1,8591,435
92UJYRP2J,1223.9,9000,435
G0YVGYP,1256.3,9000,435
LGLUUL29P,1323.6,8261,435
LVJ9UUCCC,991.1,9000,435
QPVR0UG9,1101.3,9000,435
2YYV8YU0G,1316.5,8820,435
YCQJP0R0C,1060.4,8288,435
PY8U9YLYG,1195.7,8557,435
8R8890CU0,1277.1,9000,434
YJCJ80LJ,1265.4,9000,434
PLPYC920R,1180.5,9000,434
2LGJ92JVY,1161.0,8534,434
2QL2RGQGC,1115.0,8595,434
P0YUJRQ,1241.8,8568,434
2UY90V2Y,1329.9,9000,434
P0UPPUP2,1101.0,8453,434
P88L90Q2,1181.6,8613,434
2J0GQVPYU,1225.3,8693,434
2PC29J0C,1153.8,8504,434
22LJC9GQ0,1238.7,9000,434
8RRVV22Q,1255.9,9000,434
92UVJUCU2,1215.2,8589,434
90JUR082Q,1095.9,8918,434
PJPGJJ2GC,1113.0,8382,434
G8RUG9QL9,1365.0,8714,434
8GYP2YJ00,959.3,8500,434
829QLCYUP,1324.1,8753,434
28JCRG9LY,1307.8,9000,434
JYGGY88L0,1188.0,8742,434
998R8V22,1225.9,9000,434
YRV2YYGLC,1224.5,8771,434
2UG2LPLQV,1208.2,9000,434
2GGGLQCY2,1145.0,8500,434
920YU2J2Y,1240.6,8631,434
YG2CQ2PL,1093.9,8647,434
8QCJJ0RRJ,1142.0,8500,434
QYGC82QP,1317.5,9000,434
8RCGLVP22,1274.6,8225,434
90YYJUP8V,1375.1,8911,434
L0JC9L0J8,1140.9,8500,434
99YRPPRQR,1186.8,8570,433
VGJQV8GL,1378.4,8622,433
QJL2YYR0P,1223.6,8560,433
RUCQP89Y,1315.2,9000,433
9Q882PGYY,1085.2,8260,433
GCVJJVC,1229.4,9000,433
YP2VJ22QP,1226.9,8500,433
2VV8UUYQC,1308.5,8850,433
8P9J0QYVJ,1477.4,9000,433
C9YVV0G,1120.7,8203,433
29ULC2LYV,1287.3,8624,433
PPJLC9VJ,1196.6,8738,433
228JLYU92,1125.3,9000,433
2RYC2UQVQ,1236.1,8686,433
9VYU809QP,1248.5,8649,433
U2YG2Q2JC,1169.0,8811,433
2C208UVUV,1159.9,8503,433
8Y8RJLLVP,1350.2,9000,433
8QLPQGVG,1158.4,8530,433
8YC8RQUY9,1239.0,8621,433
2GVRGY28V,1395.9,8807,433
YJ2JJ02CL,1194.2,8642,433
UY0P29R9,1288.0,8736,433
P2RRCYG82,1223.0,8796,433
J0CUU8GR,1220.5,8582,433
8PV22UGPY,1234.1,9000,433
9GG09L9YJ,1131.3,8530,432
P9YUUYVR,1151.0,8327,432
Q9C9U2PU9,1061.1,8587,432
99Q0RUUJL,1194.4,8721,432
99LR2GJU2,1244.9,9000,432
PLUR2U0GL,1245.8,8599,432
2UP28CVY2,1147.2,8678,432
RPJ2Y8U,1152.2,8684,432
L8G0PJUGP,1363.7,9000,432
P2QJGR02C,1279.8,9000,432
Y9GG2RVJ,1348.8,8889,432
80Q0R9Y8,1252.1,8828,432
92VY8PLQ8,1322.3,8795,432
LGUG22JR,1178.9,8593,432
9VQY88J9Q,1268.1,8641,432
YQYR08JQP,1206.7,8208,432
GG9CY2Q,1117.5,8206,432
8R82GV99G,1325.5,8775,432
8U9QJV2QU,1187.8,9000,432
Q2QQ0QGY,1236.7,9000,432
8PVGRYCPV,1268.0,9000,432
8990P9GJ,1130.9,8751,432
Y8QRRQJU,1188.2,8565,432
2YGYJCQYG,1243.7,8273,432
2QYCPQ0R0,1166.6,8500,432
9UVRQ990L,1392.4,8615,432
LY9LGGJUY,1241.4,8707,432
8PUV8R8C2,1031.7,8759,432
8QVR98UVR,1170.6,8741,432
RGVGU2GPY,1262.9,9000,432
82L2C0UPJ,1148.8,8500,431
UG08P0CUR,1237.4,8530,431
2U9LRL098,1240.7,9000,431
RYVY082P,1143.0,8859,431
RLY9P22,1130.7,8658,431
8YJ9J99GL,1065.0,8562,431
L9V2LRL0Y,1179.9,9000,431
9UCJQQ9VC,1136.8,8674,431
8GY0V0YG,1132.9,8701,431
P8C9RLLYQ,1155.7,8533,431
80PJRYG22,1358.7,9000,431
88UCRYJCC,1267.9,8715,431
2Q9JCVRPJ,1310.8,9000,431
P2RP0YLV8,1330.5,9000,431
L8099LC0,1152.0,8500,431
C282GR2,1206.7,8815,431
8P8Q0CQ9,1240.0,8823,431
8QRLY9L0Y,1229.1,8788,431
YRVQJ9C0J,1344.8,9000,431
2CCQRUPG0,1102.7,8629,431
2RL928Y22,1391.6,9000,430
2QCC2CVYC,1135.1,8559,430
PG9URLC,1286.2,9000,430
2G0LUQYYY,1250.1,9000,430
UP02V0P,1251.6,8687,430
22G2VQCRY,1162.6,9000,430
C98LG8V,1118.8,8850,430
P8YURQUR,1236.7,8680,430
2UQGPURC2,1203.8,8655,430
90L8YYCRV,1170.2,8530,430
29Y0L9PVV,1160.9,8300,430
2292GVJQ8,1189.1,8579,430
8V2RG20YU,1091.4,9000,430
PU0CPQYLR,1197.7,8522,430
990CPJUQG,1132.4,9000,430
CJJC2RC2U,1172.6,8594,430
RU2JU2VV,1283.3,8646,430
Y0Y00RC,1067.0,8530,430
G92PV22G,1285.4,9000,430
RQLRLUCU,1172.9,8702,430
8VGL2CPG,1263.5,9000,430
2VR8QJCU8,1375.4,9000,430
GGGCQG9C,1163.9,8784,430
2QYQ9U0GY,1234.5,9000,430
8VVL9LC99,1156.4,8624,429
2YJLR9Q9,1342.3,8185,429
QJ8LYRQ92,1293.5,9000,429
9PRRG929,1214.7,8500,429
CCPGQ89LL,1168.9,8768,429
PJLCLPRVU,1153.6,8651,429
RPR90G0RG,1095.8,8532,429
PJUUV9C8,1068.5,8527,429
YJ2QC8PR,1359.4,8875,429
PY9822RQ,1307.5,8845,429
29VCGRCLP,1270.9,8530,429
CU8G8JG89,1174.9,8256,429
8RRQ8UYCJ,1172.8,8500,429
RL9U2L0JY,1149.7,8500,429
PJL02QPP,1328.2,9000,429
8GP9VV2V,1232.9,8562,429
2QU8GYC,1154.5,8578,429
G08JRRL8,1201.6,8534,429
YUYQ00VJ,1160.1,9000,429
PV8PYRGP,1379.1,8806,429
GRUPPJU9,1157.4,8532,429
PGVGULLY2,1038.0,8561,429
RQCLGQCV,1119.6,8444,429
LCPU000C,1200.3,9000,429
9VLR88CPQ,1226.6,8713,429
20GQUJR8R,1327.2,8602,429
9QC98RVV,1170.1,8915,428
29JUQYGG,1164.1,9000,428
2L22Y80G,1274.2,9000,428
JL00RJQ8,1147.2,8659,428
20088P92P,1276.2,9000,428
8CCLJUVQU,1223.1,8584,428
YC8VY0CQ,1378.1,9000,428
GYGJV280,1213.8,8726,428
UPYCVPJ8,1161.7,8774,428
9U8GU2V88,1241.6,8634,428
2CLV2R2LV,1247.9,8765,428
LCPLJLVU,1155.2,8500,428
2889L2CR8,1220.0,8565,428
YGV29YLC2,1190.4,8500,428
228GL99YP,1073.0,8530,428
G0JYYPLQ,1239.3,8700,428
29J2UQJUU,1229.5,9000,428
LQVPLC08,1209.5,8534,428
PYY09PYLC,1298.9,8583,428
89P8JJ0,1179.2,8555,428
PJVLY0PPY,1156.0,8346,428
8GL9CPC0V,1187.4,8675,428
99LRQ9UQL,1270.4,8629,427
9YJP282J,1287.8,9000,427
8R9LUJ9LC,1186.6,8596,427
LPQQ0Y9PG,1328.6,9000,427
92P229GY8,1269.2,8560,427
L9Y8CJP2,1240.1,8609,427
2LJU2LY2,1208.0,9000,427
2UL29P2Q,1186.0,9000,427
PYYL98QR,1220.5,8878,427
LLQQPLJ9,1299.5,9000,427
8PYJR8LC8,1311.0,9000,427
YQR8JUG2,1263.2,8669,427
UJL0VYPG,1231.8,8505,427
2QYL98UPP,1080.2,8562,427
22UG9RUV8,1163.1,8592,427
9RUC2LVU,1218.0,8553,427
2RCJG2J92,1248.3,8569,427
GLJ8C209,1263.2,8766,427
82CLVU080,1322.8,9000,427
LG20PULG9,1231.2,8619,427
Q020YQR,1132.7,8500,427
YPP9P2RRV,1306.0,8708,427
90RP90P89,1216.0,8621,427
80L8JYU2,1380.8,8848,427
8GPQYRLRP,1176.5,8465,427
P2V0YCYPC,1318.5,8611,427
JQLPGJR2P,1271.6,8609,426
P8YUPCR9U,1294.5,8760,426
8Q022J99Q,1213.2,9000,426
2PQLJGCYC,1136.2,8508,426
GQ2CCCP,1241.5,8621,426
YVJV09RP,1206.6,8649,426
JYJY80LJ,1099.8,8530,426
QPP9GLQLU,1267.2,8707,426
9RQPU0YG,1223.2,8803,426
YYRPQG8C,1165.0,8551,426
829Q8JCV,1180.2,8643,426
C29CYJ9,1438.2,9000,426
8UPJGP99,1287.6,8666,426
PVLRLCPL,1211.5,8600,426
G0QY0920L,1365.9,9000,426
URP8GYUL,1032.7,8530,426
2P8YGVVV,1236.8,8601,426
2J92L0R9C,1284.9,9000,426
2JJ8J8UCC,1254.3,8622,426
98VP0UL0,1150.3,8681,426
8JUJVPQLP,1255.6,8725,426
2C2YRG0V,1149.4,8596,426
9JJUQV0PJ,1141.2,8674,426
82YGVU8QY,1085.3,8638,425
2GPJ22YVP,1438.3,8820,425
L0JQC99L9,1112.9,8561,425
9JQ8QY2U,1187.9,8576,425
PPVJ8GP9C,1407.9,9000,425
2YL02GPR,1230.0,8676,425
2YUPGQPJV,1247.5,9000,425
P8GVQP2CU,1204.6,8634,425
YC9RPJ9J,1266.8,8298,425
9QQC0GVG8,1019.8,8220,425
2PYC9VJ09,1307.6,8609,425
V0YPJ9RR,1037.7,9000,425
9YCYY0VYQ,1130.9,8500,425
LRRVV0U20,1230.5,8244,425
9U89R2Q2,1108.6,9000,425
Q9QU8C0Q2,1185.7,9000,425
JUQYGV0Q,1164.2,8509,425
2PPP0UV8,1232.8,9000,425
9YP9L2R2U,1211.9,8766,425
YCR9UY920,1447.6,9000,425
PC2UQQY,1243.1,8531,425
892U9YJGQ,1239.9,8500,425
UYCRV0LC,1148.9,8536,425
80LLQ28UQ,1203.6,8500,425
PGVCLCR0J,1130.9,8662,425
8VU8GVGR,1312.6,9000,425
9RJYGJP09,1231.2,9000,425
LRGGRCV2J,1167.0,8665,425
9UUQ82QQ,1268.0,8591,425
900LRGJJ,1156.5,8500,425
9UJC9U8JQ,1156.8,8502,425
CGYQP9UU,1333.9,8550,425
2YGLJ0CP8,1187.5,9000,425
2YY89GQY0,1227.2,8617,425
2PP0V02QC,1253.9,9000,424
8GQLYQU0,1123.3,8589,424
2CP9JY89G,1099.7,8637,424
UYRUPY8RU,1406.4,9000,424
QJPYL8R0P,1222.1,8532,424
9GY8U98JR,1202.9,8507,424
2YYPJ2VL,1255.0,8806,424
PJL09VLL,1272.2,8688,424
Q809JL8R,1245.2,8356,424
8PQGJ0VVQ,1287.3,9000,424
89UJV2RGC,1246.3,8658,424
CJ0P2VPP9,1312.8,9000,424
8CGCPUJP,1306.4,8774,424
P9PR88P8,1205.9,8849,424
2JLLRG2LL,1199.7,8241,424
2QGQGJCYR,1173.1,8530,424
9998008Q,1366.0,8910,424
82JLL0QQ,1169.9,8530,424
YJG2CJPL8,1249.2,8727,424
2G8GUPC8,1338.4,9000,424
LR0GU8P8,1326.6,8702,424
9RUUQVVL8,1173.9,8734,424
L898UUV9U,1195.6,8758,424
808PGJQ22,1259.6,8672,424
VY0YY8Q9P,1295.9,9000,424
2GCRPUYQ,1382.5,9000,423
882P9CLVC,1358.5,8650,423
L2L9Y0VG,1219.8,9000,423
82UQJ2022,1592.8,9000,423
PVU9J9U0U,1182.3,8589,423
GCG9JUQLU,1144.2,8500,423
LJC9GLLY,1345.1,9000,423
28JPCUQRR,1140.1,8603,423
2C08U9CJ0,1249.0,8679,423
G28J8UUR8,1099.1,8706,423
R0GYVRYUV,1179.7,9000,423
QLVQJG0Q8,1099.9,9000,423
8R098JQL9,1365.6,8731,423
8RY28GURP,1186.2,8667,423
8LPUJQ9JC,1238.4,8272,423
Q20YUQ89,1298.8,8730,423
G99PVQVCY,1263.4,8738,423
PVLRQRG,1216.0,9000,423
2L2PG9GCU,1286.8,9000,423
9GVVJP2P,1239.2,8669,423
2C8PL0GL,1174.9,8535,423
Q0QJUU0PP,1300.2,8553,423
VY90Y9VR,1219.3,8676,423
YVP9QQYJ,1191.6,8535,423
2JRURCCRC,1294.2,8563,423
VQ88YYRR,1282.8,8562,423
PY200LLGG,1087.7,8305,423
Y8JQ8VP0Y,1268.1,8646,423
2Y0JLGPCR,1106.2,8500,423
GUU0G09P0,1206.4,8145,423
8LYLYLUV,1201.3,8613,423
289RLL200,1270.5,8682,423
9CCRR8V09,1374.9,8703,423
U9UJ0GYL8,1403.2,8957,423
R8QL222G,1091.6,8562,423
R82UJUY,1259.2,8692,423
PVCLLCU2Q,1282.9,9000,423
298RUJG2Q,1387.4,8718,423
2GQRLYUQL,1204.4,8714,422
LJVJGUR,1220.7,8387,422
8LCJ08LRR,1277.4,8694,422
PG8YLUJU2,1340.9,9000,422
LRCRYCV9,1220.0,8621,422
8GG2VY8Q2,1159.8,8530,422
9CY0VCVP,1155.3,8531,422
RVJ8QYJQ,1215.9,8630,422
YGCVUPLV2,1244.3,9000,422
QVC99GJCV,1325.0,9000,422
L2G2PRQV2,1140.6,8210,422
U2CVGGU0P,973.2,8530,422
YY2GCJ9PJ,1257.6,8672,422
LU8YLYYQV,1042.8,8500,422
9QV0Q08YC,1137.4,8555,422
G8PU8JPL,1063.9,8533,422
PPLUL9RUP,1465.0,9000,422
8Q9VLC9J,1016.9,8530,422
2PQG0QVYV,1108.9,8505,422
989LJ8JQU,1073.1,8686,422
2CVYPJUPG,1216.8,8534,422
89GL22GRC,1154.3,8638,422
LUGJLYJVY,1184.3,8545,422
GY0JRCQJ,1291.7,8676,422
2QG08JJRJ,1161.8,8568,422
GULYUU9RU,1369.9,9000,422
GJV8JL082,949.4,8500,422
PRC2CY9G8,1288.7,8713,422
20PJLY2RJ,1207.7,8614,422
8RUUCQJVY,1292.5,8527,422
88PVRV0VP,1154.8,8646,422
L0YJ8J8,1357.3,8867,422
9LQG0QJC9,1152.8,8559,422
VCGQ2UJ9,1207.3,9000,422
PJPVGG80R,1075.4,8500,422
U8JR229JJ,1171.0,8621,422
J08GV8YGL,1160.0,9000,422
92V0J0Y,1427.4,9000,421
YCGCLPP,1248.8,8659,421
2JJCLCPJC,1059.6,8500,421
20VPYJL90,1439.0,9000,421
898R09LQG,1160.7,8502,421
U2VR98Y9,1283.1,9000,421
U828L90R0,1063.7,8627,421
20RLYLLYR,1189.2,9000,421
GJUVGVQGU,1069.4,8500,421
2UJVJYP09,1300.6,9000,421
2QGYL09Y,1226.9,8565,421
9CP02PGJ,1301.9,8737,421
9VV92CV2,1263.1,8653,421
G29LYVPV,1212.8,8626,421
22JVQRY2Y,1141.9,8266,421
290VVRYP2,1195.3,8554,421
2PRPJGV82,1166.5,8562,421
V2LUVPLQU,1235.4,8783,421
9JRG9VCU,1109.0,8580,421
90JJG289J,1130.9,8313,421
V9QPVRYU,1204.1,8638,421
9V9U2VPL,1175.0,8500,421
9LCCQJLRC,1255.9,9000,421
G0PVJUPQP,1232.3,9000,421
YURV22L0Y,1154.0,8591,421
90C882CQQ,1205.2,8747,421
PC2YQVLCG,1112.6,8500,421
208GGPRV,1235.9,8666,421
LGPYCUPLP,1251.2,8500,421
P8Y9QCQRC,1111.0,8501,420
PLL9CQYQG,1275.6,9000,420
Y8R8JU9J0,1285.4,8709,420
P8UQV0YL,986.7,9000,420
JJ0GV8L,1174.7,9000,420
8JPP8P0UJ,1283.5,8792,420
22P2CJJP0,1139.5,9000,420
GP8UCV08Q,1121.1,8530,420
PPVUQGG80,967.9,8500,420
Y8PLUY0,1192.1,8536,420
RU0V8GY,1077.8,8037,420
9C2PUCYQV,1327.6,9000,420
8YJ2RVPPY,1158.0,9000,420
2ULG8RP0R,1357.6,9000,420
8QQ8LV0G8,1175.1,8332,420
L9LQR90PG,1150.0,8500,420
8LG2U8V22,1287.9,9000,420
P8UV0L0R9,1212.7,8816,420
9GC2G22RC,1193.1,8999,420
802CQ9P,1183.8,9000,420
JJ00RLG2G,1225.4,8616,420
2LYQGYC90,1158.9,8635,420
J0LQJU09,1179.7,8561,420
9QYL0JRQ,1204.9,8271,420
LGL208YL,1260.7,8567,420
LVQ02CJC,1151.2,8590,420
8R9PY2GPP,1259.8,8643,419
8Q9YU9GGG,1081.8,8402,419
UYPY2LCV,1135.9,9000,419
9JLQL9V0,1119.2,9000,419
9RCVQ0G,1150.9,8561,419
2CGPPL2C,1224.1,9000,419
CCRRGPY98,1302.2,9000,419
98QG2JP,1294.3,8809,419
8VPP8RUR,1146.8,8500,419
V82PLU2UR,1107.5,8583,419
YYY0PQCU9,1272.4,9000,419
P222JCJPR,1144.7,9000,419
228U0P0CV,1437.4,9000,419
8QQUPUQ9,1284.6,9000,419
UVGJ22UC,1222.5,8558,419
2U9URL8U,1303.8,8704,419
8V9GLCC29,1390.4,8617,419
29UR00J,1283.3,8707,419
C9JJCPRY,1255.6,8530,419
2808C8P2U,1363.5,9000,419
Y0V92P92R,1290.9,8674,419
P90V0U0RG,978.9,8692,419
20UC89V8G,1212.2,8564,419
2QRYQJPYQ,1221.7,9000,419
2RVPGV8JY,1203.2,8500,419
P0VP9Q2L8,1167.2,8621,419
PG0QYPGVQ,1245.0,8531,419
280RGV0YJ,1051.3,8523,419
2RUQ0990U,1150.6,8559,419
U2P2PJQ0J,1151.8,8500,418
8G9UQ2VUG,1238.3,8619,418
908Q2VUG,1122.7,8503,418
2UVJL0QGR,1272.1,8685,418
9P0J2UCPU,1204.7,8370,418
8LUG9L890,998.2,8113,418
C0CQ2VPUV,1238.9,8530,418
PRR29V280,1120.7,8500,418
9LR2QRRY8,1109.5,8507,418
Y8Y2JQ0G,1121.9,9000,418
9VRC8RQ8,1202.7,8558,418
9VQJC8V0R,1352.8,8702,418
9988UJJU,1177.9,8598,418
U2L828PV,1268.3,8592,418
JGQ8UV0RY,1300.4,8526,418
P8PGPRVJ,1150.0,8584,418
29J2R2UVP,1400.5,9000,418
2QPJC0CUR,1296.4,8671,418
Q9RGYUCJ,1198.1,8564,418
PJLVPGG00,1315.1,8848,418
28209VYQJ,1245.3,9000,418
8CRYU0G0R,1302.7,9000,418
88GJ0JYJ,1229.4,9000,418
RLJVQ989,1237.4,8500,418
8VVLRU,1159.4,8587,418
2PJPVR288,1092.0,8531,418
LPYLL9VG,1254.8,8708,418
LRU00CUGJ,1225.1,8576,418
V8U8CY8CU,1173.1,8545,418
8PJR2CCY,1344.3,9000,418
LL2JUCPQR,1324.8,8701,418
8RLUYPUY8,1401.3,9000,418
QPVCJGL,1201.2,8710,418
299UJPP8,1346.4,8847,418
80U2QYRLQ,1389.1,8702,418
2GRPGLULC,1282.3,9000,418
JLJVUQUPP,1228.8,8753,418
QJCPQUJ9L,1448.0,9000,418
82RL89GUJ,1311.8,8530,418
820QUJRVL,1249.8,8608,418
2V9Q2RU2,1184.0,8553,417
LLYYYQQVC,1163.9,8093,417
9JJV89VP,1177.5,8523,417
QR8LLP9QG,1272.3,9000,417
L2YLJR9VV,1197.0,9000,417
GVVR2G00,1192.3,8515,417
JPPJVLYRP,1343.5,8529,417
PY2JP0GU,1194.4,9000,417
8YLJ82VJ9,1303.1,8724,417
P2220CL0Y,1293.0,8565,417
889R9UC9U,1294.1,8731,417
8JJQ0JYGR,1121.1,9000,417
2QPLRC9RV,1322.0,8560,417
VLRYPJLC,1145.6,8595,417
V0LGPCQ,1093.9,9000,417
GPU9QRR0,1323.9,8589,417
P2820V0Q,1125.9,8500,417
QQC8V2Q,1308.8,9000,417
V928P2GJU,1204.6,8555,417
8U8GV989,1244.6,8615,417
2PRJ8LYVV,1260.7,8589,417
90GLGRRG,1043.2,8500,417
8PRP2QLCR,1440.4,9000,417
G2L0L09J,1256.0,8834,417
R2UVQJVUG,1099.8,8555,417
8P8882,1166.6,8542,417
2UC8CUG9J,1232.5,9000,417
J9LYJPYQV,1203.9,9000,417
QCGPGCQP,1084.9,8500,417
8JCJPYCC,1184.5,8503,417
2YPCUV8LL,1190.3,8591,417
9PY9GRL2,1234.4,8660,417
Y8VVY0G,1326.6,8904,417
UGVPG9L,1146.6,9000,417
8CVJC8C0Y,1303.4,9000,417
LC9J0,1128.2,8705,417
890YCV80,1479.1,9000,417
880YPC0GR,1214.7,8754,417
GY2UJ02V,1051.9,8590,416
90G82YGGV,1226.8,8608,416
9QRRQRCP2,1164.5,8345,416
9JGVCJV2,1137.2,9000,416
90LYGYGP,961.2,8532,416
Y8PCUYU0L,1040.1,8500,416
2UYC8V2Q,1101.9,9000,416
8GULV9LYR,1174.4,9000,416
28GUPGY2,1247.5,8689,416
Y09VYQVCG,1263.9,8500,416
GJR9JU2G,1262.6,8623,416
9RP8RYQLG,1324.3,9000,416
CU2Y99G80,1267.2,9000,416
QPGJJ9Q89,1214.6,8502,416
8GC9PGVVV,1075.7,8532,416
2RLRC9PC,1310.9,8869,416
8URURCRL,1319.6,9000,416
9UJGU88Q,1258.8,8642,416
L9J9JU8VY,1237.7,8743,416
2GPCLCVYV,1173.4,8616,416
2VQQRJ8G9,1275.0,8745,416
8LR8QL8V8,1237.5,8610,416
PY9RCGL0R,1261.8,8665,416
2PV9208UQ,1404.5,9000,416
2RQVV2P2,1137.1,8500,416
Q2CCG8PL0,1281.7,8738,416
RQCG8PY8L,1274.9,9000,416
PL9JY0U9,1205.6,8687,416
P9V2GR99L,1216.6,8785,416
Y008P2YJC,1146.4,8625,416
2RRL0V2R,1153.6,8500,416
YLRQJQ9G,1178.5,8562,416
2UV289QY,1082.0,8562,415
9LQV8VJ,1184.4,8747,415
CVG8RCYP,1232.7,8654,415
90JY8CJRQ,1172.0,8658,415
9QRCVUG8G,1214.2,8860,415
2CR98YR8,1170.5,8599,415
802LRJQRY,1386.7,8798,415
82G9C0YG2,1215.0,8675,415
YRYG0GY2,1307.7,8846,415
8VU2U88G,1331.3,8727,415
82LCCP9RR,1172.6,8500,415
C2PJJJV8G,1193.1,8530,415
8Y8JPG2JQ,1290.6,8705,415
9RJULQ8L,1147.9,8530,415
280RRPL8L,1114.3,8555,415
GV8Q9YJG,1568.9,9000,415
28VP9R9LQ,1412.5,9000,415
CYYV909,1040.0,8500,415
V920JY00,1190.4,8610,415
29RPVPCUY,1132.8,8167,415
99GQU0VU,1226.0,8503,415
8L8U0LGR,1273.8,9000,415
JRV2GPU8,1149.5,9000,415
8LRVQCG2L,1211.9,8570,415
2UCV0C8G8,1381.0,9000,415
RCUL09P2Q,1239.5,8668,415
L8CLQPJPL,916.8,8500,415
2RLL8PUCQ,1138.4,8560,415
8U90CC28,1119.7,8878,415
2999YJQYG,1139.9,9000,415
CVVRYLQQJ,1048.8,8096,415
990P2CYLC,1223.9,8523,415
2LC8G8J0C,1291.6,8784,415
8PU8G82V0,1087.2,8500,414
LJGV8VVYC,1085.2,8523,414
QCJGQC8Y8,1153.3,8500,414
8LVR29L90,1282.7,8840,414
882Y920RU,1211.9,8801,414
2YCPVLR9,1204.0,8506,414
PRQ20Q8YU,1309.8,9000,414
YCGYP28,1230.6,8025,414
YYLC99LJR,1376.5,8781,414
LYRJYPUG,1092.6,9000,414
890L0YQQL,1191.2,8705,414
2CRUQ00GP,1348.3,8507,414
VUJPPCLV,1162.2,8530,414
JP0V00YP,1118.1,8532,414
22RRU0PQ,1235.5,8597,414
99RR0VQL,1016.0,8323,414
22VRP2VJ,1104.6,9000,414
290UYLQ8C,1193.0,8697,414
8R9QPUCQL,1239.3,9000,414
2U8CL8L8,1152.9,8530,414
JG89LUQCQ,1159.0,8533,414
PGPLCCLVV,1204.5,8246,414
88RCU90PV,1335.4,9000,414
8V0QCGG0Y,1255.3,8708,414
JJQ0CRJJ2,1146.6,8680,414
8UQRQVVUL,1222.5,8558,414
8CCGV89YL,1436.4,9000,414
9C0P0829,1381.5,9000,414
LCLC298U9,1226.6,8500,414
8G9R2QRJ9,1258.3,8826,414
C9LQ8PUJ,1287.3,9000,414
UJ9YJ92C,1054.8,8507,414
20Y29CUVV,1208.1,8597,414
UY8RCUP,1133.8,8530,414
2P2P298CJ,1264.8,8767,414
P0LY0UGR0,1278.1,9000,414
2GJYYUUG,1134.9,8695,414
QRGQCP02,1390.2,8813,414
G8VGGV9VY,1300.0,8843,413
QR8Y0U9C,1119.0,8503,413
20R9C8LJQ,1054.3,8500,413
8CQ9P0JL0,1281.0,9000,413
RY9JGYJ0,1199.5,8564,413
9LJJ9UL0,1096.1,9000,413
80YVLGQ9,1185.4,8639,413
PQPCYQ80,1169.4,8742,413
8LJVGYYYC,978.2,8500,413
2RQPRGLGP,1257.1,8719,413
8VPR8LUC,1158.2,8560,413
8ULLUJ99P,1126.1,8353,413
8UGVQYL0,1170.6,8598,413
L200YVPP,1282.7,8623,413
UYUYPRP9,1404.5,9000,413
8L2888CR,1368.5,9000,413
CPVYJGRR,1313.2,9000,413
9UPVLJJ,1356.9,9000,413
Y009GYVV,1165.0,8529,413
PYG0LPYGY,1204.9,8613,413
92VGGUJ,1204.8,8773,413
UJYQY9C,1249.6,9000,413
RQU9LPUGR,1217.4,8562,413
9208LJPG,1423.9,8935,413
LJ08JPY2,1136.5,8587,413
2ULRYL8R0,1181.3,8505,413
RR0GG2RJC,1328.8,8807,413
YUURPLL80,1211.2,9000,413
92C82JYJ,1296.0,8583,413
URQG8L98R,1208.2,8694,413
92VU8G8,1277.9,8598,413
L9VGJVQ2,1273.5,9000,413
P8Q9U0JY,1307.4,8710,413
PR9YCJLQ,1094.9,8078,413
L2GV8G2CQ,1322.4,9000,413
8UVYLLQR,1103.2,9000,413
9V0U2J8LV,1126.3,8711,413
V8VLJU98R,1334.4,8833,413
22LY2YYL8,1126.2,8676,413
2YJR0UVCL,1239.1,9000,413
9CPQYP90U,1421.7,8629,412
80VJ2C8RQ,1142.4,8839,412
2GY0JGQ2Y,981.8,8255,412
P29YQ8QL,1148.8,9000,412
2UC080YQL,1406.4,9000,412
9909UGQ2V,1029.8,8500,412
2YLQUR9G8,1178.7,8786,412
8PLVVP99C,1258.7,8707,412
9L20CJQCJ,1162.8,8613,412
UUVLY8Y22,1111.4,8202,412
2YYGVGQQG,1144.2,8530,412
YRG9V8PQ,1285.4,8716,412
82PRYGL2J,1261.6,8616,412
8R99UYJ2,1526.2,9000,412
LR02V99R,1196.1,8654,412
JYJVJG22,1194.5,8593,412
U9GUP9G,1234.2,8618,412
JRQVQ8L8,1213.0,8295,412
9CYP9CJ0,1137.8,9000,412
8GLPPVVV,1348.9,8798,412
UY8VGRCG,1337.0,9000,412
2CGCQ8RJ,1274.8,8703,412
9QV8YP990,1040.2,8500,412
PJYUVVLRP,1331.8,8769,412
9L89GUG,1267.8,8637,412
8JJP90L,1080.4,8530,412
9GLYGGY28,1313.3,9000,412
GGCYCG2Q,1261.5,8506,412
29LCQP02U,1235.9,8347,412
82YJCLCPQ,1246.9,8619,412
YRLP0Y0U,1251.5,8500,412
89VV22JU,1275.9,8685,412
P2VVCCVQL,1311.6,9000,412
UQVV2209J,906.3,8503,412
RCRRUVVQP,1142.9,8548,411
UYJ9V0C8,1316.0,9000,411
8JCR2U0UG,1165.8,9000,411
2VVLJJG8Y,1184.3,8731,411
880VQJ20,1360.8,8524,411
2GP0VPQ22,1162.7,8555,411
2LL9CJ00Q,1223.8,9000,411
YY2VCC0LG,1258.8,8910,411
2JQGC9RJU,1210.7,8500,411
C9JLL8RPR,1289.6,8711,411
8Y8QRCYJJ,1239.3,8671,411
2VGU92P9Q,1247.4,8618,411
JRG2QL92,1248.8,8370,411
ULJVGJCG,1162.4,8807,411
8PGPU2Q2,1190.7,8627,411
2QV0999VQ,1386.2,8821,411
CQQGV9JC,1230.0,8703,411
CQUQLVC,1153.1,9000,411
880GCPC8L,1180.0,9000,411
8RUG8YJJ,1334.3,8802,411
9YG2R88PC,1123.3,8439,411
8PG2YGL0,1175.2,8287,411
8V8C8QVQ8,1190.2,9000,411
2R82VGUJQ,1212.9,8841,411
2JG2G2GY,1173.5,8584,411
8PCLPQJ9L,1289.5,9000,411
LR2CQ2PQG,1105.1,8500,411
980QCL88,1293.9,8774,411
J0CLCVP9,1101.9,8506,411
8LY8QLPY0,1244.7,8634,411
U92UCYC,1141.4,8561,411
2CR9GV0U,1192.7,8166,411
U8Y00P29J,929.0,8225,411
2VUV8Y80R,1112.6,8703,411
9GL0U8GYV,1344.9,9000,410
8P0LL2J8,1205.4,9000,410
22290YQU,1267.1,9000,410
9JVYYJY8C,1269.3,9000,410
8P8Y0298,1313.4,9000,410
2PJQLV9GQ,1236.4,8687,410
29PJ0JVUP,1180.9,8590,410
C22LJ2VVL,1146.5,9000,410
2L90RLRCQ,1105.1,8251,410
9GRPQYJR,1098.1,8500,410
89VPL0LP,1096.5,8226,410
R8VRGUR,1304.8,9000,410
P0YJPQUCR,1206.0,8530,410
2GQYVL22C,1202.1,8267,410
C9V8GQ8RC,1182.3,8637,410
2QPJ0PCGG,1206.5,8532,410
P98PUJ90,1166.8,8567,410
QYCCU8C,1235.8,8650,410
892YCL9JC,1214.2,9000,410
2C80CJ08P,1162.3,9000,410
2JUCVJ0G0,1266.9,8646,410
P09G8CQ28,1201.7,9000,410
CC8Q28ULJ,1119.6,8531,410
JQGJJYVV,1269.1,8686,410
CGJY9GRQJ,1144.8,8542,410
J2YUUJQ,1474.7,9000,410
UCL9ULQ8C,1184.6,8623,410
9LP9RYPYQ,1249.8,8670,410
2YJ09Q8LG,1276.6,8597,410
QU0QPGLLJ,1290.7,8714,410
8PL2YYQR0,1151.5,8457,410
9J2GPPPJY,1130.1,8500,410
8VC9QYCUV,1268.7,8650,410
2CQ9V2RQ,1211.3,8604,410
LU2VPLCQ9,1257.2,9000,410
2LPUJV0CQ,1141.8,9000,410
U28VUY0LR,1326.6,8758,410
2JQ2Q2PYU,1351.2,8864,410
20J02QVV,1161.4,8531,410
2GCGC9Q2Y,1316.7,8877,410
8JRV09LV8,1142.8,8590,410
20QGVCPUP,1140.3,8565,409
Q82U9VQ0,1215.2,9000,409
8CV9UYQP,1319.3,8740,409
2UYQPQVG2,1223.4,9000,409
GJ22GYPV9,1212.5,8570,409
29U22CPU0,1108.0,8187,409
209CP289Q,1213.1,9000,409
9C22VRCY,1127.3,9000,409
G0JRCCJQP,1163.1,8523,409
C2LGJUPU,1168.7,8500,409
8R29V0LV,1029.5,8558,409
YLPV80LQ,1215.8,9000,409
2CLU9CGLR,1321.2,8851,409
2YP2Q0PYY,1189.3,9000,409
20999PUJL,1225.1,9000,409
929CPYGLP,1031.8,8130,409
9J0J9JJP,1397.3,8910,409
PYU9YLVRP,1202.0,9000,409
QL99L9JJ,1245.8,9000,409
LQ9QUV889,1245.3,9000,409
8C99YJ9L,1092.6,8500,409
9RULPL9RP,1341.5,9000,409
9VCGLP0U8,1128.5,8537,409
P2YY299L,1340.6,8709,409
PJV0RRUCQ,1211.9,9000,409
UC2ULVJ2,1139.3,8595,409
2CPVC88UY,1358.9,9000,409
82JVQQPY8,1135.5,9000,409
VG80JGGC,1273.0,8267,409
92RGYU2UL,1214.0,8500,409
LPPR0URVV,1122.4,8500,409
YJ02GRYR,1142.4,8529,409
2C99UYRP,1171.9,8764,409
PPCQVRQU2,1112.4,9000,409
9QQ8YUYLV,1336.4,9000,408
8JYR9YJJ,1200.0,9000,408
CGPLPVG,1121.2,8534,408
Y2C0VU8U,1361.9,9000,408
YPVQUPYL8,1179.7,8576,408
CYY9RVG0,1154.4,8540,408
90Q8Q2928,1339.3,8906,408
9RLJYR2Y,1195.5,8706,408
Y000222J,1168.7,8379,408
9LVUPP0PV,1269.2,9000,408
2CG8J99VC,1164.0,9000,408
8U9CYRLLV,1180.0,8354,408
YUCL0GRR,1132.6,8530,408
P2QLJ0LGG,1293.8,9000,408
UQJGGU2R,1391.7,9000,408
P00JC8VYQ,1222.0,8560,408
LLGJQ8GQ,1122.5,9000,408
P88QVUCVP,1321.6,8807,408
82RQQV98C,1276.1,8850,408
Y2RGQ0GV0,1186.7,8525,408
8JGCG8809,1386.9,8830,408
80GGQ9RJP,1263.4,8712,408
99GY2RL9U,1105.6,9000,408
J9222URU,1253.1,9000,408
GUUG8J28Y,1057.1,8545,408
2UC0QQJ8V,1202.5,8229,408
UY8PCYJVL,1303.5,8746,408
2CPRRPPYC,1189.2,8586,408
2QVJCUPP8,1353.5,9000,408
UC8JG8VU,1180.3,8710,408
PYRRYJ8G,1232.8,9000,408
P8QVC0VQ2,1201.1,8500,408
R9GRJLJJ,1163.2,8144,408
20RPRYYYQ,1001.2,8557,408
YURR8Y0L0,1254.5,8734,408
Q0C98GY0V,1166.7,9000,408
PC2PUJ8L9,1120.3,8502,408
88R9PJ0V,1167.4,8560,408
2RL8Q209Q,1499.5,9000,408
J8R0RYL8,1116.2,8589,407
9P8L02CJ,1210.2,9000,407
2Q8UUUP89,1265.8,9000,407
9GGL9LGC,1224.2,8580,407
2J0L29VJR,944.3,8552,407
RLJC0J2P,1208.2,8584,407
9QP8QRY0L,1175.3,8617,407
9PUPQGCJ,1139.8,8530,407
2ULGR8PRV,1226.9,8313,407
9CL8PQQUL,1027.6,8501,407
2P8URUQG,1096.0,8530,407
820JLCGRV,1256.4,9000,407
PVRV0G08L,1187.5,8325,407
LYQ9RCCQ8,1239.9,9000,407
YLP2VJYQ0,1232.6,8595,407
P0PCQ9J2,1040.1,8500,407
8QUJ8CY0,1170.6,8529,407
G8JRCVR,1158.4,9000,407
GVU09VPU,1239.0,8718,407
8RY8RPJJQ,1024.8,8530,407
9000VYLL,1305.5,8601,407
98UVQLY2U,1189.3,9000,407
UJC8J9Q2,1343.6,8864,407
8R82CQ99C,1127.4,8706,407
8GYRRPYCP,1218.4,8638,407
VYJ2P0L,1283.1,9000,407
QVL0GG9,1054.3,8500,407
80GJ9VL2,1342.7,9000,407
29VRQRRUP,1173.8,8560,407
2J8CUGGYP,1174.8,9000,406
Y89C8V2RJ,1172.9,8500,406
2UL8C8VP,1186.3,8846,406
90RGP92CR,1219.5,8523,406
VGYRQC8,1326.3,9000,406
8802LGCUY,1222.7,8651,406
L0PLCC929,1215.3,8739,406
2QUUVQLUG,1039.1,8500,406
2P002JGUV,1232.9,8551,406
R80L2YPG,1140.5,8527,406
29GYRV2R,1278.2,9000,406
98UV080PJ,1309.8,9000,406
P00L9PCQL,1278.1,8804,406
2RQRLCL2Y,1300.1,8791,406
9YL2V9YGL,1258.0,8500,406
YQRGUQ82R,1290.3,8684,406
QJLUPVULP,1251.2,8569,406
9GVLU2LCR,1271.3,9000,406
2CUUPJ02,1274.2,8705,406
YG9RR9CY9,1317.8,8821,406
282YC9UL,1183.1,9000,406
2P08U0CPV,1311.5,8741,406
9LG0QPURG,1139.3,8538,406
LGRPRGGP,1176.8,8417,406
UPPGR9Y2,1191.1,8597,406
RRPJ0U2L,1358.8,9000,406
9UCCG89RR,1316.8,9000,406
2G82PJQ0J,1168.1,8199,406
PQQQ0QCLU,1344.7,9000,406
LV988GRU,1248.6,8566,406
PLP2RVRL,1125.8,8500,405
2CPQ989P,1218.1,8500,405
9CRLCUR8,1266.3,9000,405
GR9JGRCCL,1340.5,8614,405
2G982P28,1172.8,8530,405
CJLRP0VCQ,1213.7,8715,405
8PUVCJ288,1261.0,9000,405
G8GP0QGLG,1190.4,8638,405
YR09L20G,1177.4,8534,405
20099P92P,1275.6,8704,405
JUJPVUCG,1124.0,8584,405
YV92RQ90L,1149.5,8587,405
R80Q9PJ2,1309.9,8780,405
J0VQQ08V,1182.3,8504,405
VGYPRUJ,1210.7,8642,405
PQR0P9LQR,1305.5,9000,405
PCG22RJJ,1162.0,8663,405
LRGRQYG0,1214.4,8768,405
922CUGG8J,1066.1,8561,405
YP8CCGUQ2,1240.6,8863,405
PLJ2VPV9L,1273.0,8684,405
8UVYC90UY,1177.9,8713,405
J8LJV2JQ,1217.9,8761,405
29RRPR20L,1233.6,8612,405
8RVQPV0VP,1059.6,8531,405
2JLQQVUCP,1272.2,9000,405
2P8VGRQR,1325.5,8703,405
2RCY8VLR0,1405.6,9000,405
Q0QGPUGLR,1103.2,8840,405
Y9R9V9L9V,1128.8,8536,405
P808P2PQL,1182.2,8729,405
Q0CU0QLYG,1068.7,8500,405
8R9J9YVYP,1170.5,8110,405
J8UYGQ9,1205.3,8547,405
Q89Q80RV,1145.4,8771,405
82U2RRUJP,1281.8,9000,405
CJRYCC8PC,1375.5,9000,404
9PUPYQU09,1088.5,8613,404
9YRVGJP8,1202.2,8641,404
Q8LUYVRP,1010.6,9000,404
YRJ299LQ8,1223.9,8608,404
22QV20U8V,1276.8,9000,404
YL0GYVVG9,968.7,9000,404
P9G0LV09,1299.3,8709,404
YUGPGL20,1113.2,8661,404
9Q208RJ,1096.9,8532,404
LQQ9YLUGR,1178.3,8549,404
8URVLJ22L,1165.5,9000,404
2J22RC2CU,1403.9,9000,404
2P09CR0LU,1331.8,9000,404
2G8RUVC98,1288.7,8680,404
P2RJ2CR,1241.6,9000,404
QCCLUJL,1227.2,8556,404
PRYCG8QC,1220.9,8582,404
G82P9QJRR,1155.0,9000,404
YP0YPLVC,1071.7,8304,404
928LPYGG,1182.6,8530,404
8Y2URJ8P,1180.1,8564,404
P9UYLV982,1139.1,9000,404
8GCRPRGJV,1246.2,8655,404
2U0VRPY8,1216.1,8774,404
PVY0G9QU,1105.0,9000,404
GQL29VQPQ,1419.5,9000,404
JLC0C9UR,1392.4,8791,403
892PCYGY,1240.9,8693,403
QQRGLPV,1151.2,9000,403
L8J0ULCJ,1243.9,9000,403
8VYVUR82,1191.1,8533,403
U0QG8V2P,1376.7,8789,403
2C09CG98G,1156.1,8297,403
2LRV8RJ8C,1264.5,8607,403
820U8C9J,1300.9,8771,403
PQ908J2UQ,1192.5,8561,403
9VY80GCJ,1346.6,9000,403
RLC0Y9RL,1199.7,8686,403
RQLY9JJG,1286.4,8700,403
8GVGY9Y2,1241.6,8800,403
8LLP809VP,1441.0,9000,403
9ULR988RV,1242.3,8669,403
2LC0V02L,1378.2,9000,403
2CQQY88J,1270.7,8534,403
88LL0UUC,1229.5,9000,403
92PPJVYP2,1246.3,8643,403
LGVQ0VQY,1311.7,8888,403
9UURQC29R,1214.8,8652,403
8GYRPG2V,1207.2,9000,403
PJYGCL99,1193.1,8534,403
29R8RQ02R,1152.4,8137,403
90V9UUUCP,1332.5,9000,403
2YJ9U0CL0,1142.3,9000,403
2U0LP229C,1193.2,8554,403
9RL8JCY2,1310.0,8589,403
9RUUQ8LJ0,1320.9,9000,403
9VG0R9R2J,1179.9,8719,403
YC8UP2L0R,1247.9,8500,403
898U8Q2C,1027.4,9000,403
Y029P0QUC,1143.3,8530,403
9QQY00LY,1210.4,9000,403
PRJULYCPU,1166.6,8737,403
9JJJR820C,1125.7,9000,403
9P2LCV0R9,1172.1,8812,403
8QPURYLL8,1217.7,8617,403
29JJYPRL0,1192.8,8573,403
C9VJVGGQ,1345.9,8760,403
2QQVQ8YVU,1140.3,8560,403
208QQYC,1143.9,8388,403
JV2JUJ2Q,1200.6,8729,402
Y80G2JLPV,1255.2,9000,402
809JYG99R,1244.6,8711,402
JLQRLLPCJ,1197.6,8543,402
2L9YRY8YY,1156.1,8654,402
YP2YYGC9,1290.9,8635,402
9U0LJPU80,1217.0,8500,402
22JRUR2YP,1121.7,9000,402
Y82Q8YGU,1148.2,8712,402
GVJPLQLJV,1207.2,8802,402
J8L8CP92,1290.8,8731,402
98UY9Q998,1251.4,8646,402
P098L2C8G,1153.8,8598,402
8P0UUPCQ,1164.3,8583,402
8GR9PG0P,1254.3,8642,402
8PC0QCP0U,1187.3,9000,402
8VLU09GY,1096.1,8500,402
298GGY8GL,1295.5,9000,402
GVRPCJV22,1192.3,8522,402
9RJLJR22,1245.5,8672,402
8Q9Q08LUR,1190.5,8500,402
29U99CLPL,1120.4,8560,402
QQYYLQ0U0,1106.5,8532,402
VL9RJUG9,1421.5,9000,402
20820G022,1232.1,9000,402
QYYUQ08U,1263.1,8533,402
PV20VVP9U,1380.7,9000,402
2G88V8QP0,1259.3,8673,402
CPYUJ2J8,1198.9,8529,402
RQRL8V82R,1219.0,8854,402
P99JPCLQ8,1361.9,9000,402
2C0UQQCPP,1266.1,8875,402
YJPJUYG8,1114.1,8500,402
P9YLVGVJR,1358.3,9000,402
C9G8CUQPC,1233.3,9000,402
Y8QL9JL22,1091.3,8229,402
8VR0URLU,1200.5,8768,402
LVGV2RQ2,1283.3,8753,402
VPV89YJV8,1291.5,8814,402
QYY20LLJ0,1191.3,8565,402
QQ9UC0Q9U,1368.2,8850,402
8GLLYCG2,1096.6,8500,402
URLCQ9CJ,1219.2,9000,402
RQUR9PGR,1261.0,9000,402
82GGQCYR9,1327.3,8817,402
PRY2G880,1222.9,9000,402
20VGPVRY8,1185.2,8531,402
9UVJ0QR9Y,1186.3,8620,402
28YYC0GJR,1281.2,8440,402
8JVYYU0G8,1165.8,8587,401
GUJ2YURG,1177.8,8558,401
9JR0CVUCL,1337.9,9000,401
8GPL8999J,1192.7,8530,401
PY0P0292G,1226.9,8712,401
929Y88Q,1365.1,8811,401
PLR2VGGY0,1262.4,8701,401
9QYY0CVR,1144.1,8536,401
99J9V99R,1172.9,8888,401
2UCGL2P8U,1293.9,9000,401
VCLR9Y2L,1349.7,9000,401
220208UP,1126.0,8731,401
2PGC82ULJ,1191.4,8500,401
LLYGCPVC,1142.2,8500,401
90LJL29RJ,1203.4,8596,401
LUPJY2UQ,1234.3,8383,401
RLUQGVV8C,1264.0,8503,401
2C29VJVR,1318.8,8595,401
9VCRPYLR,1357.0,8631,401
2QYJQVQJ0,1243.6,8249,401
C28QJRV08,1268.1,9000,401
2QRUYJVGU,1254.1,8672,401
8CV99L8UL,1297.3,9000,401
8LJVPLJ2,1155.2,8563,401
2GVU0Q0YY,1270.9,8767,401
Y0VP0PYV8,1342.0,9000,401
9JPJ9CYRR,1159.8,8561,401
GJQQ9J8G,1236.6,8874,401
PY0U9JJ0J,1346.3,8535,401
80JCLQ8,1368.4,9000,401
2CL2LVGGL,1242.9,9000,401
CVJ9QPLP,1205.1,8531,401
2L0G0V9J8,1135.7,8625,401
8RR80PVVU,1119.9,9000,401
LLLVUG2,1286.4,8738,401
VQYPLQR2,1239.4,8350,401
29YY20LLJ,1104.3,8500,401
G8CVQP0Y,1185.3,8623,401
9GQ9V9JJ,1240.6,8594,401
8GP0J0LJ,1261.2,9000,401
802J0C8U,1224.7,8654,401
9VUCRPYVV,1207.7,8506,401
9C8Q802,1215.3,9000,401
8L0V2U2PQ,1129.8,8532,401
99R0YCRYV,1194.7,8588,401
P90YRRG2C,1269.2,8817,401
CUVC9PQU,1167.5,8533,401
2UVJ2LGJU,1157.0,9000,401
Y0L82VR0,1191.4,8562,401
Y8GYL0UP8,1099.9,9000,401
228UJRL,1257.2,9000,401
2QJJVCUR8,1106.7,8500,401
PGJP0CV0,1045.8,8644,400
8YG0QRQPU,1349.3,8846,400
9VQGYJQC,1267.9,8504,400
8CQUURG82,1288.8,8727,400
2YVJLU82Q,1101.7,8500,400
8J229QJ8J,1192.4,8560,400
9J2PG2LG,1139.1,8633,400
2UJJ82JQG,1272.4,9000,400
UVG8U8C0,1243.8,9000,400
8UY20LQPY,1084.0,8594,400
YCCY8Y9GP,1241.7,9000,400
2Q9PJ28G9,1063.9,8665,400
UJ090R8GJ,1310.2,9000,400
8Y2PQ9U29,1288.0,8800,400
2YJV2PGJC,1199.1,8642,400
8VUV0GLJ,1281.7,8688,400
2RLPJVCU,1144.3,9000,400
8988UQ800,1139.3,8245,400
90CQVG0CJ,1228.4,8622,400
8YL298L0U,1229.9,8277,400
9RYCGVCQY,1227.0,8506,400
90QG0QUL,1266.0,8609,400
2290P229C,1248.6,8707,400
CRJVCCGR,1176.2,8500,400
PRYVUYGJP,1139.6,8517,400
VC8JJ8U,1352.4,9000,400
8JYPG8VP,1306.1,8586,400
PUVUJ2JQQ,1084.2,8500,400
2PPLQGJ0U,1115.7,8230,400
9CJLY00C,1207.0,8530,400
9P2Y0QPGL,1151.3,9000,400
PJVU0GQL0,1166.3,8529,400
8GR2Y9YVV,1178.1,8583,400
RYJQYRYY8,1247.8,8762,400
VPQ9VLQ0,1126.0,8648,400
2RU8J2PQC,1096.4,8500,400
Q02LJYPG,1161.2,8500,400
2Y8PRU0G9,1163.5,8534,400
9LURPUG8C,1295.8,8773,400
VJRCR8GC,1284.2,8500,400
L9QG29CV,1388.3,8874,400
9YY909QU,1356.4,9000,400
2QL9PJR2Q,1118.1,8560,399
9GCJ98C8,1342.4,9000,399
PPQYVG9L,1178.3,8592,399
9JPLJR9U,970.7,8530,399
2U0YYQPPC,1243.1,9000,399
9G90UYQJL,1371.6,8817,399
9GP8QC2L9,1293.4,8533,399
9GJJC2UYQ,1205.5,9000,399
2YVLYQCY,1301.0,8588,399
2Q9Y2PPQ2,1071.4,8596,399
U9JUPR0V,1288.3,9000,399
PQQPQPV0R,1311.5,8596,399
2VYPLJUR,1097.8,8528,399
QGGRLURL8,1235.0,8401,399
LPGRQ2YYP,1181.0,8594,399
UGYCJQGC,1233.3,9000,399
8CU0C00P,1294.7,8734,399
8JRRJ8Y2G,1071.5,8530,399
Y2VL02VJ,1324.3,9000,399
89J29JUCC,1251.8,8542,399
Y0RJQJGQV,1217.7,8243,399
2U2V0080J,1231.3,8596,399
LCRCQU9YC,1267.5,9000,399
9Q9YCPCJ2,1091.4,8530,399
P8GQR2RVU,1191.9,9000,399
8QQUP0G22,1240.7,9000,399
GG0G0Y9,1113.4,8507,399
8YLPJUG9U,1316.8,9000,399
GQ00Y98C8,1261.7,8736,399
UGCPVL9R,1201.7,8566,399
9RJQL288,1296.0,9000,399
8VQYCC2P,1212.4,8591,399
P0RUUQVCC,1225.0,8650,399
VJ2UU9R,1108.3,8560,399
CU8YP2U22,1408.0,8934,399
2GVP9VUCU,1228.0,9000,399
2VCYQ9V00,1251.6,8654,398
2PLURCQPR,1243.7,8713,398
LGQU98JJC,997.0,8500,398
8LVCQJJ0V,1308.0,9000,398
CP2VQCR2,1294.4,8684,398
2QY8J2JUU,1238.5,8687,398
2L2Q9QVJG,1166.5,8500,398
8PQ9L092Y,1324.6,9000,398
8R0PPLC9L,1208.9,8701,398
9RRURPC20,1135.5,8628,398
9VQRCVJPV,1048.3,8530,398
2LU8Q9L2Q,1183.9,8594,398
90VUQJV0,1109.9,8500,398
8GJQYGYCC,1237.7,9000,398
992CPUPVG,1059.8,8586,398
YVYJU20V,1227.1,9000,398
8JU9LGQC,1199.1,8526,398
9RR2QG8V8,1220.6,8560,398
20JL0Q8Y,1213.2,9000,398
8URCJP9V,1247.1,8605,398
8LRJJQ2CJ,1187.2,8589,398
JLPUGGGR,1139.7,8620,398
90U80CC2V,1325.9,9000,398
JLL9YC2Q,1292.8,9000,398
2PPP80LJ,1203.1,8567,398
9VY0J28Q0,1214.0,8672,398
9JG9UUG28,1199.3,8561,398
QUVR028CJ,1215.4,8402,398
PUY8R9VLC,1307.7,9000,398
2JGLUPP2R,1176.1,8563,398
90P0CLJ9,1372.6,9000,398
C0JL29G0J,1249.8,9000,398
PU8QLGQP,1112.0,8500,398
2CJR8VL2P,1203.2,8580,398
Y8YG8J2L,1250.5,8640,398
9YG0VGQU8,1246.4,9000,398
8GRYCY8G,1215.4,8595,398
UJ2RVC8VL,1056.6,8795,398
YGYJ0PGP,1062.1,8500,397
8J08RCCR,1236.9,8727,397
LC9P9PG8P,1249.3,8387,397
2VQJ9GY0,1221.4,8732,397
8R0UPURLP,1138.7,8767,397
RQV9Q8LYC,1235.4,8592,397
9UG88JY9V,1290.9,9000,397
2RV2C9J0V,1125.2,8602,397
PQPLU8Q0,1199.0,8540,397
2P9LPCR0Q,1216.4,8592,397
9PL28LYLG,1131.3,8653,397
RY989RC,1183.2,8624,397
PLQGGG29,1313.8,8820,397
2QPVULJQC,1146.4,8864,397
80PU2Y22L,1261.7,8742,397
2V00JYPG,1213.0,9000,397
Y08RQPU9L,1204.2,9000,397
RJGPYLCGQ,1371.0,8595,397
L9VGJLQ8P,1222.1,8651,397
J2280V00,1298.0,8748,397
2LJRR0P09,1269.6,9000,397
9VJ80828L,1220.7,9000,397
9YVQPPJR2,1251.8,8306,397
2PV2GGGR9,1232.9,8638,397
90Y0QYJ2Y,1355.8,8823,397
2LY9J2LL2,1104.1,9000,397
8PUYRQ2YL,1181.2,9000,397
CLPGJ9JUU,1113.1,8501,397
VQ0PV8290,1072.8,8530,397
LY9J0Q9R,1198.1,8620,397
RULU9PQY,1080.4,8666,397
9RYVJ8GJ,1105.6,8532,397
2L8UYGYYL,1377.6,9000,397
CRGJRVPR,1221.7,8557,397
29LQV22G,1250.2,9000,397
22QU2J2V,1208.5,8710,397
LYUPR0GR8,1123.2,8500,397
2YQL988QL,1295.9,9000,397
82J2J088J,1184.4,9000,397
L20RVJUJ9,1375.6,9000,397
PJJVYGY,1333.3,8400,397
8Y9PR8902,1340.2,9000,397
L8992JLR,1416.9,9000,397
2R90LC9YR,1145.3,8560,397
2JJ2R2RC2,1262.2,9000,397
Y9ULVPC0,1238.0,8566,396
20YLYQJCU,1228.9,8728,396
LG28CJGY,1239.2,8622,396
C8ULQV9Q,1307.2,9000,396
QUJ9P2Y82,1216.9,8500,396
2PQLQCCPL,1187.7,8462,396
8JJ8PCLC,1254.7,9000,396
9U8QPQCVC,1219.3,8615,396
JUG9UVL8,1355.3,9000,396
JQ8L8RC,1184.8,8203,396
2VPGJ2YG,1222.7,8500,396
2QY090090,1192.3,9000,396
PP0QV8J2G,1145.1,9000,396
LQJLVUVGG,1289.9,8218,396
22Q2QR9VL,1212.3,8625,396
V2L229L,1247.6,8702,396
G2GRLL8JR,1072.3,9000,396
2QLJR0CY9,1358.2,8530,396
2028VGQ82,1129.7,8500,396
29P80VUQR,1152.8,8500,396
8J298QV2,1269.0,8611,396
22P9222GP,1251.1,9000,396
29LY809LV,1066.0,8527,396
2RGU9VG8,1135.9,8552,396
PG09RVUL8,1257.7,9000,396
2R2PUUVR9,1101.0,8503,396
822J09C0J,1464.5,9000,396
22CU8YGGL,1176.4,8532,396
8LRLRLPL,1231.0,9000,396
U2PP89GJ,1305.9,9000,396
C820QG80,1414.6,9000,396
2U88GQRJ,1287.8,9000,396
2QY2VPCPU,1073.9,8500,396
92RGUR00J,1155.6,8529,396
9Y0JQL29,1029.6,8500,396
PRCJ2Q8QC,1104.8,8642,396
RRPGQVQQU,1101.7,8403,396
C9LPV8JL,1147.9,8086,395
PUU08V88,1395.5,9000,395
2V8PV892R,1061.5,8722,395
QQ89VQ9LP,1240.2,8500,395
P2GCUQPP8,1129.2,9000,395
9LGU29JV0,1318.5,8754,395
2U0RGQ88L,1307.7,9000,395
2JUY2C8J,1237.7,8707,395
28QLPJ0Y,1214.3,9000,395
2QLQ0YJV2,1176.8,8530,395
82JGYVU9R,1150.9,8501,395
2GYV8CVGJ,1264.2,8673,395
9YL209YP8,1267.4,9000,395
82J2RC0UQ,1154.8,8639,395
2GC29VY9R,1121.4,9000,395
8GVQYLCUQ,1110.5,8525,395
82YP0R9,1502.7,9000,395
U88PLY2PU,1323.3,9000,395
QQVGVVUU,1312.0,8625,395
9G9GPCRPR,1259.0,8655,395
8CR9VPV,1320.8,8788,395
Q9UYJ8LQ,1218.8,8782,395
L9GQ0G2,1194.1,8397,395
GL00Q0PRP,1224.5,8536,395
9CV0YLJ0P,1193.7,8535,395
JL0PPYU,1195.3,9000,395
L8UUPGYP,1098.2,8529,395
2PYVYQR8,1237.4,8734,395
J2LLY82V,1200.7,8614,395
828VCGRGJ,1251.4,8613,395
G9G920U,1030.3,8562,395
8LC90L2V,1338.8,8826,395
292Y8JUQ9,1160.6,8530,395
P9U8LGPU0,994.3,8500,395
Q8R82R9PU,1287.2,8710,395
GRUCG9RR,1375.3,9000,395
9U080PYCG,1285.7,8685,395
22JJ9U99R,1260.0,8668,395
8V2L0PCV9,1220.1,8748,395
2YRC29YVL,1145.4,8501,395
8CGL2P80,1271.5,9000,395
8QJP8GV9,1321.9,8759,394
8U9RGRP2,1304.4,9000,394
P0GPYG0JL,1186.6,8544,394
9V099UV8J,1154.3,8528,394
2GP082VYJ,1157.6,8697,394
909Q0Q80,1226.4,8555,394
QCJQPQGL,1237.6,8534,394
RJ2RJ2CQ,1209.1,8272,394
8G99C99C8,1194.1,9000,394
29L9CPR28,1173.9,9000,394
P2YQ0QPPY,1257.7,9000,394
JPQ9J880,1098.8,8166,394
9UU8CURPG,1150.6,9000,394
8QUPVVLQ2,1205.6,8731,394
8UL8V2CV,1190.2,8527,394
JLC8U2R0,1129.5,8530,394
Y2YQCC92,1178.4,8560,394
YGQCCGGPQ,1130.5,8530,394
920GJUQG,1317.8,9000,394
PQCYPYCL,1113.7,8533,394
2GPQ8CLG9,1358.6,8748,394
GUJ8908R,1245.1,9000,394
UU80RQGG,1122.9,8509,394
98RY9PCQ,1183.6,8563,394
2U90V9PL9,1337.8,8793,394
89G9J0VR0,1199.5,8530,394
9GUULQJJ,1355.0,9000,394
LVVCR8GJU,1199.4,8457,394
JRGYVV9VC,1179.0,8334,394
PPLULL8J,1148.0,8617,394
9JPRVQY9,1256.3,9000,394
22PV2UUG2,1169.5,8589,394
2JYYVR8UU,1300.2,8500,394
UJJJY8V9G,1162.0,8120,394
LQCJP09P,1146.5,9000,394
RGQVUP0G,1239.8,8649,394
P0JG8RRV,930.3,8500,393
P9Y9RU0U,1143.1,8533,393
QRV8VJVU,1127.0,8538,393
Y080RLL9R,1141.7,8638,393
8PY9L0LLL,1103.6,8787,393
8QYRPULV,1200.7,8366,393
YLVQQLU8,1243.7,9000,393
8R2CQPUPU,1151.0,8500,393
2U89L2J9,1133.5,9000,393
8LR2PUG00,1237.4,9000,393
V8QYJ9P99,1089.3,8564,393
8L2RJG880,1471.8,9000,393
CCJ0CY20L,1141.8,8502,393
2QJLGC922,1224.4,8927,393
8GJVVR9V0,1186.9,8669,393
JC2QJQQ9,1196.9,8500,393
8G8VL2LRU,1248.7,8588,393
P8GPUPCG,1286.7,9000,393
2JR9U8UVC,1206.2,8615,393
9Q0JC0CCJ,1260.3,8390,393
QC89RRCJ,1107.4,8929,393
2RVVL9RJ8,1064.2,8500,393
8VGV8802,1207.7,8670,393
P9JJLRL08,1324.0,8644,393
2QRCU0QJQ,1007.7,8500,393
9UY2QVV9R,1252.1,8619,393
YG8QPRJU,1337.3,9000,393
J8VUQ29,1167.8,8530,393
8L9L0C8UR,1285.4,8648,393
2L0JGG8CC,1337.4,8848,393
JL8V89LV,1263.9,8627,393
U2VPURURC,1210.0,8657,393
22VCU0UVJ,1281.4,9000,393
LG9PPG9V,1172.1,9000,393
QYJ200G8,1279.7,8673,393
2CLG2RPR2,1346.5,8825,393
2RU2RJJU,1194.3,8521,393
L9QQP8JYP,1241.3,8701,393
GG8RV92C,1213.2,8916,393
28RVC0L8U,1195.9,8533,393
80PY9UJ9V,1208.8,8500,393
U889R98,1325.8,9000,393
8LGYUGGR,1106.9,8531,393
9RLPPP0JL,1189.2,9000,393
2LCRVG9C9,1185.8,8638,392
L20JGRRR,1193.2,8531,392
GJL9YUGR,1048.0,9000,392
20V2YCJ2J,1267.8,8699,392
9RGJJ0CL,1248.5,9000,392
QJG8GYR2,1172.1,8530,392
9L8JJ28,1348.5,8842,392
8RJGY9J0Y,1226.2,8570,392
8VPL8RCL,1135.8,8525,392
8QG0PQ0L,1227.6,9000,392
2U2LYJJQQ,1366.4,9000,392
2Q29GLLL,1259.7,8702,392
JCRQV9YR,1343.1,8558,392
P9QLJQP0,1223.1,9000,392
9P92V9PY,1142.4,9000,392
8LPGCGQYC,1161.1,8500,392
PLQLYR2U0,1306.5,9000,392
8LQ8GRPR0,1177.6,8547,392
9JRJLVJVU,1207.6,8659,392
8PJLQVL09,1221.9,8288,392
908LYJUV2,1279.6,9000,392
PL2CQ892L,1195.8,8648,392
92L89LJ,1203.5,8500,392
2GGVQQG8,1212.9,8587,392
2JCYPU2U,1238.8,9000,392
YYV2YVY8,1217.3,8584,392
9YLRU2QQQ,1516.3,9000,392
Y20CRJVYU,1228.7,8500,392
892292YU0,1116.4,8530,392
88J8YC9PP,1276.7,8591,392
YCYULY22L,1294.8,8698,392
9J00Y2CV8,1423.1,9000,392
82QJYRC2,1130.6,8590,392
8LCV0RGLV,1251.7,8596,392
22UC0QQGU,1302.8,8470,392
2LRJL228G,1217.3,8532,392
PLLGP2VUC,1402.3,9000,392
PU9UGUL2V,1254.1,8675,391
2LJGPJ8JQ,1289.9,8852,391
Q09GR9V2,1051.4,8736,391
9CLLRCG2,1169.9,8523,391
2RUL2QPY0,1302.4,8806,391
GQR9PUGCR,1204.7,9000,391
9QLQCPRC0,1263.6,8375,391
U0QU29P,1334.9,9000,391
29UJLJP9U,1270.0,9000,391
2PV98C8Y,1374.7,9000,391
JY8C099,1310.8,8920,391
8URJ8P8L,1178.6,8652,391
20QCU08L,1254.5,8893,391
2RPCPG2G,1187.7,9000,391
2UJY8CVQ,1059.2,8500,391
2LRVL8VCC,1243.3,8528,391
QYC08VQC,1137.1,8645,391
909JP2CQ,1061.3,8035,391
2PCYY9VCL,1203.3,8860,391
9VL209JRG,1377.0,8507,391
L0GQJVYP0,1352.9,8558,391
C8JULU9,1208.3,8573,391
CVPLPCLU0,1334.3,9000,391
8CL0JJ9U,1293.3,8646,391
PY0RUP8JJ,1296.6,8598,391
CG9JYYL9Y,1238.5,8561,391
8PPYJQUJ,1358.3,8748,391
8RR8GQ2Q9,1212.0,8590,391
