card_a,card_b,co_occurrence,win_rate_together
Ice Spirit,The Log,646606,0.5221
Hog Rider,The Log,615862,0.5234
Hog Rider,Ice Spirit,532520,0.5256
Firecracker,Hog Rider,497107,0.5302
Knight,The Log,493734,0.5001
Firecracker,The Log,464206,0.5317
Knight,Tornado,406707,0.5211
Earthquake,The Log,403435,0.5316
Earthquake,Hog Rider,400073,0.5325
Earthquake,Firecracker,383589,0.5345
Bomb Tower,The Log,374174,0.5141
Skeleton,The Log,373392,0.5041
Firecracker,Ice Spirit,368616,0.536
Earthquake,Ice Spirit,359625,0.5354
Barbarian Barrel,Tornado,344750,0.5436
Knight,Poison,317298,0.5244
Firecracker,Goblins,315705,0.5485
Goblins,The Log,312342,0.539
Arrows,Rage,307213,0.5382
Hog Rider,Skeleton,305677,0.5117
Goblins,Mighty Miner,303587,0.5534
Ice Spirit,Skeleton,299437,0.5105
Graveyard,Tornado,293684,0.5414
Goblin Giant,Rage,291079,0.5416
Firecracker,Mighty Miner,286974,0.5519
Baby Dragon,Tornado,281322,0.5408
Graveyard,Knight,281190,0.5411
Ice Spirit,Knight,276857,0.5074
Mini P.E.K.K.A,Rage,275844,0.5361
Goblins,Hog Rider,272141,0.5407
Barbarian Barrel,Knight,271520,0.5463
Goblins,Ice Spirit,260162,0.5413
Arrows,Goblin Gang,256352,0.5424
Goblin Gang,Skeleton Barrel,256065,0.5407
Ice Wizard,Tornado,252918,0.5422
Goblin Giant,Sparky,252241,0.5388
Goblin Giant,Mini P.E.K.K.A,252107,0.541
Poison,Tornado,251660,0.5366
Barbarian Barrel,Graveyard,249046,0.5466
Graveyard,Ice Wizard,248423,0.5427
Baby Dragon,Graveyard,242029,0.5439
Knight,Rage,241127,0.5387
Arrows,Mini P.E.K.K.A,240783,0.5234
Ice Wizard,Knight,240759,0.5432
Rage,Sparky,240465,0.5401
Baby Dragon,Ice Wizard,239224,0.5434
Barbarian Barrel,Tombstone,239194,0.548
Baby Dragon,Knight,238743,0.543
Mini P.E.K.K.A,Sparky,234306,0.5396
Earthquake,Goblins,234253,0.5461
Barbarian Barrel,Poison,232789,0.5451
Baby Dragon,Barbarian Barrel,231892,0.5468
Fireball,The Log,230745,0.5152
Goblin Giant,Knight,228946,0.5389
Arrows,Royal Recruits,227474,0.5404
Graveyard,Poison,226354,0.547
Knight,Mini P.E.K.K.A,223433,0.5381
Mighty Miner,The Log,222193,0.5511
Arrows,Firecracker,220262,0.5221
Bomb Tower,Ice Spirit,219089,0.5464
Tombstone,Tornado,218271,0.5483
Tesla,The Log,216970,0.508
Graveyard,Tombstone,212630,0.5502
Barbarian Barrel,Ice Wizard,212560,0.5481
Poison,Tombstone,212468,0.5486
Ice Wizard,Poison,212427,0.5478
Hog Rider,Knight,212427,0.5093
Mini P.E.K.K.A,Zap,212176,0.528
Hog Rider,Mighty Miner,211592,0.5536
Bomb Tower,Firecracker,210510,0.5513
Ice Spirit,Mighty Miner,210336,0.5539
Firecracker,Mega Knight,208504,0.5152
Earthquake,Mighty Miner,208170,0.5545
Baby Dragon,Poison,206928,0.5484
Bomb Tower,Hog Rider,205739,0.5532
Arrows,Night Witch,204996,0.5404
Knight,Tombstone,203008,0.5513
Firecracker,Goblin Gang,202756,0.5359
Baby Dragon,Tombstone,200537,0.5487
Fireball,Rage,200312,0.5428
Knight,Sparky,199424,0.5384
Ice Wizard,Tombstone,198764,0.55
Arrows,Barbarian,198542,0.5447
Fireball,Hog Rider,196383,0.5093
Bomb Tower,Earthquake,195727,0.5528
Arrows,Zap,192412,0.5241
Miner,The Log,189936,0.4701
Bomb Tower,Miner,189357,0.4696
Fireball,Knight,189234,0.5322
Knight,Tesla,186732,0.5054
Miner,Wall Breakers,186400,0.4718
Bomb Tower,Mighty Miner,185208,0.5551
Night Witch,Rage,185122,0.5474
Goblin Gang,Wall Breakers,181847,0.5407
Firecracker,Knight,180316,0.5176
Musketeer,The Log,178872,0.5142
Firecracker,Skeleton,175709,0.5149
Bat,Mega Knight,173384,0.5184
Arrows,Fireball,172473,0.5379
Royal Recruits,Wall Breakers,170477,0.5437
Bomb Tower,Goblins,170394,0.5544
Bat,Miner,169279,0.4981
Firecracker,Skeleton Barrel,168638,0.5373
The Log,Wall Breakers,168216,0.4731
Hog Rider,Musketeer,168129,0.5097
Earthquake,Skeleton,167150,0.5128
Elixir Golem,Rage,166907,0.5437
Fireball,Skeleton,166286,0.5117
Arrows,Elixir Golem,166251,0.5393
Skeleton Barrel,Wall Breakers,165891,0.5455
Fireball,Musketeer,165661,0.512
Sparky,Zap,165285,0.5345
Rage,Zap,164800,0.5333
Rocket,The Log,164053,0.4981
Hog Rider,Tesla,161964,0.5123
Bomb Tower,Knight,161248,0.4804
Elixir Golem,Night Witch,160781,0.5446
Goblin Gang,Knight,160424,0.5162
Arrows,Mega Knight,160356,0.5064
Goblins,Wall Breakers,159672,0.5471
Bomb Tower,Wall Breakers,159259,0.4681
Miner,Spear Goblin,158749,0.483
Cannon,The Log,158682,0.5059
Fireball,Mother Witch,158448,0.5399
Mega Knight,Zap,157526,0.5194
Barbarian,Rage,156589,0.5537
Goblin Gang,The Log,156508,0.5135
Firecracker,Tesla,155867,0.5136
Musketeer,Skeleton,154253,0.5084
Goblin Gang,Royal Recruits,153911,0.5461
Ice Spirit,Tesla,153807,0.5084
Goblin Giant,Zap,152773,0.5361
Fireball,Goblin Gang,152695,0.5445
Ice Golem,Skeleton,152571,0.5076
Mighty Miner,Wall Breakers,152521,0.5427
Cannon,Hog Rider,152219,0.5091
Fireball,Mini P.E.K.K.A,151624,0.5311
Night Witch,Skeleton King,151317,0.5509
Cannon,Skeleton,150679,0.508
Rage,Skeleton King,149360,0.5512
Goblin Gang,Mighty Miner,149162,0.5446
Royal Recruits,Skeleton Barrel,148952,0.5466
Mighty Miner,Royal Recruits,148674,0.5456
Arrows,Knight,148527,0.529
Mini P.E.K.K.A,Minion,148130,0.5377
Ice Spirit,Musketeer,147917,0.5103
Arrows,Skeleton Barrel,147887,0.539
Knight,Rocket,147789,0.4979
Goblin Barrel,The Log,147719,0.5058
Ice Golem,Musketeer,146258,0.5074
Knight,Miner,145700,0.4736
Goblins,Royal Recruits,145569,0.5485
Spear Goblin,The Log,145372,0.4842
Mighty Miner,Skeleton Barrel,144964,0.5464
Earthquake,Knight,144753,0.5102
Ice Golem,The Log,144483,0.508
Elixir Collector,Rage,144457,0.5454
The Log,Tornado,143995,0.4609
Arrows,Sparky,143910,0.5349
Goblins,Skeleton Barrel,143108,0.5479
Goblins,Knight,142991,0.516
Goblin Barrel,Princess,142494,0.506
Hog Rider,Ice Golem,141961,0.5074
Fireball,Ice Spirit,141195,0.509
Fireball,Goblin Giant,141080,0.5412
Cannon,Fireball,140700,0.5075
Goblin Gang,Goblins,140671,0.5469
Arrows,Goblin Giant,140355,0.5405
Cannon,Ice Spirit,140252,0.5076
Inferno Dragon,Tornado,140147,0.5288
Goblin Barrel,Goblin Gang,140081,0.5092
Bat,Wall Breakers,139651,0.4949
Earthquake,Tesla,139405,0.5133
Knight,Spear Goblin,139339,0.4846
Princess,The Log,138235,0.5056
Barbarian Barrel,Fireball,137262,0.5442
Arrows,Wall Breakers,137031,0.5384
Goblin Gang,Mega Knight,136972,0.5233
Firecracker,Zap,136911,0.5207
Minion,Rage,136751,0.54
Bat,The Log,136441,0.488
Goblin Barrel,Knight,136231,0.5053
Cannon,Musketeer,136093,0.5081
Barbarian,Night Witch,136019,0.5565
Bat,Firecracker,133812,0.5142
Arrows,Flying Machine,133591,0.5344
Firecracker,Mini P.E.K.K.A,133477,0.5114
Firecracker,Wall Breakers,133401,0.5393
Fireball,Ice Golem,132510,0.507
Ice Golem,Ice Spirit,132286,0.5073
Arrows,Skeleton King,131841,0.5506
Fireball,Minion,131261,0.5339
Fireball,Royal Recruits,130926,0.5411
Bat,Spear Goblin,129857,0.4957
Freeze,Inferno Dragon,129424,0.5311
Bat,Zap,127780,0.5233
Knight,Zap,127673,0.5332
Freeze,Tornado,127450,0.5323
Spear Goblin,Wall Breakers,127204,0.4735
Elixir Collector,Night Witch,126874,0.5464
Mini P.E.K.K.A,Mother Witch,126609,0.5403
Cannon,Ice Golem,125919,0.5058
Knight,Princess,125902,0.5048
Mega Minion,Zap,125777,0.5337
Goblin Giant,Minion,125553,0.5455
Bomb Tower,Spear Goblin,125544,0.4729
Mega Minion,Mini P.E.K.K.A,125428,0.5339
Knight,Minion,124658,0.538
Mother Witch,Rage,124415,0.5416
Goblin Barrel,Rocket,123648,0.5036
Knight,Skeleton,122458,0.5037
Poison,The Log,121978,0.4761
Flying Machine,Royal Recruits,121652,0.5344
Goblin Gang,Princess,121627,0.508
Princess,Rocket,121113,0.5035
Mega Minion,Rage,120588,0.5369
Bowler,Tornado,120381,0.5293
Elixir Golem,Skeleton King,119577,0.5529
Goblin Giant,Mother Witch,119392,0.5446
Knight,Wall Breakers,119230,0.4732
Skeleton,Tesla,118689,0.5027
Arrows,Mega Minion,118505,0.5313
Goblin Gang,Rocket,118486,0.5069
Barbarian,Elixir Golem,118041,0.5548
Fireball,Zappies,117934,0.5388
Goblin Gang,Rage,117923,0.5528
Arrows,Goblins,117198,0.5474
Goblin Giant,Mega Minion,116594,0.5376
Miner,Poison,116519,0.4724
Bat,Goblin Gang,116363,0.5274
Inferno Tower,The Log,114765,0.515
Mega Minion,Sparky,114167,0.537
Arrows,Bat,112905,0.5116
Arrows,Mighty Miner,112654,0.5455
Executioner,Tornado,112466,0.5038
Bomb Tower,Poison,112419,0.4736
Barbarian Barrel,Zappies,110293,0.5402
Barbarian,Skeleton King,110288,0.5613
Ice Spirit,Rocket,110195,0.5005
Elixir Collector,Skeleton King,110076,0.5489
Minion,Sparky,109338,0.546
Goblin Gang,Zap,109108,0.5269
Dart Goblin,Skeleton Barrel,108515,0.536
Electro Spirit,The Log,107883,0.5067
Knight,Mega Minion,107274,0.5333
Hog Rider,Valkyrie,106658,0.5062
Arrows,Elixir Collector,106646,0.5417
Goblin Gang,Night Witch,106633,0.5577
Minion,Mother Witch,106512,0.546
Goblin Gang,Skeleton King,106378,0.5594
Knight,Mother Witch,106344,0.5432
Mega Knight,Skeleton Barrel,103723,0.5254
Barbarian,Fireball,102555,0.5463
Barbarian,Goblin Gang,102262,0.5574
Dart Goblin,Goblin Gang,102151,0.5367
Fireball,Skeleton King,101985,0.553
Hog Rider,Mega Knight,101606,0.5135
Bowler,Inferno Dragon,101392,0.5317
Arrows,Zappies,101131,0.5345
Royal Hogs,Zappies,100387,0.5358
Fireball,Flying Machine,100380,0.5384
Electro Wizard,Zap,99613,0.5123
Flying Machine,Royal Hogs,99462,0.5357
Flying Machine,Zappies,99363,0.5363
Bowler,Freeze,99050,0.5318
Inferno Dragon,Mega Knight,98967,0.5141
Arrows,Royal Hogs,98162,0.5326
Mother Witch,Sparky,97890,0.5443
Royal Hogs,Royal Recruits,97798,0.5357
Royal Recruits,Zappies,97522,0.5363
Elixir Collector,Elixir Golem,96483,0.5467
Bat,Poison,95142,0.4801
Bat,Bomb Tower,94903,0.4811
Poison,Wall Breakers,94806,0.4759
Arrows,Valkyrie,94704,0.4997
Barbarian,Elixir Collector,94315,0.5556
Hog Rider,Zap,94234,0.5168
Balloon,Lumberjack,94076,0.531
Mega Knight,Mini P.E.K.K.A,93769,0.5083
Arrows,Skeleton Army,93179,0.5022
Barbarian Barrel,Flying Machine,92975,0.5375
Poison,Spear Goblin,92732,0.4757
Arrows,Hog Rider,92020,0.5107
Inferno Tower,Knight,91977,0.5141
Barbarian Barrel,Royal Recruits,91782,0.5406
Fisherman,Royal Giant,91277,0.5435
Elixir Collector,Goblin Gang,90455,0.5543
Fireball,Sparky,90373,0.542
Fireball,Zap,90141,0.5138
Bat,Knight,89499,0.4806
Arrows,Barbarian Barrel,89197,0.5388
Fireball,Royal Hogs,88676,0.536
Fireball,Royal Giant,88579,0.5391
Bomb Tower,Tornado,88563,0.4566
Bomb Tower,Skeleton,87916,0.5004
Barbarian Barrel,Royal Hogs,87333,0.5399
Firecracker,Valkyrie,87048,0.5017
Barbarian Barrel,Inferno Dragon,87013,0.5415
Dart Goblin,Wall Breakers,86730,0.5396
Hog Rider,Mini P.E.K.K.A,86638,0.5102
Goblin Cage,Royal Hogs,86309,0.5384
Barbarian Barrel,Goblin Cage,86256,0.5398
Goblin Barrel,Inferno Tower,86243,0.5118
Fireball,Goblin Cage,85967,0.5379
Fireball,Firecracker,85936,0.5159
Goblin Cage,Royal Recruits,85741,0.5388
Goblin Cage,Zappies,85443,0.5396
Bat,Skeleton Barrel,85230,0.5282
Fireball,Fisherman,84618,0.5444
Flying Machine,Goblin Cage,84432,0.5395
Balloon,Inferno Dragon,83826,0.5307
Mega Knight,Miner,82954,0.5152
Arrows,Inferno Dragon,82937,0.5094
Goblins,Tornado,82699,0.4954
Bandit,Royal Ghost,82069,0.5217
Fireball,Night Witch,81581,0.5531
Miner,Zap,81477,0.5159
Executioner,Knight,81387,0.5047
Firecracker,Royal Recruits,81048,0.5484
Barbarian Barrel,Freeze,80837,0.5439
Goblin Gang,Inferno Tower,80683,0.511
Miner,Tornado,80508,0.4499
Fireball,Goblins,80290,0.5431
Lumberjack,Tornado,79331,0.5416
The Log,Valkyrie,79233,0.4827
Arrows,Goblin Cage,79157,0.5394
Barbarian Barrel,Lumberjack,78070,0.5411
Elixir Golem,Goblin Gang,77976,0.5623
Fireball,Skeleton Barrel,77567,0.5411
Inferno Dragon,Knight,77561,0.5165
Arrows,Electro Wizard,77359,0.5134
Inferno Tower,Princess,77316,0.5135
Goblin Barrel,Ice Spirit,77140,0.51
Dart Goblin,Royal Recruits,77078,0.5416
Dart Goblin,Mighty Miner,76969,0.5403
Balloon,Freeze,76925,0.5345
Freeze,Graveyard,76901,0.5202
Ice Spirit,Inferno Tower,76804,0.5199
Electro Wizard,Firecracker,76536,0.5103
Balloon,Barbarian Barrel,76379,0.5387
Arrows,Minion,76268,0.5112
Bandit,Firecracker,76129,0.5214
Balloon,Tornado,75698,0.5338
Electro Spirit,Knight,75326,0.5043
Bandit,Battle Ram,75074,0.5225
Ice Spirit,Princess,75013,0.5093
Goblin Gang,Ice Spirit,74514,0.511
Barbarian Barrel,Bowler,74086,0.5404
Hog Rider,Tornado,73914,0.4794
Graveyard,Inferno Dragon,73834,0.5222
Dark Prince,Goblin Giant,73787,0.5397
Bandit,Zap,72897,0.5125
Ice Spirit,Tornado,72776,0.4833
Inferno Tower,Rocket,72776,0.5063
Electro Wizard,Mega Knight,72588,0.5055
Inferno Dragon,Zap,71582,0.5235
Arrows,Lightning,71031,0.5045
Battle Ram,Royal Ghost,70644,0.5234
Electro Dragon,Tornado,70549,0.5376
Goblin Gang,Miner,69455,0.5213
Dart Goblin,Goblins,68847,0.5445
Inferno Dragon,Lumberjack,68504,0.5378
Electro Wizard,P.E.K.K.A,68496,0.4929
Freeze,Knight,67888,0.5196
Goblin Gang,Spear Goblin,66762,0.5344
Bandit,Electro Wizard,66132,0.5054
Electro Wizard,Mini P.E.K.K.A,65970,0.5158
Baby Dragon,Inferno Dragon,65146,0.5165
Bowler,Graveyard,65139,0.5185
Minion,Zap,64660,0.5147
Dark Prince,Rage,64570,0.5387
Bat,Mini P.E.K.K.A,64180,0.5164
Tornado,Wall Breakers,63656,0.4463
Freeze,Lumberjack,63467,0.5415
Magic Archer,Tornado,63439,0.4509
Arrows,Dart Goblin,62394,0.5319
Magic Archer,The Log,62375,0.4525
P.E.K.K.A,Zap,62353,0.4929
Bandit,Mega Knight,61929,0.525
Mega Knight,Prince,61853,0.5135
Arrows,Balloon,61663,0.4971
Hog Rider,Skeleton Army,61192,0.4984
Arrows,Giant,61036,0.5159
Prince,Zap,60944,0.5146
Hog Rider,Wizard,60607,0.4917
Baby Dragon,Bowler,60555,0.5214
Arrows,Witch,60536,0.4951
Arrows,Prince,60084,0.5061
Dark Prince,Mini P.E.K.K.A,60069,0.5373
Electro Wizard,Hog Rider,59747,0.5127
Lightning,Tornado,59718,0.5091
Rocket,Tesla,59560,0.4919
Mega Knight,Skeleton Army,59462,0.5035
Bat,Inferno Dragon,59280,0.5241
Baby Dragon,Freeze,58850,0.5205
Goblin Gang,Inferno Dragon,58791,0.5273
Electro Giant,Tornado,58491,0.5066
Electro Wizard,Fireball,58347,0.5078
Executioner,Hog Rider,57646,0.4929
Electro Dragon,Elixir Golem,57466,0.5151
Bat,Skeleton Army,57446,0.512
Goblin Barrel,Tesla,57211,0.4957
Magic Archer,Miner,57196,0.447
Mega Knight,Wall Breakers,57169,0.5159
Arrows,Bandit,56722,0.5224
Barbarian Barrel,Fisherman,56714,0.5479
Firecracker,Prince,56662,0.5175
Magic Archer,Wall Breakers,56374,0.4475
Bomb Tower,Magic Archer,56370,0.4471
Inferno Dragon,Miner,55984,0.5239
Goblin Gang,Hog Rider,55832,0.5196
Firecracker,Inferno Dragon,55802,0.5143
Balloon,Bowler,55773,0.5446
Skeleton Barrel,Zap,55765,0.5285
Barbarian Barrel,Electro Dragon,55748,0.5424
Electro Dragon,Lumberjack,55748,0.5443
Skeleton Barrel,Spear Goblin,55037,0.5385
Bowler,Lumberjack,54978,0.5434
Dark Prince,Zap,54663,0.5306
Golem,Night Witch,54471,0.5092
Executioner,Goblins,54181,0.5129
Bat,Prince,54158,0.5158
Firecracker,Tornado,53996,0.4954
Electro Spirit,Fireball,53771,0.5424
Mini P.E.K.K.A,The Log,53740,0.5092
Executioner,The Log,53561,0.4814
Fisherman,Mother Witch,53310,0.5378
Mini P.E.K.K.A,Valkyrie,53168,0.5011
Inferno Dragon,Skeleton Barrel,53162,0.5279
Fireball,Valkyrie,53097,0.5032
Firecracker,Skeleton Army,53036,0.5031
Executioner,Ice Spirit,52917,0.4937
Firecracker,Miner,52506,0.5165
Miner,Skeleton,52367,0.4662
Princess,Tesla,51416,0.4957
Elixir Golem,Fireball,51031,0.5646
Arrows,Dark Prince,51012,0.519
Arrows,Electro Dragon,51006,0.524
Dark Prince,Fireball,50777,0.5373
Bowler,Knight,50528,0.51
Electro Spirit,Tesla,50407,0.5023
Bat,Hog Rider,50382,0.5014
Mother Witch,Zappies,50369,0.5356
Electro Wizard,Rage,50243,0.5281
Valkyrie,Wizard,50230,0.4907
Battle Healer,Electro Dragon,50197,0.5249
Goblin Gang,Tesla,50149,0.5017
Skeleton Army,Wizard,49590,0.4856
Skeleton Army,Valkyrie,49539,0.4945
Fireball,Phoenix,49532,0.5336
Electro Spirit,Goblins,49392,0.5325
Hog Rider,Inferno Tower,49320,0.5172
Fireball,Wall Breakers,49285,0.5409
Battle Healer,Elixir Golem,49264,0.5256
Barbarian Barrel,Lightning,49131,0.5117
Barbarian Barrel,Royal Giant,48825,0.5466
Mighty Miner,Skeleton,48756,0.5356
Barbarian Barrel,Phoenix,48749,0.5332
Arrows,Lumberjack,48588,0.5053
Lightning,Mini P.E.K.K.A,48524,0.5041
Firecracker,Inferno Tower,48434,0.5199
Miner,Skeleton Barrel,48421,0.526
Skeleton Army,Zap,48325,0.5127
Electro Spirit,Fisherman,48068,0.5461
Dark Prince,Electro Wizard,48060,0.537
Bowler,Ice Wizard,47983,0.5103
Knight,Musketeer,47596,0.5275
Barbarian Barrel,Mother Witch,47528,0.5399
Electro Spirit,Royal Giant,47416,0.5446
Electro Dragon,Inferno Dragon,47340,0.5382
Firecracker,Lightning,47172,0.5057
Tornado,Valkyrie,47082,0.4599
Fireball,Tombstone,46840,0.5297
Mega Knight,Wizard,46554,0.489
Arrows,Elite Barbarian,46146,0.5031
Electro Wizard,Royal Ghost,45817,0.4982
Valkyrie,Witch,45803,0.496
Skeleton,Valkyrie,45633,0.4666
Electro Spirit,Rocket,45553,0.4898
Elixir Collector,Knight,45397,0.5382
Valkyrie,Zap,45255,0.5084
Skeleton King,Tombstone,45253,0.5354
Balloon,Fireball,45229,0.5026
Bandit,P.E.K.K.A,45210,0.4889
Bandit,Magic Archer,45208,0.5187
Arrows,Musketeer,45152,0.5068
Electro Dragon,Rage,45002,0.5213
Arrows,Wizard,44994,0.4901
Electro Spirit,Goblin Barrel,44947,0.4916
Goblins,Tesla,44772,0.5321
Arrows,Mother Witch,44770,0.5231
Phoenix,Tornado,44722,0.5139
Fireball,Royal Ghost,44256,0.5341
Arrows,Minion Horde,44218,0.5037
Mega Knight,Witch,44202,0.4924
Goblin Gang,Mini P.E.K.K.A,44025,0.5231
Royal Giant,The Log,43930,0.5326
Dart Goblin,Fireball,43870,0.5327
Barbarian Barrel,Goblins,43706,0.5477
Ice Wizard,Inferno Dragon,43462,0.5102
Elite Barbarian,Zap,43213,0.5174
Goblin Barrel,Skeleton Army,43205,0.5144
Battle Healer,Rage,42916,0.5236
Skeleton Army,Witch,42907,0.4897
Magic Archer,Royal Ghost,42900,0.5144
Fireball,Skeleton Army,42833,0.5004
Fisherman,Zappies,42786,0.5388
Hog Rider,Rocket,42762,0.4886
Flying Machine,Night Witch,42669,0.5254
Electro Spirit,Princess,42663,0.4912
Spear Goblin,Tornado,42629,0.4657
Skeleton,Tornado,42625,0.4603
Minion Horde,Skeleton Army,42443,0.4937
Goblin Gang,Goblin Giant,42370,0.5444
Skeleton Barrel,The Log,42335,0.5351
Arrows,Battle Healer,42325,0.5251
Hog Rider,Witch,41943,0.4996
Elite Barbarian,Rage,41929,0.5063
Battle Ram,Magic Archer,41863,0.5217
Executioner,Graveyard,41610,0.5358
Electro Wizard,Sparky,41609,0.5364
Mother Witch,Royal Giant,41382,0.538
Mega Knight,Valkyrie,41311,0.4953
Fireball,Mighty Miner,41226,0.5363
Fireball,Spear Goblin,41148,0.5399
Battle Ram,Electro Wizard,41117,0.4956
Freeze,Ice Wizard,41086,0.512
Fisherman,Skeleton King,40979,0.5366
Electro Giant,Lightning,40874,0.5083
Firecracker,Night Witch,40852,0.5066
Firecracker,Lumberjack,40486,0.5031
Elixir Golem,Flying Machine,40443,0.5253
Electro Dragon,Night Witch,40402,0.5242
Mother Witch,Skeleton King,40399,0.5374
Fireball,Inferno Dragon,40362,0.518
Battle Ram,P.E.K.K.A,39832,0.4918
Bowler,Electro Dragon,39760,0.5476
Barbarian,Zap,39737,0.5227
Balloon,Electro Dragon,39583,0.5457
Knight,Magic Archer,39459,0.4692
Fireball,Witch,39406,0.5007
Flying Machine,Rage,39334,0.5344
Electro Spirit,Skeleton,39274,0.5128
Goblin Barrel,Mega Knight,38999,0.51
Rocket,Tornado,38965,0.4834
Arrows,Royal Ghost,38949,0.535
Barbarian Barrel,Electro Spirit,38858,0.5428
Royal Giant,Skeleton King,38793,0.5372
Elixir Collector,Fireball,38700,0.5498
Barbarian Barrel,Executioner,38540,0.5373
Royal Ghost,Zap,38527,0.4905
Firecracker,Rage,38520,0.5011
Electro Wizard,Poison,38512,0.4927
Bat,Fireball,38389,0.5263
Firecracker,Poison,38277,0.4955
Dark Prince,Firecracker,38210,0.5241
Spear Goblin,Zap,38201,0.5241
Mortar,The Log,38097,0.5311
Electro Dragon,Freeze,38082,0.5478
Firecracker,Goblin Barrel,37868,0.5136
Balloon,Valkyrie,37636,0.5012
Skeleton Army,The Log,37633,0.5049
Battle Ram,Zap,37626,0.4918
Fireball,Mega Knight,37620,0.4981
Wizard,Zap,37594,0.4935
Dark Prince,Knight,37556,0.5316
Mini P.E.K.K.A,Wizard,37474,0.4911
Electro Spirit,Goblin Gang,37429,0.4983
Firecracker,Witch,37415,0.4854
Royal Giant,Zappies,37381,0.5393
Tesla,Valkyrie,37147,0.5106
Barbarian Barrel,Firecracker,36989,0.512
Skeleton King,Zappies,36828,0.5409
Giant,Zap,36765,0.5143
Witch,Zap,36635,0.4991
Fisherman,Royal Ghost,36617,0.546
Fisherman,Phoenix,36539,0.5535
Mini P.E.K.K.A,Skeleton Army,36440,0.497
Knight,Skeleton Barrel,36430,0.5385
Goblins,Phoenix,36388,0.5404
Firecracker,Royal Ghost,36381,0.507
Magic Archer,Spear Goblin,36297,0.4676
Phoenix,Royal Giant,36292,0.5526
Lightning,Mega Knight,36240,0.5073
Fireball,Tornado,36041,0.4936
Fisherman,The Log,35956,0.5365
Balloon,Skeleton Army,35955,0.4952
Royal Giant,Tombstone,35843,0.5388
Dark Prince,Sparky,35838,0.5398
Mega Knight,Minion,35771,0.4984
Flying Machine,Skeleton King,35703,0.5364
Mega Knight,Spear Goblin,35697,0.5268
Mini P.E.K.K.A,Witch,35688,0.4898
Balloon,Mega Knight,35233,0.4854
Fisherman,Tombstone,35203,0.5395
Electro Wizard,Valkyrie,35147,0.5008
Dark Prince,Minion,35057,0.5234
P.E.K.K.A,Royal Ghost,34962,0.4898
Arrows,Miner,34958,0.4964
Executioner,Freeze,34804,0.5263
Tombstone,Zappies,34772,0.5411
Wall Breakers,Zap,34720,0.5178
Miner,Valkyrie,34483,0.4432
Inferno Tower,Skeleton Army,34465,0.5073
Mother Witch,Tombstone,34395,0.5404
Barbarian,Goblin Giant,34391,0.5571
Lightning,Phoenix,34384,0.5157
Rage,Royal Recruits,34369,0.5211
Mini P.E.K.K.A,Night Witch,34239,0.5049
Fireball,Mortar,34031,0.5422
Balloon,Rage,34026,0.4947
Goblin Gang,Prince,33835,0.5256
Mega Knight,The Log,33833,0.506
Lumberjack,Zap,33672,0.5104
Mini P.E.K.K.A,Tornado,33629,0.4964
Lightning,The Log,33608,0.5098
Dart Goblin,Mega Knight,33582,0.5113
Electro Spirit,Hog Rider,33528,0.5101
Giant,Witch,33441,0.5045
Goblin Gang,Valkyrie,33215,0.5035
Electro Wizard,Goblin Giant,33196,0.5443
Elixir Collector,Royal Recruits,33100,0.53
Barbarian Barrel,Skeleton King,33078,0.5346
Arrows,Golem,33073,0.5128
Balloon,Knight,32997,0.5034
Firecracker,Minion,32865,0.5129
Arrows,Inferno Tower,32827,0.4924
Night Witch,Zap,32785,0.5159
Giant Snowball,Musketeer,32715,0.518
Lumberjack,Mega Knight,32700,0.4913
The Log,Wizard,32641,0.4792
Battle Healer,Night Witch,32636,0.5338
Electro Wizard,Magic Archer,32618,0.4865
Baby Dragon,Lumberjack,32383,0.5225
Executioner,Rocket,32356,0.4873
Skeleton,Wall Breakers,32278,0.4342
Fire Spirit,The Log,32244,0.5155
Royal Ghost,Royal Giant,32164,0.5574
Arrows,Goblin Barrel,32080,0.5067
Arrows,Graveyard,32043,0.5242
Bandit,Bat,31811,0.5226
Goblin Gang,Mortar,31787,0.5463
Executioner,Inferno Dragon,31779,0.5314
Goblins,Rocket,31596,0.4959
Mortar,Skeleton Barrel,31540,0.5452
Inferno Dragon,Rage,31483,0.5025
Knight,Mortar,31440,0.5306
Elixir Collector,Goblin Giant,31426,0.5493
Fisherman,Goblins,31351,0.5696
Hog Rider,Lightning,31345,0.5103
Fireball,Wizard,31310,0.4964
Arrows,P.E.K.K.A,31302,0.5033
Tornado,Wizard,31270,0.4824
Giant,Skeleton Army,31061,0.5157
Giant,Minion,30950,0.505
Inferno Tower,Valkyrie,30803,0.5062
Magic Archer,Valkyrie,30780,0.4398
Golem,Tornado,30677,0.5212
Baby Dragon,Balloon,30529,0.5149
Dark Prince,Mother Witch,30508,0.5406
Bat,Valkyrie,30495,0.496
Lightning,Night Witch,30454,0.5048
Elite Barbarian,Firecracker,30434,0.5076
Barbarian,Minion,30380,0.5312
Dart Goblin,Goblin Barrel,30252,0.5191
Firecracker,P.E.K.K.A,30134,0.5036
Arrows,Phoenix,30069,0.5111
Arrows,Tornado,29919,0.5044
Hog Rider,Minion,29797,0.5171
Balloon,Miner,29752,0.5126
Dart Goblin,Firecracker,29514,0.5163
Hog Rider,Minion Horde,29439,0.4979
Royal Recruits,Skeleton King,29384,0.5285
Barbarian,Electro Dragon,29361,0.5395
Mini P.E.K.K.A,Skeleton Barrel,29336,0.5227
Goblin Barrel,Skeleton Barrel,29108,0.5166
Bat,Rage,29088,0.5056
Fireball,Mega Minion,29051,0.5179
Hog Rider,Inferno Dragon,28992,0.5098
Inferno Dragon,Spear Goblin,28843,0.5285
Goblins,Royal Giant,28826,0.5655
Arrows,Bomber,28784,0.5084
Giant,Mini P.E.K.K.A,28694,0.5087
Ice Spirit,Poison,28648,0.496
Fireball,P.E.K.K.A,28597,0.4928
Night Witch,Royal Recruits,28566,0.5245
Prince,Skeleton Army,28558,0.4901
Barbarian,Hog Rider,28446,0.5201
Rage,Valkyrie,28434,0.4911
Barbarian Barrel,Skeleton,28419,0.5282
Mega Knight,Rage,28349,0.4906
Elixir Golem,Royal Recruits,28285,0.5252
Electro Spirit,Phoenix,28238,0.5589
Fireball,Giant,28235,0.5177
Musketeer,Valkyrie,28198,0.5075
Tornado,Zap,28195,0.5086
Electro Wizard,Lightning,28043,0.5058
Witch,Wizard,27997,0.4922
Barbarian Barrel,Giant Snowball,27918,0.5139
Golem,Lumberjack,27916,0.5216
Arrows,Baby Dragon,27824,0.4903
Bandit,Hog Rider,27809,0.5225
Skeleton Army,Skeleton Barrel,27785,0.5245
P.E.K.K.A,Poison,27631,0.4896
Rage,Witch,27609,0.4949
Archer Queen,Arrows,27595,0.5401
Bomb Tower,Valkyrie,27572,0.4322
Mini P.E.K.K.A,Skeleton,27551,0.515
Electro Spirit,Firecracker,27519,0.5087
Valkyrie,Wall Breakers,27476,0.4321
Inferno Dragon,Mini P.E.K.K.A,27341,0.5073
Balloon,Wizard,27288,0.4945
The Log,Zap,27284,0.5026
Hunter,Royal Ghost,27174,0.5401
Lumberjack,Valkyrie,27135,0.497
Firecracker,Golem,27118,0.5087
Elixir Collector,Three Musketeers,27104,0.5385
Goblins,Musketeer,27098,0.5399
Elite Barbarian,Hog Rider,27095,0.5075
Electro Giant,Phoenix,27054,0.5038
Goblin Giant,Night Witch,27022,0.5489
Electro Wizard,The Log,27013,0.5094
Bandit,Fireball,26984,0.5024
Balloon,Firecracker,26934,0.5014
Knight,Lightning,26908,0.5055
Bandit,Wall Breakers,26893,0.5286
Executioner,Poison,26889,0.4843
Arrows,Magic Archer,26868,0.531
Prince,Wall Breakers,26789,0.5177
Arrows,The Log,26751,0.5031
Balloon,Giant Snowball,26744,0.5146
Poison,Zap,26641,0.4862
Golem,Lightning,26636,0.5031
Barbarian,Heal Spirit,26617,0.5541
Fireball,Lumberjack,26610,0.5186
Dart Goblin,Skeleton Army,26466,0.5264
Inferno Dragon,Skeleton Army,26421,0.4991
Arrows,Royal Giant,26327,0.5104
Balloon,Bat,26320,0.5058
Miner,Musketeer,26277,0.517
Musketeer,Zap,26250,0.5155
Prince,Valkyrie,26246,0.4964
Balloon,Musketeer,26237,0.5168
Minion Horde,Valkyrie,26203,0.4896
Barbarian Barrel,Musketeer,26173,0.5168
Knight,Phoenix,26145,0.504
Rage,Wizard,26135,0.4819
Magic Archer,Zap,26044,0.4897
Dark Prince,Tornado,26035,0.5208
Baby Dragon,Lightning,26028,0.4977
Rage,Skeleton Army,26004,0.4909
Elixir Golem,Firecracker,25939,0.4955
Ice Spirit,Valkyrie,25889,0.506
Dart Goblin,The Log,25826,0.518
Golem,Mini P.E.K.K.A,25788,0.5038
Balloon,Zap,25717,0.5039
Inferno Dragon,Lightning,25573,0.4976
Magic Archer,P.E.K.K.A,25439,0.4848
Mortar,Spear Goblin,25404,0.5535
Balloon,Skeleton,25340,0.5155
Goblin Giant,Skeleton King,25311,0.551
Barbarian Barrel,Electro Giant,25306,0.5166
Elixir Collector,Flying Machine,25236,0.5238
Barbarian,Battle Healer,25184,0.5355
Electro Spirit,Royal Ghost,25108,0.5566
Firecracker,Wizard,25102,0.4869
Ice Spirit,Miner,25092,0.4848
Minion Horde,Witch,25062,0.4978
Lightning,Valkyrie,24920,0.5037
Bat,Goblin Barrel,24811,0.514
Electro Wizard,Wizard,24763,0.4934
Heal Spirit,Royal Ghost,24711,0.5555
Elite Barbarian,Fireball,24693,0.5078
Electro Dragon,Elixir Collector,24692,0.5381
Miner,Prince,24681,0.508
Earthquake,Inferno Tower,24664,0.5369
Hog Rider,P.E.K.K.A,24606,0.5036
Lumberjack,Phoenix,24594,0.52
Goblins,Inferno Dragon,24553,0.5366
Lumberjack,Wizard,24452,0.4937
Executioner,Zap,24435,0.5071
Arrows,Giant Skeleton,24414,0.5027
Mother Witch,Royal Recruits,24392,0.5321
Dark Prince,Goblin Gang,24352,0.5386
Fireball,Minion Horde,24314,0.5097
Earthquake,Electro Spirit,24259,0.5053
Freeze,Goblins,24238,0.5387
Giant,Minion Horde,24175,0.5113
Hunter,Knight,24165,0.5278
Hog Rider,Prince,24160,0.5018
Electro Wizard,Lumberjack,24142,0.499
Barbarian Barrel,Elixir Collector,24134,0.5492
Rocket,Valkyrie,24119,0.4969
Dark Prince,Prince,24024,0.5252
Giant,Graveyard,23965,0.5216
Executioner,Mega Knight,23891,0.495
Mega Knight,Tornado,23890,0.4975
Bat,Lumberjack,23783,0.5042
Night Witch,Tornado,23778,0.5085
Barbarian Barrel,Hunter,23767,0.5366
Barbarian Barrel,Bomb Tower,23734,0.5196
Electro Wizard,Goblin Gang,23688,0.5182
The Log,X-Bow,23672,0.5256
Arrows,Bowler,23630,0.5268
Barbarian,Inferno Dragon,23620,0.5359
Barbarian Barrel,Golem,23612,0.5136
Bandit,Knight,23548,0.5296
Princess,Skeleton Army,23542,0.5194
Minion Horde,Wizard,23541,0.4912
Lumberjack,Skeleton Army,23499,0.5015
Electro Wizard,Knight,23451,0.5299
Royal Ghost,The Log,23372,0.5394
Archer Queen,The Log,23285,0.5021
Goblins,Graveyard,23195,0.5383
Electro Wizard,Skeleton Army,23185,0.5047
Arrows,Battle Ram,23174,0.5498
Goblins,Inferno Tower,23157,0.5354
Royal Ghost,Three Musketeers,23140,0.5423
Inferno Dragon,Valkyrie,23086,0.4924
Goblin Gang,Skeleton Army,23074,0.5092
Hog Rider,Lumberjack,23027,0.498
Bandit,Prince,23012,0.5089
Minion Horde,Zap,23009,0.5023
Dark Prince,Mega Knight,22984,0.5208
Barbarian,Giant,22920,0.5204
Battle Ram,Fireball,22900,0.4956
Archer Queen,Bandit,22862,0.5522
Bandit,Heal Spirit,22817,0.5544
Fireball,Prince,22805,0.5154
Bomb Tower,Musketeer,22791,0.5217
Giant,Musketeer,22767,0.5045
Fireball,Miner,22739,0.5046
Knight,Royal Ghost,22681,0.538
Magic Archer,Skeleton,22668,0.4217
Phoenix,Royal Ghost,22627,0.5606
Arrows,Heal Spirit,22460,0.5512
Bat,Dark Prince,22433,0.5273
Giant Skeleton,Hog Rider,22413,0.5043
Heal Spirit,Rage,22397,0.5337
Knight,X-Bow,22354,0.5266
Arrows,Executioner,22290,0.501
Bomber,Fireball,22267,0.494
Royal Delivery,The Log,22247,0.4945
Bandit,Goblin Gang,22189,0.5358
Balloon,Witch,22174,0.4864
Firecracker,Mother Witch,22164,0.4897
Executioner,Valkyrie,22155,0.4955
Bomber,Tornado,22151,0.5048
Earthquake,Tornado,22139,0.4412
Archer Queen,Barbarian,22139,0.5432
Arrows,Tombstone,22134,0.5118
Bat,Royal Giant,22105,0.5096
Electro Wizard,Tornado,22089,0.5
Mortar,Musketeer,21964,0.5488
Electro Spirit,Zappies,21823,0.5173
Electro Giant,Knight,21815,0.5023
Bandit,Three Musketeers,21779,0.5393
Elixir Collector,Royal Ghost,21763,0.5417
Firecracker,Spear Goblin,21736,0.5364
Bandit,Poison,21721,0.4925
Electro Spirit,Royal Hogs,21649,0.5161
Barbarian Barrel,Ice Golem,21612,0.5136
Barbarian,Tornado,21555,0.5322
Bat,Goblin Giant,21494,0.5268
Bat,Wizard,21478,0.5012
Goblin Gang,Musketeer,21419,0.5303
Electro Wizard,Elite Barbarian,21366,0.5173
Barbarian,Wizard,21336,0.5105
Baby Dragon,Valkyrie,21312,0.4795
Dark Prince,Lightning,21261,0.5133
Mother Witch,Zap,21183,0.528
Electro Spirit,Royal Recruits,21169,0.5167
Arrows,Electro Spirit,21164,0.5104
Baby Dragon,Mini P.E.K.K.A,21162,0.4874
Electro Wizard,Inferno Dragon,21039,0.4966
Arrows,Freeze,21022,0.5112
Bandit,Elixir Collector,21011,0.5408
Hog Rider,Rage,20960,0.5018
Bat,Dart Goblin,20958,0.5062
Barbarian,Mother Witch,20950,0.5429
Mega Knight,Mother Witch,20919,0.488
Balloon,Ice Golem,20916,0.5193
Firecracker,Mortar,20907,0.5187
Fireball,Magic Archer,20896,0.4874
Lumberjack,Night Witch,20879,0.5107
Flying Machine,Mother Witch,20859,0.5189
Minion Horde,Rage,20829,0.4864
Rage,Royal Ghost,20817,0.5312
Barbarian Barrel,Royal Ghost,20716,0.5664
Earthquake,Valkyrie,20673,0.5054
Barbarian,Magic Archer,20671,0.5507
Barbarian Barrel,Dark Prince,20671,0.5226
Knight,Three Musketeers,20663,0.5415
Balloon,Mini P.E.K.K.A,20626,0.4979
Bat,Goblins,20620,0.5066
Bandit,Barbarian,20606,0.5577
Firecracker,Guard,20599,0.5098
Knight,Wizard,20572,0.4697
Royal Giant,Skeleton,20541,0.5338
Barbarian Barrel,Miner,20530,0.5142
Fireball,Tesla,20471,0.5226
Barbarian,Royal Ghost,20430,0.5615
Lumberjack,Witch,20427,0.4892
Firecracker,Giant Skeleton,20420,0.5095
Poison,Royal Ghost,20394,0.4795
Giant Snowball,Miner,20296,0.518
Balloon,Phoenix,20242,0.4946
Dark Prince,Mega Minion,20181,0.5405
Dark Prince,Hog Rider,20059,0.5298
Barbarian,Graveyard,20048,0.5435
Royal Giant,Zap,20042,0.5053
Barbarian,Minion Horde,20034,0.5126
Barbarian,Musketeer,20010,0.5229
Firecracker,Goblin Giant,19987,0.513
Bandit,Dark Prince,19928,0.5263
Goblins,Miner,19921,0.4998
Electro Spirit,Flying Machine,19917,0.5171
Elixir Collector,Golem,19867,0.533
The Log,Witch,19840,0.4991
Mega Knight,Night Witch,19830,0.5017
Prince,Rage,19826,0.4956
Arrows,Giant Snowball,19812,0.5156
Barbarian,Sparky,19789,0.5541
Baby Dragon,Golem,19784,0.5029
Freeze,Hog Rider,19758,0.5102
Poison,Royal Recruits,19752,0.5088
Bandit,Rage,19744,0.5172
Archer Queen,Royal Ghost,19683,0.5591
Barbarian,Mini P.E.K.K.A,19674,0.5308
Arrows,Spear Goblin,19662,0.5143
Mega Knight,Royal Ghost,19630,0.4992
Bomber,Electro Giant,19607,0.5041
Bat,Sparky,19601,0.5187
Giant Snowball,Ice Golem,19584,0.5153
Firecracker,Royal Hogs,19575,0.5025
Skeleton Army,Tornado,19508,0.4952
Dart Goblin,Mini P.E.K.K.A,19470,0.513
Elixir Collector,Tornado,19400,0.5335
Bomb Tower,Executioner,19357,0.4678
P.E.K.K.A,Wizard,19344,0.4879
Electro Wizard,Executioner,19287,0.4986
Bomber,Phoenix,19237,0.5042
Ice Golem,Mini P.E.K.K.A,19231,0.519
Bomber,Knight,19216,0.4949
Bandit,The Log,19194,0.5193
Archer Queen,Heal Spirit,19175,0.5569
Bat,Night Witch,19156,0.5062
Battle Ram,Knight,19147,0.5344
Barbarian,Battle Ram,19143,0.5592
Baby Dragon,Fireball,19124,0.4907
Arrows,Rocket,19119,0.4943
Hog Rider,Poison,19117,0.5032
Baby Dragon,Night Witch,19112,0.4979
Mini P.E.K.K.A,Musketeer,19109,0.4977
Elite Barbarian,Wizard,19089,0.4958
Archer Queen,Magic Archer,19055,0.5624
Dart Goblin,Zap,19012,0.5095
Balloon,Bomber,18993,0.4913
Goblin Barrel,Valkyrie,18966,0.5011
Giant Snowball,Skeleton,18955,0.5193
Inferno Tower,Zap,18944,0.4916
Minion,Musketeer,18923,0.5174
Arrows,Tesla,18917,0.5049
Cannon,Knight,18912,0.5201
Goblin Gang,Minion,18904,0.4992
Giant Skeleton,The Log,18901,0.504
Elixir Collector,Goblins,18874,0.5406
Mother Witch,The Log,18861,0.515
Lumberjack,Mini P.E.K.K.A,18833,0.4993
Phoenix,The Log,18815,0.5442
Golem,Zap,18813,0.5119
Heal Spirit,Magic Archer,18787,0.5602
Arrows,Skeleton,18771,0.5062
Battle Ram,Three Musketeers,18765,0.5392
Battle Ram,Elixir Collector,18765,0.5392
Elite Barbarian,Witch,18740,0.4948
Archer Queen,Battle Ram,18719,0.5609
Mega Minion,Night Witch,18716,0.5213
Bat,Skeleton,18707,0.5096
Cannon,Firecracker,18663,0.5151
Barbarian,Bowler,18618,0.5423
Fireball,Inferno Tower,18616,0.4998
Fisherman,Hunter,18603,0.5265
Archer,The Log,18541,0.4888
Barbarian,Flying Machine,18514,0.5414
Royal Giant,Skeleton Army,18485,0.5144
Knight,Mega Knight,18455,0.5003
Archer Queen,Cannon,18433,0.5057
Arrows,Fisherman,18425,0.5128
Bat,Witch,18424,0.4925
Rage,Tornado,18391,0.5061
Giant,Valkyrie,18340,0.5077
Mega Knight,Poison,18317,0.4977
Night Witch,Poison,18317,0.4832
Prince,Wizard,18305,0.4858
Skeleton,Zap,18288,0.4976
Battle Ram,Firecracker,18282,0.5075
Electro Dragon,Golem,18261,0.5319
P.E.K.K.A,Tornado,18256,0.5027
Cannon,Lightning,18250,0.5201
Battle Ram,Poison,18217,0.4914
Poison,Valkyrie,18208,0.493
Minion,Valkyrie,18196,0.5014
Executioner,Mini P.E.K.K.A,18140,0.4904
Firecracker,Ice Golem,18124,0.5139
Archer,Knight,18117,0.4961
Battle Ram,Heal Spirit,18086,0.5624
Lightning,Royal Giant,18059,0.5231
Baby Dragon,Skeleton Army,18021,0.4884
Electro Dragon,Firecracker,17972,0.5079
Freeze,Valkyrie,17913,0.5088
Prince,Witch,17891,0.5001
Lightning,Zap,17889,0.504
Fireball,Furnace,17877,0.5101
Archer Queen,Skeleton,17863,0.4986
Minion,Witch,17854,0.4919
Goblins,Royal Ghost,17838,0.5765
Balloon,Electro Wizard,17826,0.5076
Balloon,Bomb Tower,17782,0.5169
Arrows,Guard,17730,0.5054
Knight,Skeleton Army,17682,0.5031
Inferno Tower,Mega Knight,17661,0.4922
Elixir Collector,Fire Spirit,17661,0.5312
Dart Goblin,Princess,17660,0.5174
Giant,Rage,17630,0.5031
Firecracker,Phoenix,17626,0.5031
Balloon,Minion,17622,0.4888
Bat,Tornado,17599,0.4743
Electro Giant,Firecracker,17586,0.4984
Executioner,Miner,17544,0.468
Elite Barbarian,Valkyrie,17444,0.4915
Rocket,Skeleton,17440,0.4716
Golem,Phoenix,17434,0.5237
Royal Recruits,The Log,17429,0.5097
Inferno Dragon,Night Witch,17405,0.5187
Lightning,Mega Minion,17388,0.5117
Mini P.E.K.K.A,Minion Horde,17386,0.5033
Hunter,Three Musketeers,17351,0.5434
Giant Snowball,Graveyard,17348,0.5231
Fisherman,Skeleton,17339,0.5375
Elixir Collector,The Log,17299,0.528
Elite Barbarian,Mega Knight,17240,0.4918
Bat,Giant,17205,0.53
Royal Hogs,The Log,17192,0.4963
Goblin Gang,Minion Horde,17139,0.5033
Minion Horde,Prince,17098,0.4932
Barbarian,Valkyrie,17070,0.5076
Bomb Tower,Giant Snowball,17013,0.5194
P.E.K.K.A,The Log,16980,0.4967
Mega Knight,Musketeer,16972,0.5057
Hunter,Royal Giant,16953,0.5268
Rage,Royal Giant,16877,0.51
Bat,Electro Spirit,16825,0.4894
Giant,Wizard,16814,0.5079
Elixir Collector,Lumberjack,16765,0.531
Ice Golem,Miner,16707,0.5183
Giant Snowball,Knight,16691,0.4864
Fire Spirit,Knight,16677,0.5228
Executioner,Lightning,16671,0.5106
Arrows,Poison,16669,0.5095
Balloon,Minion Horde,16669,0.4934
Barbarian,Freeze,16558,0.5271
Tesla,Tornado,16505,0.4888
Mini P.E.K.K.A,Poison,16474,0.487
Electro Wizard,Miner,16440,0.4909
Mighty Miner,Tesla,16407,0.5307
Giant,Sparky,16394,0.5214
Earthquake,Royal Delivery,16389,0.501
Elixir Golem,Inferno Dragon,16382,0.5151
Elixir Collector,Hunter,16364,0.5419
Mother Witch,Royal Hogs,16312,0.5164
Minion,Skeleton Army,16308,0.4988
Giant Skeleton,Skeleton Army,16289,0.4796
Miner,Minion Horde,16206,0.5012
Bandit,Mini P.E.K.K.A,16202,0.5089
Guard,Mini P.E.K.K.A,16185,0.4948
Sparky,Tornado,16178,0.5003
Furnace,Mega Knight,16164,0.4949
Electro Spirit,Inferno Tower,16160,0.4939
Hog Rider,Princess,16156,0.5094
Cannon,Earthquake,16138,0.4986
Electro Wizard,Witch,16025,0.4898
Golem,Mega Minion,16016,0.5159
Minion,Wizard,16005,0.4768
Bandit,Hunter,15974,0.5427
Battle Ram,Hunter,15974,0.5427
Baby Dragon,Firecracker,15945,0.4852
Executioner,P.E.K.K.A,15904,0.4966
Skeleton Barrel,Valkyrie,15897,0.507
Barbarian Barrel,Mega Knight,15880,0.5054
Giant Snowball,Minion,15857,0.4995
Cannon,Tornado,15779,0.5182
Firecracker,Tombstone,15773,0.4974
Goblin Barrel,Mini P.E.K.K.A,15766,0.5109
Giant,Giant Snowball,15742,0.5224
Furnace,Valkyrie,15731,0.4911
Bomb Tower,Ice Golem,15694,0.5166
Bat,Musketeer,15678,0.5251
Cannon,Electro Giant,15675,0.5185
Bandit,Barbarian Barrel,15668,0.5421
Arrows,Furnace,15657,0.4886
Electro Giant,Fireball,15646,0.502
Balloon,Goblin Gang,15641,0.4908
Miner,Minion,15617,0.4893
Phoenix,Rage,15594,0.5219
Musketeer,Skeleton Barrel,15553,0.5456
Electro Dragon,Phoenix,15534,0.5252
Barbarian Barrel,Night Witch,15497,0.5034
Elite Barbarian,Elixir Golem,15440,0.4981
Barbarian,Barbarian Barrel,15412,0.5339
Freeze,Witch,15380,0.5181
Barbarian,The Log,15368,0.5085
Bowler,Lightning,15353,0.5263
Minion,The Log,15341,0.5111
Baby Dragon,Barbarian,15311,0.5212
Goblins,Valkyrie,15308,0.522
Ice Spirit,X-Bow,15257,0.5228
Elite Barbarian,Skeleton Army,15184,0.4867
Arrows,Lava Hound,15170,0.4942
Bowler,Giant,15169,0.5373
Elixir Golem,Tornado,15101,0.5053
Goblin Gang,Wizard,15083,0.4825
Electro Wizard,Night Witch,15026,0.5126
Minion,Prince,15013,0.5024
P.E.K.K.A,Valkyrie,14989,0.4849
Lightning,Wizard,14975,0.4955
Fire Spirit,Musketeer,14942,0.5224
Goblin Gang,Witch,14861,0.4941
Archer,Fireball,14839,0.5151
Poison,Tesla,14831,0.4934
Barbarian Barrel,Bat,14810,0.513
Earthquake,Mini P.E.K.K.A,14809,0.5096
Inferno Tower,Skeleton Barrel,14794,0.5162
Freeze,Wizard,14755,0.5046
Dart Goblin,Knight,14734,0.5171
Firecracker,Sparky,14722,0.5031
Elixir Collector,Musketeer,14689,0.526
Elite Barbarian,Heal Spirit,14687,0.5305
Prince,The Log,14666,0.5076
Barbarian,Electro Wizard,14650,0.5285
Goblin Giant,Prince,14613,0.5264
Arrows,Goblin Hut,14608,0.4971
Fire Spirit,Goblins,14602,0.5251
Heal Spirit,Zap,14590,0.5378
Firecracker,Flying Machine,14584,0.5038
Electro Giant,Inferno Dragon,14578,0.4932
Lightning,P.E.K.K.A,14540,0.5025
Elite Barbarian,Sparky,14539,0.5258
Dark Prince,Elixir Collector,14539,0.52
Goblin Cage,Lightning,14508,0.5081
Battle Healer,Tornado,14488,0.5106
Miner,Witch,14483,0.4799
Executioner,Fireball,14476,0.495
Electro Dragon,Elite Barbarian,14475,0.5025
Freeze,Skeleton Army,14454,0.5046
Rage,Three Musketeers,14451,0.5295
Royal Ghost,Skeleton,14343,0.5311
Inferno Dragon,Prince,14333,0.5025
Bomb Tower,Royal Recruits,14329,0.5072
Goblin Giant,Heal Spirit,14306,0.5417
Battle Ram,Rage,14300,0.518
Elixir Collector,X-Bow,14261,0.5284
Dark Prince,Giant,14195,0.5002
Executioner,Tombstone,14187,0.5401
Fireball,Hunter,14186,0.5335
Firecracker,Musketeer,14177,0.5043
Bat,Giant Snowball,14165,0.5253
Electro Spirit,Goblin Cage,14102,0.5163
Baby Dragon,Mega Knight,14083,0.4653
Arrows,Electro Giant,14063,0.4815
Mini P.E.K.K.A,Prince,14044,0.4974
Flying Machine,Mega Knight,14036,0.5078
Firecracker,Royal Giant,14032,0.507
Fireball,Goblin Hut,14011,0.4975
Mega Knight,Skeleton,13996,0.4851
Royal Delivery,Skeleton,13994,0.487
Balloon,Barbarian,13966,0.4991
Fire Spirit,Ice Spirit,13902,0.5249
Baby Dragon,Electro Wizard,13883,0.4911
Fire Spirit,X-Bow,13871,0.529
Balloon,Goblins,13830,0.4986
Firecracker,Magic Archer,13817,0.4707
Skeleton Army,Sparky,13805,0.529
Goblin Cage,Tornado,13762,0.5117
Prince,Spear Goblin,13743,0.5203
Barbarian,Mega Minion,13726,0.5246
Hog Rider,Skeleton Barrel,13707,0.5151
Barbarian,Witch,13699,0.5084
Dark Prince,Phoenix,13694,0.5271
Barbarian Barrel,Cannon,13676,0.5094
Knight,Night Witch,13659,0.5336
Firecracker,Minion Horde,13634,0.502
Dart Goblin,Inferno Tower,13587,0.5127
Magic Archer,Poison,13577,0.4715
Electro Spirit,Musketeer,13551,0.5382
Electro Wizard,Prince,13498,0.5188
Electro Spirit,Hunter,13483,0.5253
Minion,Skeleton,13465,0.4801
Guard,Hog Rider,13454,0.5103
Balloon,Inferno Tower,13435,0.4927
Balloon,Electro Giant,13389,0.4926
Elixir Golem,Mini P.E.K.K.A,13348,0.485
Electro Wizard,Minion,13328,0.5188
Goblin Barrel,Skeleton,13324,0.4784
Executioner,Firecracker,13319,0.4794
Elixir Collector,Ice Spirit,13295,0.5313
Royal Recruits,Spear Goblin,13293,0.5009
Musketeer,X-Bow,13264,0.5259
Archer Queen,Earthquake,13258,0.4989
Fire Spirit,Skeleton,13245,0.4972
Inferno Dragon,Witch,13232,0.4984
Barbarian Barrel,Hog Rider,13219,0.4907
Lightning,Lumberjack,13189,0.4996
Firecracker,Rocket,13167,0.4962
Goblin Gang,Tornado,13163,0.5013
Elite Barbarian,Lumberjack,13144,0.5196
Battle Healer,Firecracker,13117,0.5019
Hunter,Lightning,13104,0.5092
Electro Wizard,Mega Minion,13073,0.5457
Musketeer,Witch,13059,0.4959
Graveyard,Musketeer,13059,0.5135
Baby Dragon,Hog Rider,13035,0.4802
Goblins,Mega Knight,13029,0.5366
Bat,Ice Golem,13009,0.5184
Elite Barbarian,Minion Horde,13006,0.4896
Electro Dragon,Zap,12986,0.5219
Firecracker,Freeze,12974,0.5022
Inferno Dragon,The Log,12967,0.4945
Miner,Wizard,12944,0.462
Goblin Barrel,Hog Rider,12944,0.5066
Archer,Skeleton,12930,0.4956
Mega Minion,Mother Witch,12911,0.5309
Heal Spirit,Sparky,12907,0.5381
Battle Healer,Elite Barbarian,12903,0.5027
Royal Giant,Valkyrie,12895,0.4975
Bat,Royal Recruits,12865,0.5105
Inferno Tower,Lightning,12811,0.486
Mega Knight,Royal Giant,12808,0.5205
Barbarian Barrel,Tesla,12803,0.5014
Firecracker,Furnace,12798,0.4877
Bandit,Lumberjack,12777,0.4842
Balloon,Lava Hound,12761,0.4866
Bowler,Poison,12742,0.505
Electro Giant,Goblins,12733,0.4927
Flying Machine,Poison,12726,0.4809
Graveyard,Skeleton King,12715,0.5287
Ice Spirit,Mini P.E.K.K.A,12712,0.5208
Mega Knight,Tesla,12705,0.505
The Log,Tombstone,12680,0.5319
Goblins,X-Bow,12679,0.5306
Elixir Collector,Zap,12673,0.5158
Elixir Golem,Poison,12658,0.4656
Goblin Barrel,Zap,12631,0.5014
Inferno Tower,Wizard,12622,0.4836
Fireball,Giant Skeleton,12610,0.4914
Barbarian,Miner,12607,0.4896
Bat,Giant Skeleton,12588,0.5126
Elite Barbarian,Inferno Dragon,12555,0.498
Mother Witch,Tornado,12483,0.5053
Barbarian Barrel,Ice Spirit,12435,0.5324
Hunter,Rage,12434,0.5212
Bomber,Zap,12421,0.5039
Dark Prince,Lumberjack,12415,0.5267
Rocket,Skeleton Army,12396,0.4832
Electro Giant,Goblin Cage,12393,0.5087
Fisherman,Lightning,12376,0.5324
Mini P.E.K.K.A,Royal Giant,12354,0.499
Bomber,Goblins,12353,0.4951
Mega Knight,P.E.K.K.A,12331,0.4875
Barbarian,Lightning,12287,0.5131
Barbarian Barrel,Mini P.E.K.K.A,12254,0.4979
Princess,Zap,12243,0.5138
Bomb Tower,Fireball,12241,0.5205
Princess,Valkyrie,12238,0.4966
Flying Machine,Mini P.E.K.K.A,12228,0.5017
Musketeer,Skeleton Army,12193,0.5054
Lightning,Mother Witch,12188,0.5121
Goblin Giant,Phoenix,12179,0.5092
Graveyard,Minion,12174,0.5097
Earthquake,Fire Spirit,12171,0.4967
Freeze,Mega Knight,12156,0.4942
Bomber,Minion,12146,0.491
Night Witch,The Log,12116,0.5048
Dark Prince,Inferno Dragon,12093,0.5067
Mini P.E.K.K.A,Phoenix,12083,0.5019
Minion Horde,Sparky,12064,0.5202
Miner,Royal Recruits,12056,0.5016
Guard,Mega Knight,12044,0.5045
Balloon,P.E.K.K.A,12011,0.4972
Bat,Inferno Tower,11999,0.4983
Miner,Mini P.E.K.K.A,11996,0.4936
Mega Knight,Princess,11988,0.4928
Inferno Dragon,Poison,11977,0.4981
The Log,Zappies,11974,0.5233
Mega Minion,Tornado,11972,0.508
Bat,Princess,11967,0.5246
Mini P.E.K.K.A,Rocket,11960,0.5024
Elite Barbarian,Goblin Gang,11953,0.5032
Lightning,Sparky,11919,0.4996
Guard,Lightning,11915,0.5047
Night Witch,Skeleton Army,11896,0.5215
Skeleton King,Tornado,11854,0.5105
Lightning,Witch,11844,0.4893
Elixir Collector,Mother Witch,11841,0.5386
Musketeer,Spear Goblin,11839,0.5592
Skeleton King,The Log,11831,0.5265
Barbarian Barrel,Skeleton Barrel,11829,0.5428
Inferno Dragon,Wizard,11828,0.4977
Fireball,Princess,11777,0.5116
Barbarian Barrel,Goblin Gang,11748,0.5464
Bat,Ice Spirit,11745,0.5089
Elite Barbarian,Mini P.E.K.K.A,11741,0.5063
Tesla,Zap,11735,0.5052
Mother Witch,Phoenix,11709,0.5159
Dark Prince,Golem,11696,0.5219
Dark Prince,Electro Giant,11679,0.519
Ice Wizard,Tesla,11629,0.5079
Elite Barbarian,Tornado,11602,0.503
Inferno Dragon,Mother Witch,11576,0.5019
Ice Spirit,Mortar,11569,0.5067
Goblins,Lightning,11556,0.5319
Electro Spirit,Lumberjack,11554,0.5439
Bandit,Wizard,11540,0.4872
Phoenix,Zap,11522,0.5123
Furnace,Lightning,11484,0.4822
Lightning,Skeleton,11482,0.5275
Fire Spirit,Hog Rider,11480,0.5198
Electro Dragon,Mini P.E.K.K.A,11476,0.5047
Bowler,Firecracker,11470,0.5152
Elixir Golem,Zap,11463,0.5226
Lumberjack,Musketeer,11457,0.5118
Electro Wizard,Mother Witch,11430,0.4875
Firecracker,Mega Minion,11400,0.5034
Bomber,Hog Rider,11400,0.515
Balloon,Mega Minion,11391,0.5024
Goblin Giant,Spear Goblin,11389,0.5275
Archer,Arrows,11387,0.5106
Mini P.E.K.K.A,Wall Breakers,11381,0.5209
Elite Barbarian,The Log,11363,0.5048
Bat,Electro Wizard,11355,0.518
Executioner,Skeleton Army,11348,0.4884
Barbarian,Royal Giant,11337,0.5197
Knight,Valkyrie,11328,0.5101
Bomber,Mini P.E.K.K.A,11322,0.509
Firecracker,Goblin Hut,11294,0.4853
Princess,Skeleton,11284,0.471
Barbarian,Firecracker,11248,0.5062
Dark Prince,Electro Dragon,11242,0.5219
Elixir Golem,Mega Knight,11236,0.4944
Balloon,Lightning,11221,0.4849
Magic Archer,Mega Knight,11216,0.4733
Bowler,Phoenix,11210,0.5177
Giant,Night Witch,11187,0.5443
Cannon,Fire Spirit,11184,0.4875
Bandit,Valkyrie,11181,0.4997
Elite Barbarian,Night Witch,11181,0.5233
Balloon,Giant,11173,0.5092
Giant Skeleton,Witch,11157,0.468
Battle Healer,Elixir Collector,11147,0.5339
Knight,Skeleton King,11131,0.5325
Tornado,Witch,11121,0.4961
Earthquake,Ice Golem,11111,0.5098
Barbarian,Mega Knight,11109,0.5119
Furnace,Hog Rider,11106,0.5033
Dark Prince,Spear Goblin,11090,0.5281
Goblins,Poison,11085,0.4945
Barbarian,Ice Wizard,11081,0.5379
Phoenix,Sparky,11072,0.5089
Electro Wizard,Inferno Tower,11061,0.5017
Mega Knight,Minion Horde,11061,0.481
Goblins,Wizard,11033,0.4634
Golden Knight,Tornado,11014,0.5063
Minion Horde,The Log,11001,0.5175
Bat,Earthquake,10995,0.45
Barbarian Barrel,Zap,10980,0.5019
Ice Spirit,Wall Breakers,10980,0.4947
Goblin Cage,Mega Minion,10969,0.5169
Mega Knight,Sparky,10962,0.504
Dart Goblin,Valkyrie,10954,0.5089
Archer Queen,Royal Delivery,10952,0.4866
Fisherman,Royal Recruits,10942,0.5447
Baby Dragon,The Log,10927,0.4974
Goblin Gang,Poison,10926,0.5097
Freeze,Minion Horde,10912,0.5071
Fisherman,Rage,10911,0.5284
Inferno Tower,Mini P.E.K.K.A,10905,0.4909
Baby Dragon,Mega Minion,10895,0.5021
Miner,Rage,10886,0.503
Dart Goblin,Hog Rider,10881,0.5074
Graveyard,Skeleton Army,10874,0.5412
Fisherman,Night Witch,10857,0.4822
Arrows,Ice Wizard,10844,0.5176
Bandit,Skeleton Barrel,10829,0.5449
Baby Dragon,Zap,10809,0.5013
Goblin Giant,Lightning,10791,0.5132
Firecracker,Zappies,10784,0.505
Elixir Collector,Phoenix,10763,0.5295
Minion,Wall Breakers,10763,0.4757
Archer Queen,Knight,10744,0.5297
Archer Queen,Royal Hogs,10742,0.4865
Elixir Collector,Firecracker,10728,0.5173
Ice Wizard,Valkyrie,10719,0.5037
Furnace,Goblin Hut,10712,0.4966
Hunter,The Log,10700,0.5239
Freeze,Mini P.E.K.K.A,10683,0.5047
Bomber,Lightning,10676,0.5187
Archer,Zap,10642,0.5057
Skeleton,X-Bow,10615,0.5186
Fireball,Golem,10581,0.5066
Barbarian Barrel,Wall Breakers,10580,0.5326
Prince,Royal Ghost,10559,0.4938
Mother Witch,Royal Ghost,10549,0.5398
Giant,Prince,10526,0.496
Bat,Royal Ghost,10526,0.4979
Hog Rider,Tombstone,10507,0.4967
Earthquake,Giant Skeleton,10479,0.5289
Balloon,Hog Rider,10473,0.5018
Inferno Dragon,Lava Hound,10468,0.5013
Battle Healer,Zap,10448,0.5254
Goblin Cage,Inferno Dragon,10443,0.5051
Goblins,Mortar,10440,0.5458
Rage,The Log,10440,0.4996
Lava Hound,Minion,10427,0.487
Firecracker,Monk,10402,0.4913
Giant Skeleton,Mini P.E.K.K.A,10401,0.4736
Bowler,Electro Giant,10388,0.5221
Arrows,Golden Knight,10367,0.4988
Bandit,Skeleton Army,10357,0.4961
Fireball,Freeze,10336,0.4974
Furnace,Mini P.E.K.K.A,10328,0.4977
Cannon,Royal Delivery,10324,0.4846
Arrows,Cannon,10321,0.5128
Guard,Zap,10317,0.5039
Electro Wizard,Phoenix,10317,0.5232
Rocket,Witch,10285,0.479
Archer Queen,Fireball,10285,0.5147
Electro Wizard,Royal Giant,10266,0.5198
Minion,Royal Giant,10257,0.4982
Rage,Skeleton,10256,0.5152
Miner,Skeleton Army,10247,0.4938
Archer Queen,Mega Knight,10233,0.4988
Lumberjack,The Log,10217,0.5216
Barbarian Barrel,Furnace,10213,0.5045
Bomb Tower,Electro Spirit,10213,0.5097
Mega Minion,The Log,10213,0.5055
Royal Giant,Witch,10204,0.4948
Flying Machine,Furnace,10193,0.5038
Barbarian,Skeleton Army,10191,0.4988
Royal Hogs,Skeleton,10182,0.4824
Hog Rider,Ice Wizard,10164,0.5207
Rocket,Wizard,10146,0.4811
Bowler,Skeleton Army,10141,0.506
Fire Spirit,Firecracker,10120,0.5248
Elixir Collector,Mini P.E.K.K.A,10099,0.4931
Electro Spirit,Lightning,10097,0.5227
Barbarian Barrel,Three Musketeers,10084,0.5586
Cannon Cart,Fireball,10078,0.5401
Bat,P.E.K.K.A,10077,0.491
Bandit,Inferno Dragon,10072,0.5185
Electro Giant,Mini P.E.K.K.A,10053,0.4846
P.E.K.K.A,Witch,10019,0.4586
Firecracker,Giant,10011,0.5212
Minion,Tornado,10003,0.5075
Minion Horde,Princess,9990,0.5067
Minion Horde,Spear Goblin,9977,0.4953
Hunter,Skeleton,9941,0.5305
Hunter,Sparky,9928,0.5065
Mega Knight,Tombstone,9927,0.494
Bat,Minion Horde,9921,0.5126
Mother Witch,Valkyrie,9918,0.48
Bandit,Elite Barbarian,9909,0.5105
Archer Queen,Fire Spirit,9897,0.4984
P.E.K.K.A,Skeleton Army,9883,0.4789
Bat,Fisherman,9862,0.5225
Earthquake,Wizard,9854,0.4527
Hog Rider,Magic Archer,9854,0.4831
Golem,Skeleton Army,9841,0.4915
Graveyard,Tesla,9833,0.5002
Elite Barbarian,Executioner,9830,0.5016
Bowler,Tesla,9825,0.5038
Mega Minion,Miner,9815,0.5126
Cannon,Royal Hogs,9794,0.4826
Firecracker,Goblin Cage,9782,0.518
Bat,Executioner,9769,0.4937
Arrows,Bomb Tower,9768,0.5009
Inferno Dragon,Tombstone,9763,0.5159
Archer Queen,Zap,9762,0.5039
Lightning,Skeleton Army,9759,0.4921
Barbarian Barrel,Golden Knight,9757,0.5227
Dart Goblin,Prince,9754,0.5068
Barbarian Barrel,Goblin Giant,9744,0.5131
Lumberjack,P.E.K.K.A,9739,0.4867
Goblin Cage,Mother Witch,9726,0.528
Hog Rider,Royal Giant,9720,0.5239
Bowler,Giant Snowball,9709,0.5417
Mini P.E.K.K.A,Tesla,9706,0.4999
Earthquake,Royal Hogs,9702,0.4845
Bomber,Golem,9678,0.5152
Bandit,Witch,9672,0.4909
Fisherman,Giant Skeleton,9671,0.5186
Goblin Barrel,Minion Horde,9650,0.5075
Inferno Tower,Witch,9645,0.496
Night Witch,Phoenix,9644,0.514
Barbarian,Executioner,9637,0.5115
Phoenix,Skeleton,9636,0.544
Magic Archer,Mini P.E.K.K.A,9616,0.4706
Archer,Ice Spirit,9602,0.4882
Bowler,Electro Wizard,9597,0.5167
Elite Barbarian,Mother Witch,9586,0.5104
Poison,Skeleton Army,9570,0.4978
Flying Machine,Goblin Hut,9567,0.4933
Freeze,Zap,9565,0.5004
Princess,Skeleton Barrel,9565,0.5237
Skeleton Army,Skeleton King,9564,0.5237
Bandit,Goblins,9546,0.5491
Goblin Hut,Valkyrie,9546,0.4779
Barbarian Barrel,Electro Wizard,9545,0.5047
Skeleton Army,Spear Goblin,9520,0.5015
Graveyard,Ice Spirit,9519,0.5409
Inferno Tower,Tornado,9515,0.4639
Bat,Royal Hogs,9515,0.4998
Hog Rider,Miner,9483,0.4925
Furnace,Zap,9469,0.5037
Inferno Tower,Mighty Miner,9465,0.5315
Goblins,Zap,9464,0.5309
Balloon,Prince,9463,0.483
Ice Spirit,Tombstone,9459,0.543
Inferno Dragon,Mega Minion,9447,0.5067
Fireball,X-Bow,9432,0.5178
Goblin Hut,Mega Knight,9431,0.4946
Lightning,Minion,9417,0.5113
Ice Spirit,Wizard,9409,0.4518
Goblin Gang,Lightning,9394,0.5088
Royal Delivery,Royal Hogs,9375,0.4812
Firecracker,Golden Knight,9364,0.497
Furnace,The Log,9357,0.4872
Bomber,Night Witch,9351,0.5182
Barbarian Barrel,Mortar,9345,0.5328
Lightning,Royal Ghost,9327,0.5217
Fireball,Guard,9282,0.4976
Bomb Tower,Goblin Gang,9264,0.515
Bandit,Minion,9248,0.5083
Elixir Collector,Giant,9242,0.5082
Lightning,Prince,9238,0.5093
Baby Dragon,Electro Dragon,9213,0.5092
Lumberjack,Minion Horde,9208,0.4945
Musketeer,Poison,9198,0.5125
Goblin Barrel,Wizard,9186,0.4835
Mini P.E.K.K.A,Royal Hogs,9168,0.502
Musketeer,Prince,9167,0.5158
Bandit,Mother Witch,9126,0.5044
Flying Machine,Zap,9122,0.516
Fireball,Lava Hound,9119,0.4941
Archer Queen,Lightning,9116,0.5276
Tesla,X-Bow,9111,0.5173
Phoenix,Poison,9052,0.5113
Elite Barbarian,Elixir Collector,9037,0.5265
Bomber,Inferno Dragon,9036,0.4952
Fireball,Goblin Barrel,8999,0.4955
Royal Ghost,Wall Breakers,8998,0.5059
Electro Giant,Mother Witch,8994,0.5069
Goblin Gang,Sparky,8985,0.5307
Executioner,Tesla,8972,0.4746
Bowler,Musketeer,8959,0.5312
Goblins,Mother Witch,8957,0.5779
Goblin Gang,Lumberjack,8954,0.496
Arrows,Hunter,8949,0.5177
Barbarian Barrel,Elite Barbarian,8944,0.5229
Giant Skeleton,Wizard,8933,0.4722
Lumberjack,Royal Giant,8911,0.5414
Mini P.E.K.K.A,Princess,8903,0.5087
Bowler,Fireball,8897,0.5107
Baby Dragon,Rage,8894,0.4713
Baby Dragon,Goblin Gang,8890,0.4811
Electro Wizard,Giant,8881,0.5091
Goblins,Royal Delivery,8876,0.5032
Dark Prince,Heal Spirit,8854,0.5416
Elite Barbarian,Three Musketeers,8833,0.5212
Inferno Tower,Skeleton,8817,0.5179
Lightning,Tombstone,8795,0.5085
Mega Knight,Phoenix,8785,0.4921
Goblin Gang,Skeleton,8768,0.4746
Heal Spirit,Mother Witch,8751,0.5292
Bowler,Zap,8750,0.5049
Elixir Collector,Minion,8745,0.5377
Dark Prince,Elite Barbarian,8738,0.535
Barbarian,Prince,8723,0.5075
Electro Spirit,Tornado,8723,0.4259
Mini P.E.K.K.A,Royal Ghost,8713,0.5037
Hog Rider,Royal Delivery,8701,0.5209
Barbarian,Phoenix,8699,0.5206
Bat,Furnace,8689,0.4965
Goblin Gang,Royal Giant,8688,0.5028
Bat,Mother Witch,8674,0.5149
Firecracker,Goblin Drill,8667,0.5177
Archer Queen,Hog Rider,8663,0.5235
Elite Barbarian,Rocket,8658,0.4869
Freeze,Giant,8657,0.5102
Mother Witch,Wall Breakers,8628,0.5605
Electro Wizard,Freeze,8628,0.5012
Elite Barbarian,Golem,8621,0.5275
Bomber,Mega Knight,8581,0.5088
Bat,Graveyard,8547,0.5324
Mega Knight,Royal Hogs,8533,0.4887
Prince,Rocket,8527,0.482
Mighty Miner,Musketeer,8520,0.5363
Elite Barbarian,Goblin Giant,8517,0.5348
Battle Healer,Inferno Dragon,8501,0.5057
Barbarian Barrel,Sparky,8497,0.5096
Baby Dragon,Witch,8496,0.4876
Bandit,Lightning,8492,0.492
Phoenix,Valkyrie,8485,0.5021
Graveyard,Valkyrie,8477,0.5114
Bat,Freeze,8457,0.5115
Bomber,Witch,8456,0.4852
Guard,Valkyrie,8429,0.4979
Electro Wizard,Graveyard,8422,0.4968
Archer,Tesla,8417,0.5218
Goblin Drill,Mega Knight,8410,0.5159
Knight,Lumberjack,8376,0.5202
Fire Spirit,Royal Delivery,8362,0.4807
Giant Snowball,Lightning,8360,0.5014
Baby Dragon,Electro Giant,8335,0.5058
Barbarian,Princess,8334,0.5196
Golden Knight,Lightning,8281,0.5102
Giant,Mega Minion,8278,0.5226
Giant,Tornado,8266,0.5015
Inferno Dragon,Minion,8265,0.4969
Baby Dragon,Goblin Cage,8247,0.5107
Hunter,Phoenix,8244,0.5064
Earthquake,Musketeer,8243,0.5271
Barbarian,Poison,8239,0.4907
Inferno Tower,Miner,8229,0.5076
Dark Prince,Witch,8223,0.5009
Minion Horde,Rocket,8218,0.4759
Skeleton Army,Tesla,8207,0.5018
Giant,Goblin Gang,8165,0.504
Prince,Skeleton Barrel,8163,0.5089
Elixir Collector,Heal Spirit,8150,0.52
Goblin Giant,Hunter,8149,0.5031
Barbarian,Spear Goblin,8143,0.5273
Barbarian,Furnace,8127,0.5111
Electro Dragon,Poison,8126,0.455
Poison,Wizard,8115,0.4964
Giant,Hog Rider,8114,0.5047
Bat,Lightning,8104,0.503
Electro Wizard,Goblin Barrel,8090,0.504
Golem,The Log,8077,0.4951
Bat,Bomber,8072,0.5022
Electro Spirit,X-Bow,8062,0.5273
Ice Wizard,The Log,8058,0.5231
Fisherman,Lumberjack,8058,0.5436
Fire Spirit,Royal Hogs,8058,0.4839
Furnace,Mother Witch,8043,0.519
Dark Prince,Miner,8042,0.4919
Golden Knight,Phoenix,8019,0.5112
Barbarian,Dark Prince,8019,0.5366
Fireball,Graveyard,8018,0.5185
Cannon,Dark Prince,7999,0.5269
Electro Spirit,Rage,7995,0.523
Cannon,Mini P.E.K.K.A,7994,0.4935
Tesla,Wizard,7993,0.5088
Barbarian,Tombstone,7987,0.5218
Electro Wizard,Heal Spirit,7982,0.5466
Golem,Inferno Dragon,7966,0.5041
Firecracker,Fisherman,7963,0.4909
Elite Barbarian,Phoenix,7963,0.512
Barbarian,Elite Barbarian,7962,0.5
Giant Snowball,Inferno Dragon,7959,0.5014
Barbarian Barrel,Mega Minion,7950,0.5092
Bat,Elite Barbarian,7941,0.5038
Minion,Minion Horde,7924,0.4946
Mortar,Tornado,7906,0.47
Bowler,Minion,7894,0.5323
Electro Giant,Skeleton Army,7883,0.4746
Arrows,Goblin Drill,7877,0.5074
Poison,Skeleton King,7863,0.5055
Archer Queen,Barbarian Barrel,7839,0.5246
Dark Prince,Graveyard,7824,0.4876
Freeze,Inferno Tower,7800,0.4885
Barbarian,Bomber,7794,0.4962
Heal Spirit,Three Musketeers,7781,0.5341
Executioner,Lumberjack,7772,0.5069
Arrows,Mortar,7761,0.5052
Goblin Drill,Wall Breakers,7753,0.5162
Electro Dragon,Fireball,7734,0.5574
Night Witch,Valkyrie,7733,0.5148
Cannon,Giant Skeleton,7733,0.5202
Golem,Wizard,7718,0.4833
Hog Rider,Mortar,7705,0.5364
Giant Skeleton,Minion Horde,7700,0.4951
Miner,Royal Ghost,7688,0.4772
Barbarian,Lumberjack,7678,0.5328
Minion Horde,Royal Giant,7677,0.524
Giant Skeleton,Skeleton,7674,0.5254
Firecracker,Ice Wizard,7650,0.5111
Archer,Mega Knight,7647,0.4875
Poison,Royal Hogs,7601,0.5039
Tombstone,Zap,7591,0.5138
Dark Prince,P.E.K.K.A,7589,0.4981
Dark Prince,Musketeer,7587,0.4906
Bat,Skeleton King,7586,0.522
Mortar,Skeleton,7581,0.4709
Archer Queen,Tornado,7569,0.5279
Bat,Magic Archer,7564,0.4738
Goblin Barrel,Prince,7563,0.5178
Balloon,The Log,7563,0.5052
Elite Barbarian,Minion,7551,0.4983
Archer,Mini P.E.K.K.A,7539,0.4949
Giant Skeleton,Tornado,7538,0.4861
Archer Queen,Dark Prince,7537,0.529
Cannon,Goblins,7536,0.4985
Giant Snowball,Hunter,7535,0.5018
Elixir Collector,Sparky,7525,0.5375
Goblin Drill,The Log,7520,0.5113
Bomber,Giant,7520,0.4868
Elite Barbarian,Prince,7516,0.4882
Fisherman,Flying Machine,7500,0.4895
Furnace,Inferno Dragon,7500,0.4848
Executioner,Giant,7488,0.5134
Barbarian Barrel,Valkyrie,7479,0.4854
Bomber,Firecracker,7478,0.5074
Balloon,Tombstone,7469,0.4895
Goblins,Mini P.E.K.K.A,7469,0.5204
Giant Skeleton,Mother Witch,7462,0.5182
Lumberjack,Skeleton,7462,0.5371
Barbarian Barrel,Spear Goblin,7458,0.5518
Elite Barbarian,Lightning,7447,0.497
Balloon,Goblin Cage,7446,0.5158
Baby Dragon,P.E.K.K.A,7446,0.4762
Graveyard,Night Witch,7445,0.5459
Giant Skeleton,Mega Knight,7439,0.4803
Cannon,Zap,7426,0.5105
Barbarian Barrel,Battle Ram,7418,0.5663
Freeze,The Log,7413,0.5028
Fisherman,Wall Breakers,7407,0.548
Goblin Barrel,Royal Giant,7405,0.5383
Balloon,Executioner,7399,0.4866
Bomber,Wizard,7397,0.4928
Giant,The Log,7395,0.4906
Ice Spirit,Lightning,7371,0.5203
Fisherman,Royal Hogs,7361,0.521
Guard,Minion,7351,0.5169
Electro Giant,Golden Knight,7347,0.507
Lava Hound,Tombstone,7342,0.485
Elite Barbarian,Knight,7341,0.5332
Goblin Giant,Tornado,7336,0.5063
Poison,Skeleton Barrel,7332,0.5071
Electro Wizard,Golden Knight,7329,0.4729
Electro Wizard,Tesla,7328,0.4918
Cannon Cart,Mortar,7325,0.5517
Mighty Miner,Mortar,7323,0.5479
Bat,Goblin Drill,7318,0.5163
Three Musketeers,Zap,7314,0.4938
Furnace,Skeleton Army,7310,0.4832
Giant Snowball,Goblin Giant,7290,0.4927
Cannon,Phoenix,7288,0.5207
Giant,Skeleton,7288,0.507
Barbarian,Lava Hound,7283,0.4927
Baby Dragon,Wizard,7283,0.4718
Ice Wizard,Zap,7278,0.5106
Skeleton Barrel,Skeleton King,7262,0.5351
Electro Wizard,Furnace,7256,0.5037
Mother Witch,P.E.K.K.A,7256,0.4835
Freeze,P.E.K.K.A,7252,0.5063
Royal Giant,Wizard,7227,0.4936
Golem,Poison,7226,0.499
Inferno Tower,Poison,7223,0.5001
P.E.K.K.A,Rage,7221,0.4884
Balloon,Giant Skeleton,7221,0.4931
Knight,Prince,7188,0.5207
Giant Snowball,Sparky,7183,0.501
Princess,Royal Giant,7162,0.5366
Baby Dragon,Minion Horde,7135,0.4758
Goblin Drill,Goblin Gang,7133,0.517
Archer Queen,Electro Giant,7130,0.5252
Monk,Rage,7129,0.5134
Graveyard,Witch,7099,0.5092
Goblin Cage,Miner,7067,0.5155
Flying Machine,Valkyrie,7057,0.4904
Giant Skeleton,Zap,7050,0.5126
Bowler,Night Witch,7049,0.5301
Lumberjack,Poison,7049,0.4962
Lumberjack,Miner,7031,0.484
Furnace,Goblin Gang,7031,0.5023
Furnace,Poison,7015,0.5109
Knight,Witch,7015,0.5106
Elite Barbarian,Royal Ghost,7009,0.5327
Elite Barbarian,Princess,7008,0.4981
Mini P.E.K.K.A,P.E.K.K.A,7006,0.4676
Barbarian,Goblin Hut,6993,0.5201
Archer,X-Bow,6990,0.5222
Mother Witch,Night Witch,6981,0.5052
Hog Rider,Mega Minion,6969,0.5202
Giant,Knight,6958,0.4829
Fireball,Ice Wizard,6956,0.5017
Royal Delivery,Tesla,6951,0.5096
Ice Spirit,Zap,6949,0.4996
Hog Rider,Night Witch,6933,0.511
Bomb Tower,Rocket,6930,0.4948
Barbarian,Bat,6926,0.5231
Executioner,Goblin Gang,6919,0.5011
Elixir Collector,Witch,6910,0.452
Cannon,Valkyrie,6897,0.5331
Baby Dragon,Dark Prince,6894,0.501
Magic Archer,Skeleton Army,6889,0.4811
Goblin Hut,Mother Witch,6885,0.5214
Princess,Witch,6882,0.5033
Mighty Miner,Poison,6869,0.4843
Arrows,Barbarian Hut,6869,0.5098
Night Witch,Wizard,6858,0.5079
Goblin Hut,Mini P.E.K.K.A,6839,0.4898
Battle Healer,Fireball,6823,0.5501
Giant,Rocket,6817,0.4766
Executioner,Rage,6816,0.5029
Elite Barbarian,Furnace,6810,0.5201
Dark Prince,Night Witch,6805,0.5159
Royal Ghost,Skeleton Barrel,6804,0.5079
Bandit,Dart Goblin,6795,0.4908
Fire Spirit,Zap,6755,0.4999
Elixir Golem,Witch,6738,0.4804
Mother Witch,Poison,6720,0.492
Goblin Barrel,Tornado,6711,0.487
Bowler,Mega Minion,6704,0.5076
Furnace,Royal Giant,6698,0.4961
Dark Prince,Giant Snowball,6693,0.4801
Night Witch,Tombstone,6689,0.4935
Goblin Cage,Knight,6685,0.5092
Electro Wizard,Musketeer,6665,0.505
Bandit,Tornado,6664,0.5084
Elite Barbarian,Freeze,6656,0.4787
Balloon,Night Witch,6647,0.5102
Knight,P.E.K.K.A,6641,0.4989
Baby Dragon,Elixir Golem,6639,0.4974
Barbarian,Golem,6637,0.5353
Bat,Tombstone,6634,0.498
Executioner,Sparky,6623,0.5029
Poison,Rage,6621,0.5088
Archer,Tornado,6603,0.4583
Inferno Dragon,Skeleton King,6601,0.5534
Dart Goblin,Royal Giant,6582,0.5283
Mighty Miner,Miner,6580,0.4796
Electro Wizard,Golem,6573,0.4987
Archer,Mortar,6567,0.462
Arrows,Monk,6565,0.4972
Poison,Zappies,6564,0.5129
Hog Rider,Royal Ghost,6563,0.5104
Electro Spirit,Poison,6561,0.4685
Inferno Tower,Lumberjack,6559,0.5082
Lightning,Tesla,6559,0.5016
Dart Goblin,Skeleton King,6554,0.5362
Lumberjack,Mother Witch,6550,0.491
Night Witch,Witch,6549,0.5144
Guard,The Log,6546,0.4973
Archer Queen,Bat,6537,0.5054
Goblin Cage,Rage,6531,0.5204
Electro Wizard,Skeleton,6525,0.5119
Barbarian Barrel,Goblin Hut,6525,0.5217
Barbarian,Zappies,6521,0.5378
Night Witch,Royal Giant,6521,0.5084
Poison,Witch,6518,0.4836
Goblin Hut,Skeleton Army,6510,0.481
Giant,Inferno Dragon,6508,0.5298
Dark Prince,Skeleton,6503,0.5207
Musketeer,Rage,6502,0.5123
Bat,Bowler,6496,0.5163
Baby Dragon,Prince,6486,0.479
Mother Witch,Skeleton Army,6482,0.5017
Dark Prince,Skeleton Army,6481,0.5127
Baby Dragon,Bandit,6475,0.4882
Lumberjack,Minion,6473,0.4852
Dart Goblin,Miner,6463,0.5015
Bomber,Valkyrie,6458,0.5246
Bomb Tower,Lightning,6455,0.5171
Giant Snowball,Lumberjack,6455,0.5247
Fireball,Heal Spirit,6455,0.5352
Barbarian,Giant Snowball,6444,0.5441
Bomber,Skeleton Army,6414,0.5142
Elite Barbarian,Inferno Tower,6398,0.4875
Royal Hogs,Valkyrie,6388,0.4873
Archer Queen,Electro Spirit,6388,0.5083
Balloon,Dark Prince,6383,0.5004
Goblin Drill,Tornado,6381,0.5015
Lightning,Rage,6368,0.489
Archer,Rocket,6354,0.4542
Goblin Drill,Goblins,6353,0.5079
Heal Spirit,Mini P.E.K.K.A,6344,0.5247
Bomber,Skeleton,6337,0.513
Bowler,Hog Rider,6332,0.5166
Giant Skeleton,Royal Giant,6332,0.5291
Executioner,Inferno Tower,6331,0.486
Monk,The Log,6324,0.4995
Elixir Collector,Minion Horde,6324,0.5138
Sparky,Wizard,6303,0.5242
Ice Wizard,Skeleton King,6299,0.5056
Bat,Flying Machine,6297,0.499
Dark Prince,Goblin Cage,6293,0.5087
Bomber,Mega Minion,6288,0.5148
Skeleton Barrel,Tornado,6281,0.4977
Barbarian Barrel,Dart Goblin,6270,0.5041
Rocket,Zap,6269,0.4867
Giant Skeleton,Goblins,6267,0.5486
Mortar,Skeleton Army,6264,0.5354
Mortar,Rocket,6262,0.4617
Executioner,Skeleton,6260,0.5117
Bat,Tesla,6242,0.5087
Golden Knight,Zap,6231,0.5099
Royal Ghost,Royal Hogs,6231,0.5222
Tombstone,Valkyrie,6228,0.4799
Elixir Golem,Wizard,6219,0.4845
Giant,Inferno Tower,6213,0.4706
Goblin Gang,Royal Ghost,6213,0.5268
Electro Giant,Skeleton,6211,0.5258
Bat,Mighty Miner,6209,0.5094
Poison,Skeleton,6208,0.513
Barbarian,Royal Hogs,6201,0.5222
Goblin Barrel,Wall Breakers,6200,0.5179
Mini P.E.K.K.A,Tombstone,6197,0.503
Firecracker,Giant Snowball,6180,0.5206
Electro Wizard,Skeleton Barrel,6161,0.5178
Bandit,Miner,6161,0.5176
Golden Knight,Mega Knight,6157,0.4962
Baby Dragon,Skeleton King,6153,0.4954
Miner,Night Witch,6146,0.5083
Lumberjack,Prince,6146,0.4787
Elixir Collector,Skeleton,6144,0.4982
Goblin Hut,Witch,6138,0.4801
Electro Giant,Sparky,6118,0.4956
Electro Wizard,Goblin Hut,6106,0.4831
Electro Spirit,Skeleton King,6104,0.5146
Furnace,Wizard,6099,0.4879
Goblin Drill,Skeleton Barrel,6096,0.5039
Elixir Collector,Wizard,6079,0.5192
Royal Recruits,Zap,6070,0.5278
Baby Dragon,Rocket,6067,0.4941
Electro Giant,Mega Knight,6061,0.4798
Cannon,Mega Knight,6060,0.5144
Elixir Golem,Valkyrie,6058,0.4752
Firecracker,Royal Delivery,6053,0.5275
Bomb Tower,Goblin Barrel,6050,0.5147
Guard,Tornado,6039,0.5122
Knight,Royal Delivery,6029,0.475
Barbarian Barrel,Heal Spirit,6007,0.5279
Electro Dragon,Mega Knight,5998,0.4873
Arrows,Princess,5975,0.5083
Minion,P.E.K.K.A,5973,0.4966
Bowler,The Log,5969,0.5158
Archer,Valkyrie,5961,0.5148
Giant Snowball,Mega Knight,5958,0.5062
Baby Dragon,Bat,5953,0.4878
Inferno Tower,Musketeer,5950,0.4997
Mighty Miner,Rocket,5944,0.5264
Giant Skeleton,Knight,5941,0.4701
Bomber,Prince,5933,0.5117
Royal Hogs,Skeleton Army,5930,0.4858
Skeleton,Skeleton Barrel,5920,0.5111
Flying Machine,The Log,5915,0.4932
Barbarian,Goblin Barrel,5903,0.5162
Firecracker,Princess,5898,0.4964
Goblin Barrel,Witch,5892,0.4978
Mega Minion,Tombstone,5890,0.4842
Miner,Mortar,5884,0.5299
Bowler,Royal Giant,5873,0.5381
Dart Goblin,Mortar,5873,0.5437
Phoenix,Witch,5867,0.4791
Baby Dragon,Inferno Tower,5866,0.4896
Mega Minion,Witch,5836,0.5077
Miner,Princess,5832,0.5183
Goblin Cage,Poison,5830,0.5075
Barbarian,Inferno Tower,5818,0.4966
Guard,Inferno Tower,5812,0.4966
Inferno Tower,Minion,5812,0.4988
Guard,Inferno Dragon,5800,0.509
Prince,Royal Giant,5799,0.5166
Inferno Dragon,Wall Breakers,5798,0.504
Goblin Gang,Golem,5793,0.4899
Elite Barbarian,P.E.K.K.A,5789,0.4895
Elite Barbarian,Musketeer,5785,0.507
Archer Queen,Giant Skeleton,5773,0.5236
Dart Goblin,Poison,5773,0.5127
Bowler,Executioner,5772,0.522
Minion,Skeleton Barrel,5770,0.4974
Elixir Golem,Phoenix,5769,0.5153
Elite Barbarian,Giant,5759,0.5124
Mega Knight,Zappies,5752,0.4984
Royal Ghost,Zappies,5749,0.5495
Magic Archer,Witch,5749,0.485
Bowler,Goblin Cage,5740,0.5113
Elixir Collector,Fisherman,5739,0.552
Baby Dragon,Giant,5736,0.4808
Goblins,Lumberjack,5732,0.5487
Miner,Tombstone,5724,0.4972
Electro Wizard,Guard,5711,0.5045
Electro Spirit,Elixir Collector,5711,0.5344
Minion,Tombstone,5700,0.4868
Dark Prince,Valkyrie,5697,0.5111
Goblin Gang,Royal Hogs,5686,0.5125
Executioner,Prince,5681,0.5094
Tesla,Witch,5676,0.509
Minion,Poison,5667,0.501
Balloon,Bandit,5656,0.5011
Elixir Collector,Prince,5656,0.5092
Bomb Tower,Goblin Drill,5650,0.5081
Giant Skeleton,Zappies,5645,0.5345
Lava Hound,Miner,5644,0.5037
Giant Skeleton,Rage,5636,0.4856
Bomber,Elite Barbarian,5631,0.4935
Fire Spirit,Valkyrie,5626,0.5087
Bandit,Musketeer,5617,0.5215
Dark Prince,Executioner,5617,0.5174
Dart Goblin,Elite Barbarian,5616,0.487
Goblins,Rage,5609,0.548
Barbarian Barrel,P.E.K.K.A,5608,0.4945
Goblin Barrel,Musketeer,5607,0.5088
Rage,Rocket,5570,0.47
Mortar,Skeleton King,5564,0.5415
Electro Spirit,Miner,5564,0.4376
Flying Machine,Goblin Gang,5550,0.5173
Night Witch,Skeleton,5546,0.5164
Giant Snowball,Phoenix,5544,0.4859
Baby Dragon,Phoenix,5544,0.5215
Goblin Gang,Mother Witch,5540,0.5022
Archer Queen,Mini P.E.K.K.A,5522,0.5136
Minion,Royal Ghost,5519,0.4956
Skeleton Army,Wall Breakers,5513,0.4903
Mini P.E.K.K.A,Spear Goblin,5511,0.5224
Dart Goblin,Minion,5510,0.4788
Elixir Collector,Skeleton Army,5508,0.4588
Elite Barbarian,Mega Minion,5499,0.5117
Furnace,Knight,5489,0.5094
Skeleton Barrel,Witch,5489,0.4861
Baby Dragon,Bomb Tower,5489,0.513
Archer,Hog Rider,5488,0.5002
Mega Knight,Mega Minion,5455,0.5181
Golem,Mega Knight,5451,0.488
Cannon Cart,Skeleton Army,5430,0.5506
Bomber,Lumberjack,5418,0.5148
Bomb Tower,Graveyard,5396,0.5235
Dark Prince,Wizard,5394,0.4891
Arrows,Cannon Cart,5385,0.5187
Ice Wizard,Skeleton Army,5371,0.502
Barbarian Barrel,Elixir Golem,5357,0.5244
Baby Dragon,Elixir Collector,5354,0.5394
Royal Hogs,Wizard,5349,0.4917
Heal Spirit,Mega Minion,5345,0.5442
Balloon,Tesla,5337,0.5166
Bowler,Inferno Tower,5331,0.5016
Cannon Cart,Dart Goblin,5320,0.5511
Elixir Golem,Executioner,5319,0.4828
Musketeer,Tornado,5312,0.4947
Battle Ram,Mini P.E.K.K.A,5304,0.5096
Minion Horde,Tornado,5301,0.4839
Inferno Dragon,Royal Giant,5294,0.5128
Spear Goblin,Valkyrie,5277,0.5045
Magic Archer,Night Witch,5268,0.4282
Electro Wizard,Tombstone,5262,0.5087
Musketeer,Wizard,5258,0.4937
Skeleton,Witch,5255,0.4908
Electro Wizard,Fisherman,5246,0.5406
Giant,Miner,5242,0.4866
Electro Giant,Monk,5240,0.4966
Electro Spirit,Fire Spirit,5221,0.5242
Mini P.E.K.K.A,Royal Recruits,5209,0.5272
Baby Dragon,Battle Healer,5207,0.5122
Electro Wizard,Royal Recruits,5206,0.5177
Executioner,Mother Witch,5204,0.4737
Archer Queen,Elite Barbarian,5201,0.5157
Fire Spirit,Fireball,5192,0.5046
Hog Rider,Spear Goblin,5189,0.5205
Freeze,Minion,5186,0.4913
Electro Wizard,Princess,5182,0.4923
Baby Dragon,Musketeer,5179,0.4897
Inferno Tower,Royal Giant,5174,0.4969
Earthquake,Mortar,5145,0.5545
Dart Goblin,Rocket,5136,0.5386
Flying Machine,Royal Ghost,5136,0.4725
Dark Prince,Minion Horde,5134,0.4942
Hog Rider,Mother Witch,5127,0.488
Dart Goblin,Rage,5113,0.4856
Mega Minion,Royal Giant,5111,0.5218
Prince,Tornado,5087,0.4907
Sparky,Valkyrie,5084,0.5183
Monk,Phoenix,5079,0.5111
Inferno Tower,Wall Breakers,5079,0.4822
Giant Skeleton,Ice Spirit,5076,0.5272
Monk,Tornado,5072,0.5002
Hog Rider,Phoenix,5071,0.4912
Elixir Collector,Wall Breakers,5064,0.5559
Graveyard,Zap,5056,0.5125
Bat,Golem,5052,0.484
Prince,Princess,5051,0.5193
Musketeer,Royal Giant,5051,0.4997
Freeze,Phoenix,5050,0.5115
Baby Dragon,Lava Hound,5040,0.4952
Barbarian Barrel,Rage,5036,0.527
Giant Skeleton,Musketeer,5036,0.5016
Wall Breakers,Wizard,5032,0.4448
Inferno Tower,Minion Horde,5029,0.5098
Executioner,Minion,5021,0.5045
Bowler,Mini P.E.K.K.A,5018,0.4538
Inferno Tower,Rage,5018,0.4918
Elite Barbarian,Royal Hogs,5012,0.5122
Baby Dragon,Goblin Barrel,5011,0.4915
Cannon,Golden Knight,5002,0.5214
Sparky,Witch,5000,0.4976
Fire Spirit,Prince,4998,0.4978
Musketeer,Sparky,4992,0.521
Giant,Spear Goblin,4991,0.4867
Graveyard,P.E.K.K.A,4981,0.4983
Bat,Electro Giant,4972,0.502
Knight,Minion Horde,4968,0.5177
Electro Wizard,Wall Breakers,4951,0.5318
Golden Knight,Valkyrie,4947,0.4678
Dart Goblin,Witch,4945,0.4959
Electro Spirit,Royal Delivery,4945,0.4768
Ice Wizard,Mega Knight,4944,0.4686
Cannon Cart,Skeleton King,4943,0.5489
Electro Wizard,Monk,4940,0.5043
Bat,Cannon,4921,0.5074
Skeleton Barrel,Tesla,4918,0.5092
Lightning,Musketeer,4917,0.516
Electro Wizard,Giant Skeleton,4914,0.5041
Dark Prince,Poison,4914,0.4998
P.E.K.K.A,Rocket,4913,0.4765
Mega Minion,Valkyrie,4912,0.5285
Dark Prince,The Log,4904,0.533
Heal Spirit,Minion,4897,0.5203
Mortar,Poison,4895,0.5056
Golden Knight,Inferno Dragon,4894,0.4816
Cannon Cart,Skeleton Barrel,4892,0.5421
Electro Wizard,Minion Horde,4887,0.4948
Electro Dragon,Knight,4885,0.5312
Dart Goblin,Skeleton,4881,0.494
Goblins,Minion,4866,0.5279
Cannon Cart,Furnace,4860,0.5302
Giant Skeleton,Royal Hogs,4858,0.5058
Dart Goblin,Guard,4857,0.5096
Cannon Cart,Goblin Gang,4829,0.5481
Electro Spirit,Night Witch,4814,0.5164
Royal Ghost,Skeleton Army,4813,0.507
Spear Goblin,Witch,4812,0.5042
Poison,Royal Delivery,4805,0.4758
Inferno Dragon,Magic Archer,4805,0.4945
Goblins,Princess,4796,0.4956
Archer Queen,Ice Spirit,4787,0.5154
Mother Witch,Prince,4782,0.5088
Barbarian,Electro Giant,4775,0.5294
Executioner,Minion Horde,4760,0.4731
Electro Spirit,Ice Golem,4759,0.5133
Lava Hound,Mega Minion,4757,0.4835
Minion,Spear Goblin,4746,0.4844
Freeze,Prince,4742,0.4842
Goblin Barrel,Minion,4741,0.4967
Balloon,Royal Recruits,4740,0.4886
Executioner,Goblin Barrel,4735,0.4933
Musketeer,Wall Breakers,4734,0.5165
Phoenix,Zappies,4727,0.4961
Bomber,Minion Horde,4722,0.5059
Bomber,Goblin Barrel,4722,0.504
Giant Skeleton,Goblin Gang,4721,0.5062
Fire Spirit,Skeleton Army,4711,0.4893
Barbarian Hut,Flying Machine,4711,0.4952
Lumberjack,Magic Archer,4709,0.4814
Baby Dragon,Elite Barbarian,4708,0.4826
Giant Skeleton,Hunter,4707,0.5092
Barbarian,Dart Goblin,4705,0.495
Baby Dragon,Miner,4698,0.4866
Bomb Tower,Ice Wizard,4697,0.5214
Hunter,Lumberjack,4687,0.5227
Ice Spirit,Spear Goblin,4683,0.4612
Inferno Dragon,P.E.K.K.A,4683,0.511
Ice Wizard,Lightning,4683,0.5133
Bomber,Rage,4673,0.4858
Electro Giant,Mega Minion,4672,0.5019
Archer,Firecracker,4669,0.4909
Barbarian Barrel,Wizard,4666,0.4837
Barbarian,Rocket,4659,0.4999
Archer,Minion,4655,0.4934
Phoenix,Tombstone,4638,0.5233
Skeleton Barrel,Wizard,4637,0.5064
Elite Barbarian,Royal Giant,4626,0.5002
Electro Giant,Zap,4624,0.4892
Lumberjack,Tombstone,4619,0.5181
Goblin Cage,Mega Knight,4611,0.5333
Mini P.E.K.K.A,Zappies,4600,0.4854
Archer Queen,Miner,4599,0.4723
Freeze,Musketeer,4596,0.5191
Elite Barbarian,Miner,4595,0.4916
Furnace,Witch,4591,0.4701
Rage,Spear Goblin,4589,0.5014
Giant Snowball,Skeleton Army,4589,0.5413
Furnace,Musketeer,4585,0.5071
Miner,Rocket,4582,0.4607
Flying Machine,Skeleton Barrel,4578,0.4948
Dart Goblin,Tornado,4576,0.5066
Battle Ram,Dark Prince,4573,0.5071
Tombstone,Witch,4570,0.4873
Cannon Cart,Goblin Hut,4558,0.5329
Bomber,Cannon,4548,0.5506
Inferno Dragon,Skeleton,4548,0.5268
Mega Minion,Poison,4539,0.4944
Golden Knight,Mini P.E.K.K.A,4537,0.5094
Lightning,Skeleton King,4531,0.5074
Hog Rider,Zappies,4516,0.5042
Goblin Barrel,Goblins,4514,0.4847
Bat,Elixir Collector,4505,0.5043
Archer,Barbarian,4505,0.4921
Balloon,Elite Barbarian,4497,0.4903
Cannon,Electro Spirit,4491,0.5155
Barbarian Barrel,Barbarian Hut,4489,0.5019
Giant Snowball,Night Witch,4480,0.5397
P.E.K.K.A,Tesla,4480,0.5096
Ice Golem,Zap,4475,0.4999
Electro Spirit,Giant Skeleton,4474,0.5168
Elite Barbarian,Flying Machine,4468,0.5103
Heal Spirit,Royal Hogs,4464,0.5175
Cannon,Poison,4463,0.5028
Goblin Hut,Wizard,4457,0.4685
Inferno Dragon,Sparky,4456,0.5013
Hog Rider,Hunter,4454,0.502
Mega Knight,Rocket,4449,0.4842
Lightning,Magic Archer,4447,0.4916
Minion,Night Witch,4441,0.4961
Skeleton,Wizard,4441,0.454
Bat,Mortar,4437,0.5283
Miner,Royal Delivery,4423,0.4515
Mini P.E.K.K.A,Mortar,4422,0.4864
Goblin Hut,Hog Rider,4421,0.4779
Giant Skeleton,Prince,4414,0.4776
Bomb Tower,Mini P.E.K.K.A,4414,0.5159
Cannon Cart,Mother Witch,4412,0.5505
Fireball,Monk,4412,0.5154
Graveyard,Zappies,4411,0.5371
Royal Hogs,Witch,4411,0.4886
Goblin Giant,Witch,4406,0.4984
Goblin Gang,P.E.K.K.A,4397,0.5197
Dark Prince,Royal Ghost,4396,0.4973
Giant Skeleton,Tombstone,4395,0.4726
Golem,Witch,4394,0.4782
Balloon,Electro Spirit,4393,0.5397
Bandit,Executioner,4392,0.5091
Night Witch,Royal Ghost,4391,0.4432
Furnace,Skeleton Barrel,4386,0.4964
Furnace,Tornado,4385,0.4869
Bowler,Fisherman,4380,0.5429
Giant Skeleton,Skeleton Barrel,4371,0.5042
Elixir Golem,Lightning,4361,0.4829
Rocket,Wall Breakers,4359,0.5414
Golem,Valkyrie,4348,0.511
Graveyard,The Log,4346,0.5177
Freeze,Giant Skeleton,4345,0.507
Arrows,Ice Spirit,4327,0.5295
Inferno Dragon,Rocket,4321,0.4899
Earthquake,Electro Giant,4300,0.4933
Freeze,Tombstone,4300,0.5307
Goblin Giant,Skeleton,4291,0.533
Knight,Royal Hogs,4290,0.496
Graveyard,Phoenix,4289,0.5202
Fisherman,Poison,4285,0.4392
Wall Breakers,Witch,4283,0.4835
Royal Ghost,Wizard,4283,0.4896
Hunter,Zappies,4282,0.5159
Guard,Lumberjack,4272,0.5133
Barbarian,Knight,4269,0.5212
Goblin Hut,The Log,4254,0.473
Giant,Princess,4252,0.5078
Executioner,Night Witch,4241,0.5171
Electro Giant,Electro Wizard,4231,0.4923
Barbarian Barrel,Battle Healer,4221,0.5186
Barbarian,Monk,4221,0.5077
Goblin Barrel,Spear Goblin,4217,0.5122
Minion Horde,Musketeer,4216,0.5114
Royal Ghost,Witch,4215,0.4762
Cannon,Skeleton Army,4215,0.5015
Minion,Princess,4212,0.5152
Balloon,Skeleton Barrel,4211,0.4989
Archer,Giant,4210,0.5216
Ice Golem,Lumberjack,4209,0.5229
Electro Wizard,Goblins,4207,0.541
Baby Dragon,Skeleton,4205,0.5027
Elixir Collector,Valkyrie,4201,0.508
Ice Wizard,Royal Giant,4200,0.5445
Firecracker,Skeleton King,4195,0.5054
Electro Giant,Valkyrie,4194,0.4721
Bandit,Phoenix,4193,0.4691
Archer Queen,Electro Wizard,4183,0.5037
Elixir Golem,Magic Archer,4181,0.4298
Goblin Gang,Golden Knight,4178,0.4902
Heal Spirit,Skeleton,4175,0.502
Bomber,P.E.K.K.A,4173,0.4915
Balloon,Guard,4164,0.5098
Goblin Hut,Minion Horde,4164,0.5036
Bomber,Goblin Gang,4163,0.4908
Electro Spirit,Valkyrie,4163,0.5088
Giant Skeleton,Valkyrie,4158,0.4661
Inferno Dragon,Minion Horde,4158,0.5087
Miner,Tesla,4154,0.4781
Fireball,Golden Knight,4151,0.4772
Mother Witch,Three Musketeers,4143,0.524
Barbarian,Three Musketeers,4137,0.526
Battle Healer,Mini P.E.K.K.A,4132,0.5048
Bat,Rocket,4127,0.5038
Bomber,Golden Knight,4123,0.5203
Bandit,Night Witch,4122,0.5167
Goblin Barrel,Mighty Miner,4115,0.5081
Bomber,The Log,4115,0.4821
Giant Skeleton,Royal Ghost,4113,0.55
Dart Goblin,Lumberjack,4112,0.4577
Dark Prince,Hunter,4105,0.5328
Cannon Cart,Firecracker,4103,0.5108
Fire Spirit,Minion,4099,0.5189
Furnace,Miner,4097,0.4806
Archer,Miner,4091,0.4718
Baby Dragon,Furnace,4086,0.4753
Bat,Minion,4082,0.5171
Electro Spirit,Giant Snowball,4075,0.522
Giant Skeleton,Night Witch,4069,0.4893
Bandit,Minion Horde,4061,0.4686
Battle Healer,Heal Spirit,4059,0.5122
Arrows,Fire Spirit,4058,0.5106
Bomber,Lava Hound,4053,0.4851
Golden Knight,Royal Hogs,4051,0.5423
Barbarian,Hunter,4050,0.5358
Cannon Cart,Mega Knight,4049,0.5105
Battle Ram,The Log,4042,0.498
Barbarian Barrel,Skeleton Army,4032,0.4938
Mother Witch,Witch,4025,0.4735
Flying Machine,Magic Archer,4022,0.4281
Giant Snowball,Hog Rider,4019,0.4954
Musketeer,Rocket,4000,0.4958
Fireball,Poison,3998,0.4947
Flying Machine,Witch,3997,0.4719
Golden Knight,Knight,3996,0.4762
Mega Minion,Minion,3987,0.4826
Flying Machine,Lumberjack,3984,0.5033
Goblin Gang,Goblin Hut,3980,0.4827
Mighty Miner,Rage,3980,0.5055
Bomber,Musketeer,3979,0.5072
Graveyard,Skeleton,3973,0.5094
Executioner,Witch,3972,0.4829
Tombstone,Wizard,3972,0.494
Barbarian Hut,Royal Hogs,3968,0.4997
Barbarian Barrel,Giant Skeleton,3967,0.5289
Giant Snowball,Lava Hound,3966,0.4778
Knight,Lava Hound,3966,0.4778
Ice Spirit,Rage,3959,0.5307
Furnace,Phoenix,3953,0.5194
Goblin Gang,Ice Golem,3950,0.5238
Mighty Miner,Tornado,3945,0.4611
Barbarian Barrel,Mighty Miner,3943,0.5164
Princess,Wizard,3940,0.5079
Executioner,Guard,3937,0.4862
Fireball,Goblin Drill,3936,0.484
Barbarian Barrel,Cannon Cart,3929,0.5447
Elixir Golem,The Log,3921,0.5047
Elixir Golem,Skeleton Army,3919,0.48
Archer,Skeleton Army,3918,0.5138
Elite Barbarian,Poison,3917,0.4971
Archer Queen,Firecracker,3914,0.5112
Furnace,Minion,3908,0.5136
Flying Machine,Lightning,3907,0.4968
Golden Knight,Three Musketeers,3905,0.5109
Sparky,Tesla,3905,0.5073
Goblin Cage,The Log,3901,0.5065
Giant Snowball,Goblin Gang,3899,0.5247
Miner,Phoenix,3898,0.5085
Barbarian Barrel,Prince,3894,0.5241
Earthquake,Goblin Gang,3880,0.4907
Guard,Musketeer,3875,0.5151
Goblin Hut,Poison,3874,0.4855
Arrows,Three Musketeers,3868,0.5098
Battle Healer,Poison,3861,0.4846
Minion Horde,P.E.K.K.A,3857,0.4706
Cannon,Inferno Dragon,3853,0.4882
Elite Barbarian,Giant Skeleton,3851,0.4944
Cannon,Minion,3847,0.4939
Goblin Cage,Golden Knight,3847,0.5274
Prince,Sparky,3844,0.488
Archer,Lightning,3841,0.4934
Goblin Cage,Phoenix,3838,0.5266
Barbarian Barrel,Earthquake,3835,0.5113
Guard,Wizard,3833,0.4751
Mother Witch,Rocket,3833,0.527
Musketeer,P.E.K.K.A,3831,0.5001
Magic Archer,Royal Hogs,3829,0.4957
Fire Spirit,Lightning,3828,0.4901
Electro Wizard,Goblin Cage,3827,0.5119
Giant,Goblin Barrel,3824,0.5
Bowler,Mother Witch,3824,0.5421
Ice Golem,Minion,3820,0.5016
Goblin Drill,Valkyrie,3819,0.4886
Magic Archer,Wizard,3816,0.4906
Battle Healer,Phoenix,3813,0.5206
Flying Machine,Golden Knight,3812,0.5189
Balloon,Ice Wizard,3812,0.516
Barbarian,Giant Skeleton,3808,0.516
Bat,Goblin Cage,3804,0.5118
Elite Barbarian,Ice Golem,3799,0.5204
Flying Machine,Golem,3799,0.4914
Inferno Dragon,Royal Ghost,3798,0.5308
Lightning,Skeleton Barrel,3797,0.5354
Princess,Wall Breakers,3793,0.5025
Bandit,Goblin Barrel,3789,0.502
Archer Queen,Goblin Gang,3785,0.5123
Ice Wizard,Musketeer,3781,0.5149
Freeze,Tesla,3773,0.52
Giant Skeleton,Goblin Barrel,3770,0.4878
Goblin Hut,Spear Goblin,3763,0.5062
Goblin Drill,Knight,3762,0.5051
Mega Knight,Mortar,3762,0.4782
Giant,Lumberjack,3761,0.515
P.E.K.K.A,Phoenix,3759,0.4389
Bat,Goblin Hut,3757,0.4759
Cannon,Princess,3757,0.498
Archer,Minion Horde,3750,0.5107
Archer Queen,Prince,3747,0.5012
Elite Barbarian,Goblin Barrel,3741,0.4844
Freeze,Goblin Gang,3738,0.508
Furnace,P.E.K.K.A,3730,0.4997
Electro Spirit,Mini P.E.K.K.A,3728,0.518
Lumberjack,Royal Ghost,3725,0.4851
Electro Giant,Night Witch,3721,0.5015
Dart Goblin,Mother Witch,3716,0.5312
Baby Dragon,Bomber,3714,0.5213
Goblin Drill,Inferno Dragon,3713,0.5055
Archer Queen,Wall Breakers,3712,0.507
Furnace,Lumberjack,3701,0.4869
Earthquake,Fisherman,3700,0.5078
Bomb Tower,Dart Goblin,3698,0.5368
Lumberjack,Tesla,3697,0.522
Inferno Tower,Magic Archer,3696,0.4789
Flying Machine,Skeleton Army,3693,0.492
Phoenix,Royal Recruits,3693,0.515
Flying Machine,Inferno Dragon,3687,0.5047
Archer Queen,Tesla,3671,0.5031
Goblin Hut,Zap,3670,0.4839
Goblin Barrel,Poison,3668,0.4978
Executioner,Wizard,3663,0.4835
Phoenix,Skeleton Army,3662,0.4642
Battle Ram,Goblin Gang,3658,0.5161
Monk,Sparky,3650,0.5055
Fisherman,Zap,3648,0.4918
Monk,Mother Witch,3647,0.5051
Bandit,Princess,3643,0.4925
Battle Healer,Lumberjack,3641,0.5251
Lumberjack,Rage,3633,0.4966
Electro Dragon,Magic Archer,3631,0.4387
Electro Dragon,Mother Witch,3627,0.5134
Ice Wizard,Princess,3624,0.4848
Hunter,Zap,3624,0.4972
Archer,Royal Giant,3610,0.4981
Bomber,Giant Snowball,3609,0.4824
Baby Dragon,Minion,3608,0.4751
Elixir Golem,Mother Witch,3608,0.4967
Dart Goblin,Spear Goblin,3607,0.5054
Barbarian Barrel,Bomber,3602,0.5208
Archer,Poison,3602,0.4711
Goblin Drill,Inferno Tower,3596,0.4914
Bat,Battle Ram,3591,0.4971
Barbarian,Wall Breakers,3588,0.5293
Giant Snowball,Skeleton Barrel,3584,0.5279
Graveyard,Wizard,3584,0.5128
Barbarian Barrel,Magic Archer,3578,0.5078
Electro Dragon,Lightning,3576,0.4997
Giant Skeleton,Minion,3576,0.4919
Fire Spirit,Mini P.E.K.K.A,3575,0.499
Mortar,Zap,3571,0.5119
Electro Wizard,Royal Hogs,3565,0.4957
Fire Spirit,Miner,3562,0.5003
Electro Dragon,Valkyrie,3559,0.4847
Archer Queen,Skeleton Army,3557,0.5125
Electro Dragon,Heal Spirit,3551,0.517
Mortar,Valkyrie,3551,0.5063
Elixir Golem,Heal Spirit,3551,0.517
Giant,Poison,3548,0.482
Valkyrie,Zappies,3543,0.4846
Mother Witch,Skeleton,3540,0.4881
Goblins,Hunter,3532,0.5742
Arrows,Earthquake,3530,0.4632
Royal Recruits,Valkyrie,3528,0.4821
Dark Prince,Tesla,3526,0.5099
Inferno Dragon,Mortar,3525,0.5061
Rage,Royal Hogs,3525,0.4721
Sparky,Spear Goblin,3523,0.4894
Phoenix,Skeleton King,3514,0.5228
Bandit,Golden Knight,3513,0.4996
Firecracker,Hunter,3504,0.5391
Miner,Sparky,3503,0.4807
Dark Prince,Skeleton Barrel,3501,0.5253
Sparky,The Log,3497,0.4953
Graveyard,Hunter,3496,0.5246
Bomber,Dart Goblin,3494,0.4814
P.E.K.K.A,Prince,3492,0.4485
Elixir Golem,Lumberjack,3491,0.5213
Freeze,Skeleton,3489,0.5007
Electro Giant,Goblin Gang,3489,0.4577
Flying Machine,Knight,3489,0.5027
Goblins,Spear Goblin,3487,0.5162
Elixir Collector,Ice Golem,3483,0.5245
Goblin Giant,Valkyrie,3481,0.4932
Fire Spirit,Tesla,3474,0.5248
Lightning,Zappies,3473,0.4944
Barbarian Hut,Royal Recruits,3463,0.5094
Barbarian Hut,Zappies,3463,0.5094
Balloon,Rocket,3458,0.4905
Earthquake,Executioner,3458,0.3947
Electro Giant,Wizard,3457,0.4738
Giant Skeleton,Magic Archer,3456,0.4873
Earthquake,Electro Wizard,3451,0.492
Lightning,Minion Horde,3450,0.5032
Rocket,Royal Recruits,3449,0.5547
Dart Goblin,Royal Ghost,3440,0.5003
Fisherman,Witch,3439,0.4955
Giant,Lightning,3437,0.5217
Guard,Skeleton Barrel,3435,0.501
Archer Queen,Goblins,3435,0.5205
Ice Wizard,Mini P.E.K.K.A,3434,0.5175
Balloon,Mighty Miner,3434,0.4907
Magic Archer,Royal Recruits,3430,0.5294
Electro Dragon,Monk,3428,0.5003
Archer,Goblins,3424,0.4866
Rocket,Skeleton Barrel,3410,0.5226
Dart Goblin,Electro Giant,3403,0.4875
Electro Dragon,Wizard,3401,0.4849
Electro Dragon,Flying Machine,3398,0.4411
Electro Dragon,Executioner,3395,0.5161
Bomb Tower,Princess,3388,0.5106
Poison,Princess,3376,0.5021
Golem,Minion,3376,0.4727
Archer Queen,Valkyrie,3372,0.4956
Goblin Giant,Ice Spirit,3366,0.541
Fire Spirit,Rage,3365,0.5269
Goblin Gang,Three Musketeers,3363,0.5034
Lumberjack,Skeleton Barrel,3361,0.4826
Cannon,Electro Wizard,3360,0.4857
Balloon,Furnace,3357,0.4701
Sparky,Zappies,3352,0.4979
Cannon Cart,The Log,3352,0.537
Barbarian Hut,Goblin Hut,3344,0.5012
Bat,Ice Wizard,3340,0.5105
Hog Rider,Wall Breakers,3325,0.5368
Bomber,Inferno Tower,3307,0.5053
Barbarian Barrel,Witch,3294,0.4906
Cannon Cart,Tornado,3286,0.5152
Elixir Golem,Fisherman,3276,0.4103
Cannon,Goblin Barrel,3268,0.5046
Electro Wizard,Flying Machine,3266,0.4773
Baby Dragon,Guard,3265,0.498
Bowler,Goblins,3264,0.564
Bomber,Electro Wizard,3260,0.5126
Barbarian Barrel,Minion,3258,0.5114
Furnace,Rage,3256,0.4831
Elite Barbarian,Golden Knight,3253,0.5146
Earthquake,Monk,3253,0.4716
Goblin Gang,Mega Minion,3253,0.5038
Heal Spirit,The Log,3250,0.52
Goblin Barrel,Inferno Dragon,3239,0.4952
Fire Spirit,Tornado,3237,0.4696
Magic Archer,Rage,3237,0.4674
Giant Snowball,Goblin Cage,3234,0.5065
Bomb Tower,Skeleton Barrel,3233,0.537
Goblin Drill,Skeleton Army,3233,0.4182
Inferno Dragon,Zappies,3226,0.5397
Lightning,Poison,3226,0.5127
Balloon,Ice Spirit,3224,0.5214
Bat,Guard,3219,0.5039
Mini P.E.K.K.A,Skeleton King,3216,0.5221
Prince,Tesla,3215,0.5216
Royal Delivery,Valkyrie,3213,0.5384
Freeze,Rage,3213,0.4815
Electro Giant,Minion Horde,3213,0.4697
Elite Barbarian,Magic Archer,3212,0.496
Mega Minion,Prince,3210,0.5112
Elite Barbarian,Mighty Miner,3206,0.4878
Barbarian Barrel,Inferno Tower,3206,0.5069
Archer Queen,Royal Giant,3203,0.5064
Bomber,Giant Skeleton,3202,0.4847
Battle Healer,Witch,3194,0.4837
Hunter,Valkyrie,3187,0.4973
Ice Spirit,Lumberjack,3186,0.5066
Goblin Gang,Tombstone,3186,0.5063
Furnace,Goblin Barrel,3184,0.5003
Executioner,Goblin Drill,3182,0.4965
Minion,Royal Recruits,3178,0.5189
Royal Ghost,Royal Recruits,3177,0.5398
Giant Skeleton,Inferno Dragon,3177,0.5209
Musketeer,Royal Delivery,3176,0.5208
Fisherman,Mega Minion,3176,0.5183
Minion Horde,Poison,3174,0.5003
Golem,Hog Rider,3171,0.492
Hog Rider,Royal Recruits,3170,0.4868
Barbarian,Goblins,3168,0.5483
Dark Prince,Fire Spirit,3168,0.4984
Flying Machine,Guard,3168,0.4921
Golden Knight,Royal Ghost,3167,0.4983
Ice Wizard,Wizard,3167,0.4948
Archer Queen,Poison,3167,0.4831
Rage,Skeleton Barrel,3165,0.4875
Ice Golem,Three Musketeers,3164,0.5294
Miner,Mother Witch,3157,0.49
Giant Skeleton,Lumberjack,3154,0.5152
Electro Giant,Witch,3153,0.4808
Inferno Tower,Prince,3151,0.4729
Mighty Miner,Zap,3144,0.4927
Dark Prince,Dart Goblin,3142,0.5248
Goblin Gang,Phoenix,3141,0.4992
Lava Hound,Zap,3140,0.4866
Bowler,Miner,3130,0.4923
Giant,Mega Knight,3130,0.5144
Earthquake,Hunter,3129,0.4995
Furnace,Night Witch,3128,0.5019
Furnace,Prince,3127,0.4826
Cannon,Skeleton Barrel,3125,0.5133
Tornado,Zappies,3122,0.4869
Balloon,Monk,3120,0.5154
Fire Spirit,Giant Skeleton,3120,0.525
Ice Wizard,Minion Horde,3119,0.5357
Earthquake,Mega Knight,3114,0.4894
Barbarian Hut,Electro Spirit,3114,0.5103
Furnace,Guard,3110,0.5186
Skeleton King,Sparky,3108,0.5138
Balloon,Royal Ghost,3105,0.5011
Inferno Dragon,Phoenix,3104,0.4913
Electro Giant,Guard,3101,0.5076
Furnace,Minion Horde,3100,0.5139
Ice Wizard,Lumberjack,3097,0.4905
Dark Prince,Magic Archer,3096,0.5071
Ice Spirit,Mega Knight,3087,0.4833
Electro Wizard,Mighty Miner,3086,0.5032
Goblin Barrel,Sparky,3085,0.5044
Rage,Wall Breakers,3085,0.5002
Electro Wizard,Skeleton King,3081,0.5183
Heal Spirit,Knight,3078,0.5627
Barbarian,P.E.K.K.A,3078,0.4786
Bat,Fire Spirit,3077,0.4891
Bat,Elixir Golem,3071,0.5067
Flying Machine,Goblin Giant,3070,0.5101
Electro Wizard,Elixir Golem,3069,0.5083
Elixir Golem,Monk,3062,0.4944
Cannon Cart,Flying Machine,3061,0.5302
Musketeer,Tesla,3060,0.5212
Archer,Prince,3057,0.4979
Furnace,Golem,3055,0.4917
Electro Giant,The Log,3049,0.4929
Inferno Tower,P.E.K.K.A,3048,0.4905
Graveyard,Inferno Tower,3048,0.5128
Royal Giant,Tornado,3046,0.4967
Bowler,Elixir Golem,3045,0.531
Goblin Barrel,Miner,3041,0.5071
Goblin Giant,The Log,3040,0.5138
Golden Knight,Tesla,3036,0.4835
Fire Spirit,Minion Horde,3033,0.5371
Hunter,Mega Knight,3032,0.5155
Magic Archer,Mother Witch,3030,0.463
Electro Wizard,Elixir Collector,3029,0.5015
Graveyard,Sparky,3027,0.5352
Freeze,Poison,3025,0.5031
Monk,Night Witch,3024,0.4934
Baby Dragon,Giant Skeleton,3021,0.4449
Ice Spirit,Prince,3012,0.5292
Elixir Golem,Royal Ghost,3012,0.4246
Earthquake,Fireball,3011,0.4799
Skeleton Army,Zappies,3011,0.5061
Monk,Poison,3010,0.4811
Skeleton,Sparky,3007,0.5005
Giant,Ice Wizard,3006,0.51
Dart Goblin,Earthquake,3006,0.4814
Dark Prince,Inferno Tower,2995,0.4972
Elixir Collector,Mega Minion,2992,0.5528
Cannon Cart,Phoenix,2989,0.5644
Giant Skeleton,Rocket,2985,0.5092
Fisherman,Mega Knight,2980,0.4916
Ice Golem,Royal Hogs,2980,0.5268
Golem,Skeleton King,2979,0.4985
Mega Knight,Monk,2975,0.4797
Royal Giant,Skeleton Barrel,2970,0.5067
Goblin Drill,Skeleton,2967,0.5184
Elite Barbarian,Goblin Hut,2964,0.5165
Goblin Gang,Magic Archer,2962,0.4838
Archer,Wall Breakers,2959,0.4789
Balloon,Dart Goblin,2957,0.4917
Royal Giant,Tesla,2956,0.5169
Archer,Inferno Dragon,2955,0.4707
Bowler,Rage,2955,0.4907
Mega Minion,Skeleton Army,2954,0.5267
Dart Goblin,Phoenix,2950,0.4539
Baby Dragon,Sparky,2944,0.501
Minion Horde,Mortar,2938,0.5238
Dark Prince,Electro Spirit,2936,0.5245
Barbarian,Ice Spirit,2935,0.4787
Archer,Musketeer,2932,0.4826
Golden Knight,Prince,2929,0.4947
Bowler,Tombstone,2923,0.5183
Elixir Collector,Hog Rider,2920,0.5116
Monk,Skeleton Army,2917,0.5132
Graveyard,Mini P.E.K.K.A,2910,0.4955
Baby Dragon,Goblin Hut,2900,0.4938
Electro Wizard,Ice Wizard,2892,0.5114
Baby Dragon,Executioner,2889,0.5061
Golem,Rage,2885,0.5057
Golden Knight,Hog Rider,2885,0.4901
Golden Knight,Zappies,2879,0.546
Guard,Knight,2876,0.5306
Electro Wizard,Rocket,2873,0.4598
Giant,Giant Skeleton,2871,0.4667
Electro Dragon,Fisherman,2871,0.402
Giant Snowball,Mini P.E.K.K.A,2871,0.511
Minion,Royal Hogs,2867,0.4834
Elite Barbarian,Wall Breakers,2865,0.4981
Giant Skeleton,Tesla,2856,0.5095
Goblin Giant,Goblin Hut,2856,0.4825
Minion,Rocket,2855,0.4872
Lumberjack,Zappies,2854,0.494
Golden Knight,Heal Spirit,2850,0.5144
Mega Minion,Skeleton,2849,0.5556
Electro Spirit,Mighty Miner,2845,0.4967
Balloon,Elixir Collector,2844,0.4898
Battle Ram,Minion,2842,0.4835
Guard,Poison,2840,0.5257
Inferno Dragon,Tesla,2837,0.5118
Mega Knight,Skeleton King,2834,0.5025
Bowler,Valkyrie,2832,0.5311
Mighty Miner,Skeleton Army,2831,0.5069
Electro Wizard,Hunter,2831,0.5245
Executioner,Royal Giant,2826,0.4954
Giant Snowball,Mega Minion,2824,0.545
Elixir Collector,Golden Knight,2823,0.4977
Golem,Inferno Tower,2821,0.4888
Ice Wizard,P.E.K.K.A,2820,0.4365
Witch,Zappies,2820,0.4922
Dart Goblin,Executioner,2817,0.5094
Goblin Drill,Zap,2805,0.5323
Golden Knight,Witch,2801,0.4498
Giant Skeleton,Lightning,2800,0.5089
Flying Machine,Spear Goblin,2795,0.4923
Lightning,Spear Goblin,2795,0.5073
Bowler,Electro Spirit,2791,0.5679
Bomber,Rocket,2787,0.5081
Ice Wizard,Phoenix,2787,0.5192
Flying Machine,Hog Rider,2784,0.5108
Dart Goblin,P.E.K.K.A,2782,0.4508
Lumberjack,Mega Minion,2779,0.5236
Bandit,Goblin Drill,2775,0.5474
Mighty Miner,Zappies,2768,0.5108
Golem,Tombstone,2768,0.5007
Princess,Rage,2763,0.5103
Ice Golem,Rage,2763,0.5512
Electro Spirit,Zap,2762,0.5192
Cannon,Rocket,2761,0.494
Golem,Miner,2759,0.5049
Royal Recruits,Skeleton Army,2757,0.5241
Golem,Magic Archer,2756,0.4844
Electro Giant,Prince,2756,0.508
Archer Queen,X-Bow,2754,0.5294
Executioner,Royal Hogs,2753,0.4922
Archer,Witch,2743,0.5188
Executioner,Golden Knight,2740,0.4828
Fisherman,Magic Archer,2739,0.4199
Golden Knight,Rocket,2735,0.4589
Poison,Prince,2725,0.5119
Earthquake,Zap,2718,0.511
Electro Giant,Executioner,2716,0.4875
Earthquake,Wall Breakers,2712,0.4875
Mini P.E.K.K.A,Monk,2709,0.5105
Graveyard,Mother Witch,2707,0.5013
Archer,Balloon,2705,0.5113
Mighty Miner,Mother Witch,2704,0.547
Goblin Barrel,P.E.K.K.A,2701,0.4998
Bandit,Mega Minion,2687,0.5058
Archer Queen,Bomb Tower,2685,0.4737
Barbarian Hut,Poison,2680,0.4769
Bandit,Skeleton,2680,0.5168
Goblin Barrel,Goblin Hut,2669,0.5084
Heal Spirit,Night Witch,2666,0.5491
Giant Skeleton,Spear Goblin,2666,0.5008
Hog Rider,Royal Hogs,2665,0.4765
Flying Machine,Wall Breakers,2665,0.5403
Goblin Hut,Knight,2665,0.4777
Archer Queen,Balloon,2659,0.5149
Battle Healer,Monk,2658,0.5245
Goblin Hut,Lightning,2656,0.491
Dark Prince,Ice Spirit,2651,0.5277
Graveyard,Mega Minion,2647,0.5213
Elixir Collector,Mega Knight,2637,0.4983
Electro Giant,Inferno Tower,2637,0.4808
Bowler,Wizard,2636,0.5038
Ice Wizard,Rage,2630,0.484
Goblin Giant,Inferno Dragon,2630,0.5106
Barbarian Hut,Fireball,2627,0.4968
Bomber,Royal Giant,2626,0.5225
Bowler,Dart Goblin,2625,0.4217
Mighty Miner,Princess,2623,0.5036
Baby Dragon,Princess,2621,0.4632
Monk,Royal Giant,2621,0.5341
Bowler,Minion Horde,2620,0.4882
Skeleton King,Witch,2619,0.4922
Barbarian Barrel,Guard,2618,0.5191
Fisherman,Monk,2617,0.5071
Bandit,Furnace,2615,0.4929
Knight,Royal Giant,2614,0.505
Hog Rider,Sparky,2613,0.509
Barbarian,Fisherman,2613,0.4914
Goblin Cage,Musketeer,2609,0.5113
Barbarian,Earthquake,2608,0.4969
Bandit,Guard,2605,0.5282
Skeleton Barrel,Tombstone,2602,0.5131
Barbarian,Skeleton Barrel,2598,0.5331
Bandit,Royal Recruits,2597,0.5514
Golden Knight,Skeleton Army,2593,0.4782
Archer,Princess,2593,0.5006
Inferno Tower,Night Witch,2590,0.4792
Executioner,Mega Minion,2587,0.516
Barbarian,Electro Spirit,2584,0.5294
Goblin Drill,Rocket,2582,0.5019
Electro Spirit,Mega Knight,2580,0.5167
Inferno Tower,Mother Witch,2580,0.4837
Dark Prince,Royal Giant,2580,0.5337
Royal Ghost,Valkyrie,2573,0.4959
Furnace,Inferno Tower,2572,0.4957
Golden Knight,Poison,2571,0.4874
Bomber,Dark Prince,2568,0.5121
P.E.K.K.A,Royal Giant,2568,0.4926
Bat,Royal Delivery,2567,0.5169
Balloon,Spear Goblin,2561,0.4912
Fire Spirit,Mega Knight,2560,0.4973
Goblins,Monk,2558,0.5332
Flying Machine,Miner,2558,0.5156
Balloon,Magic Archer,2557,0.4638
Dart Goblin,Electro Wizard,2555,0.4751
Magic Archer,Royal Giant,2548,0.4922
Giant,Phoenix,2546,0.4643
Ice Spirit,Royal Delivery,2546,0.4996
Archer,Electro Spirit,2544,0.5118
Fisherman,Goblin Cage,2540,0.5276
Baby Dragon,Tesla,2538,0.4831
Freeze,Night Witch,2533,0.5069
Inferno Tower,Royal Delivery,2533,0.4773
Giant,Zappies,2530,0.513
Elixir Collector,Miner,2528,0.5186
Night Witch,P.E.K.K.A,2527,0.4784
Lava Hound,Lightning,2521,0.4835
Mighty Miner,Royal Hogs,2508,0.5171
Flying Machine,Royal Giant,2508,0.4825
Freeze,Guard,2507,0.4906
Dark Prince,Furnace,2506,0.4657
Hog Rider,Three Musketeers,2506,0.4808
Giant Snowball,Ice Spirit,2505,0.5206
Monk,Wizard,2499,0.5022
Elite Barbarian,Ice Wizard,2497,0.5038
Fire Spirit,Witch,2493,0.4813
Balloon,Mother Witch,2492,0.4864
Fisherman,Mini P.E.K.K.A,2491,0.5138
Bat,Hunter,2485,0.5453
Goblin Giant,Minion Horde,2484,0.4807
Goblin Giant,Miner,2484,0.4807
Fisherman,Tornado,2483,0.503
Baby Dragon,Golden Knight,2479,0.4816
Goblin Hut,Inferno Dragon,2479,0.482
Bomber,Goblin Cage,2479,0.4946
Freeze,Rocket,2476,0.496
Earthquake,Royal Giant,2475,0.4998
Musketeer,Night Witch,2471,0.5293
Goblins,Mega Minion,2470,0.5247
Cannon Cart,Golem,2470,0.5069
Rage,Zappies,2468,0.5085
Monk,Skeleton,2461,0.4807
Elite Barbarian,Royal Recruits,2460,0.4992
Bowler,Elite Barbarian,2459,0.4742
Archer Queen,Dart Goblin,2458,0.4788
Goblin Hut,Minion,2457,0.4998
Monk,Royal Ghost,2456,0.5037
Battle Healer,Golem,2453,0.4949
Spear Goblin,Wizard,2450,0.502
Dart Goblin,Electro Spirit,2447,0.4867
Goblin Cage,Skeleton,2445,0.4998
Executioner,Flying Machine,2445,0.5399
Lava Hound,Night Witch,2444,0.5147
Barbarian,Goblin Cage,2442,0.5332
Electro Giant,Lumberjack,2437,0.5055
Graveyard,Rage,2436,0.4926
Cannon,Goblin Gang,2435,0.5207
Electro Dragon,Royal Ghost,2434,0.408
Cannon Cart,Lumberjack,2433,0.5039
Flying Machine,Tornado,2433,0.5286
Ice Wizard,Prince,2430,0.5235
Giant Skeleton,Ice Wizard,2430,0.4457
Cannon Cart,Lightning,2426,0.5289
Elite Barbarian,Guard,2426,0.5045
Mother Witch,Skeleton Barrel,2426,0.5387
Bomber,Elixir Golem,2418,0.4975
Golden Knight,Wizard,2418,0.4442
Monk,P.E.K.K.A,2417,0.5064
Elite Barbarian,Tesla,2416,0.5017
Goblin Gang,Ice Wizard,2413,0.4998
Battle Ram,Mega Knight,2413,0.5077
Bomb Tower,Monk,2413,0.4762
Electro Giant,Fisherman,2408,0.5054
Bat,Three Musketeers,2406,0.5191
Balloon,Poison,2404,0.4863
Goblin Cage,Ice Wizard,2403,0.5023
Flying Machine,Mighty Miner,2401,0.5073
Elixir Golem,Minion,2400,0.5025
Fisherman,Goblin Gang,2400,0.5217
Cannon,Dart Goblin,2398,0.5058
Arrows,X-Bow,2395,0.4572
Balloon,Goblin Barrel,2394,0.4791
Mega Knight,Three Musketeers,2391,0.4977
Goblin Hut,Prince,2391,0.5228
Golden Knight,Mother Witch,2390,0.4992
Giant,Hunter,2390,0.5285
Cannon,Royal Giant,2389,0.4789
Golden Knight,Miner,2386,0.4405
Cannon,Miner,2383,0.4889
Mother Witch,Wizard,2382,0.4803
Baby Dragon,Spear Goblin,2379,0.4868
Furnace,Magic Archer,2374,0.4794
Golden Knight,Lumberjack,2367,0.4495
Firecracker,Three Musketeers,2367,0.5053
Elixir Golem,Goblin Hut,2366,0.4531
Lumberjack,Rocket,2366,0.5249
Rocket,Spear Goblin,2366,0.5093
Princess,Tornado,2365,0.4981
Dark Prince,Rocket,2364,0.5021
Giant Skeleton,Phoenix,2361,0.4748
Bandit,Rocket,2361,0.4676
Heal Spirit,Hunter,2358,0.5437
Lava Hound,Minion Horde,2357,0.5019
Rage,Tesla,2355,0.5053
Goblin Hut,Lumberjack,2355,0.4679
Elite Barbarian,Skeleton,2354,0.5106
Giant Snowball,Spear Goblin,2353,0.5185
Dart Goblin,Goblin Giant,2353,0.49
Electro Spirit,Furnace,2350,0.4715
Giant,Goblin Hut,2348,0.5081
Bomb Tower,Golden Knight,2344,0.4821
Guard,Phoenix,2340,0.5192
Earthquake,Zappies,2340,0.4979
Goblin Drill,Mighty Miner,2337,0.4891
Dart Goblin,Night Witch,2337,0.4818
Fire Spirit,Goblin Giant,2336,0.5193
Electro Dragon,Skeleton Army,2332,0.4944
Bowler,P.E.K.K.A,2330,0.3528
Ice Wizard,Witch,2329,0.4783
Giant Skeleton,Miner,2328,0.4841
Ice Golem,Inferno Dragon,2327,0.5088
Bomber,Elixir Collector,2326,0.4987
Earthquake,Poison,2326,0.3783
Bandit,Bomber,2320,0.5047
Barbarian,Fire Spirit,2319,0.542
Bomber,Miner,2317,0.4825
P.E.K.K.A,Sparky,2317,0.5248
Goblin Cage,Graveyard,2310,0.5126
Golem,Musketeer,2308,0.5095
Mortar,Royal Delivery,2308,0.5386
Elixir Collector,Inferno Dragon,2308,0.484
Goblin Giant,Mega Knight,2306,0.5308
Princess,Sparky,2306,0.4874
Dark Prince,Ice Wizard,2306,0.4961
Goblin Barrel,Lumberjack,2305,0.505
Fire Spirit,Inferno Dragon,2304,0.5017
Bandit,Spear Goblin,2302,0.5413
Goblin Drill,Ice Spirit,2297,0.5146
Earthquake,Sparky,2296,0.4956
Goblin Hut,Royal Hogs,2293,0.5015
Golden Knight,Royal Recruits,2286,0.5547
Battle Healer,Executioner,2284,0.5153
Giant,Three Musketeers,2282,0.4803
Night Witch,Princess,2281,0.4993
Guard,Witch,2279,0.5033
Goblin Barrel,Lightning,2272,0.4881
Royal Ghost,Tornado,2270,0.5009
Goblin Barrel,Tombstone,2266,0.5318
Fireball,Giant Snowball,2265,0.4839
Battle Ram,Royal Recruits,2265,0.5497
Earthquake,P.E.K.K.A,2264,0.4969
Goblin Hut,Musketeer,2264,0.4664
Bandit,Bowler,2263,0.4468
Elixir Golem,Sparky,2261,0.4976
Dark Prince,Fisherman,2256,0.527
Barbarian,Barbarian Hut,2256,0.5208
Baby Dragon,Skeleton Barrel,2255,0.4856
Goblin Barrel,Royal Ghost,2255,0.5384
Giant Skeleton,Sparky,2255,0.5286
Minion,Tesla,2254,0.512
Archer,Night Witch,2251,0.5064
Hunter,P.E.K.K.A,2249,0.4798
Barbarian,Bomb Tower,2249,0.4695
Hunter,Skeleton King,2246,0.5191
Cannon,Spear Goblin,2240,0.5308
Monk,Valkyrie,2235,0.5025
Golem,Guard,2235,0.519
Cannon,Executioner,2233,0.4653
Bat,Monk,2233,0.5168
Archer Queen,Minion,2231,0.5002
Lumberjack,Royal Hogs,2227,0.5137
Magic Archer,Prince,2226,0.465
Bandit,Ice Golem,2225,0.5434
Princess,Tombstone,2225,0.4562
Bomber,Freeze,2223,0.5011
Guard,Prince,2222,0.5041
Musketeer,Princess,2220,0.5225
Bat,Cannon Cart,2219,0.5435
Goblin Hut,Night Witch,2218,0.5077
Giant,Magic Archer,2218,0.4639
Barbarian Barrel,Goblin Barrel,2218,0.5009
Monk,Witch,2216,0.5104
Barbarian,Ice Golem,2216,0.5239
Archer Queen,Baby Dragon,2216,0.5086
Dart Goblin,Fisherman,2215,0.5147
Archer,Mega Minion,2212,0.5077
Giant Snowball,The Log,2211,0.517
Battle Ram,Minion Horde,2209,0.5192
Battle Ram,Skeleton Army,2208,0.4764
Freeze,Miner,2207,0.4762
Bomber,Princess,2205,0.4948
Dart Goblin,Lightning,2205,0.5088
Guard,Tombstone,2203,0.4812
Giant Snowball,Goblins,2202,0.5341
Miner,Royal Giant,2202,0.4955
Cannon,Mother Witch,2202,0.4909
Goblin Giant,Poison,2198,0.4877
Magic Archer,Zappies,2197,0.5066
Bandit,Flying Machine,2193,0.5107
Golem,Minion Horde,2190,0.4849
Dart Goblin,Inferno Dragon,2190,0.4927
Fire Spirit,Ice Golem,2190,0.5342
Battle Ram,Wizard,2190,0.4927
Guard,Mother Witch,2188,0.4803
Dark Prince,Giant Skeleton,2187,0.5144
Archer Queen,Inferno Dragon,2186,0.484
Balloon,Fisherman,2185,0.5016
Dark Prince,Freeze,2178,0.5147
Balloon,Flying Machine,2175,0.5057
Baby Dragon,Royal Hogs,2174,0.465
Fire Spirit,Inferno Tower,2173,0.5016
Flying Machine,Prince,2172,0.5083
Minion Horde,Three Musketeers,2171,0.5223
Fisherman,Freeze,2167,0.5155
Mighty Miner,Valkyrie,2165,0.4753
Bat,Golden Knight,2163,0.5307
Archer Queen,Phoenix,2159,0.5081
Archer,Bat,2159,0.5127
Miner,P.E.K.K.A,2156,0.4661
Prince,Skeleton,2147,0.4844
Executioner,Magic Archer,2142,0.465
Giant,Heal Spirit,2139,0.496
Bandit,Golem,2139,0.5129
Hog Rider,Monk,2138,0.4747
Archer,Baby Dragon,2136,0.5042
Bandit,Inferno Tower,2136,0.4967
Golden Knight,The Log,2135,0.4707
Golem,Knight,2132,0.5225
Rocket,X-Bow,2131,0.4777
Electro Dragon,The Log,2130,0.5216
Furnace,Giant Skeleton,2127,0.5026
Goblin Barrel,Guard,2120,0.5113
Phoenix,Prince,2119,0.4752
Ice Wizard,Minion,2117,0.5267
Goblin Hut,Tornado,2115,0.5059
Fisherman,Graveyard,2112,0.518
Balloon,Hunter,2109,0.5211
Furnace,Graveyard,2108,0.5104
Inferno Tower,Sparky,2105,0.4679
Archer,Skeleton Barrel,2103,0.5155
Baby Dragon,Flying Machine,2103,0.4727
Fisherman,Knight,2102,0.5086
Archer Queen,Rocket,2102,0.4624
Lightning,Monk,2102,0.4929
Inferno Dragon,Princess,2101,0.5098
Guard,Miner,2098,0.4847
Royal Recruits,Sparky,2097,0.525
Skeleton Army,Tombstone,2096,0.5129
Fire Spirit,Goblin Barrel,2093,0.5098
Baby Dragon,Mother Witch,2091,0.4802
Executioner,Monk,2085,0.4954
Electro Wizard,Fire Spirit,2084,0.4947
Electro Spirit,Freeze,2083,0.5482
Lumberjack,Sparky,2082,0.4962
Electro Spirit,Tombstone,2077,0.52
Bowler,Goblin Gang,2073,0.5186
Golden Knight,Hunter,2067,0.5157
Zap,Zappies,2065,0.5041
Cannon Cart,Wizard,2064,0.4927
Archer,Flying Machine,2064,0.4927
Bomb Tower,Inferno Dragon,2063,0.5254
Elixir Collector,Spear Goblin,2060,0.4806
Ice Golem,Princess,2056,0.5496
Goblin Hut,Skeleton Barrel,2048,0.5063
Freeze,Mother Witch,2047,0.4924
Baby Dragon,Royal Giant,2047,0.5159
Musketeer,Tombstone,2046,0.5122
Archer Queen,Goblin Cage,2043,0.5272
Dart Goblin,Furnace,2043,0.5051
Bomb Tower,Giant Skeleton,2042,0.5475
Hunter,Miner,2039,0.4846
Balloon,Cannon,2038,0.5407
Poison,Royal Giant,2037,0.5071
Electro Giant,Furnace,2037,0.4379
Princess,Spear Goblin,2036,0.5015
Minion Horde,Skeleton,2035,0.4958
Goblins,Prince,2034,0.5221
Elixir Collector,P.E.K.K.A,2030,0.3813
Bowler,Witch,2029,0.414
Bandit,Tesla,2028,0.501
Archer,Phoenix,2028,0.5049
Elite Barbarian,Hunter,2027,0.5501
Battle Healer,The Log,2023,0.5126
Golem,Skeleton,2023,0.5156
Goblin Drill,Golden Knight,2022,0.4758
Goblins,Golden Knight,2022,0.4758
Balloon,Fire Spirit,2021,0.5141
Flying Machine,Giant Skeleton,2020,0.5238
Archer,Elite Barbarian,2019,0.5275
Barbarian,Tesla,2017,0.5121
Bandit,Sparky,2017,0.5146
Barbarian Hut,Witch,2016,0.5248
Freeze,Mighty Miner,2014,0.4975
Cannon Cart,Electro Dragon,2012,0.5283
Inferno Dragon,Mighty Miner,2010,0.4766
Rocket,Royal Giant,2009,0.5097
Electro Giant,Minion,2004,0.48
Goblin Hut,Rage,2002,0.463
Goblin Drill,Mini P.E.K.K.A,2000,0.4045
Mighty Miner,Mini P.E.K.K.A,2000,0.5045
Archer,Barbarian Barrel,1998,0.5045
Skeleton King,Wall Breakers,1996,0.5401
Dart Goblin,Musketeer,1996,0.5245
Balloon,Earthquake,1995,0.4717
Electro Spirit,P.E.K.K.A,1991,0.5028
Battle Ram,Lightning,1989,0.5013
Hunter,Royal Hogs,1988,0.5438
Cannon,Lumberjack,1988,0.5186
Barbarian Hut,Minion Horde,1988,0.5272
Bomber,Spear Goblin,1987,0.4997
Royal Hogs,Zap,1987,0.4927
Cannon Cart,Dark Prince,1984,0.5398
Magic Archer,Tesla,1983,0.4942
Furnace,Mega Minion,1983,0.5003
Giant Skeleton,Inferno Tower,1982,0.495
Electro Giant,Zappies,1982,0.4909
Lightning,Mortar,1980,0.4828
Dart Goblin,Goblin Hut,1980,0.4848
Minion,Three Musketeers,1978,0.5399
Cannon Cart,Valkyrie,1976,0.5268
Guard,Magic Archer,1973,0.4617
Ice Spirit,Ice Wizard,1972,0.4959
Mother Witch,Spear Goblin,1969,0.4926
Cannon,Ice Wizard,1967,0.5277
Electro Giant,Mortar,1967,0.484
Furnace,Sparky,1964,0.5148
Giant,Skeleton King,1964,0.5255
Archer Queen,Lumberjack,1952,0.5108
Hunter,Mega Minion,1950,0.5246
Bomb Tower,Electro Wizard,1950,0.4785
Ice Golem,Tesla,1947,0.471
Magic Archer,Skeleton Barrel,1946,0.4764
Giant Skeleton,Graveyard,1942,0.5129
Bat,Phoenix,1941,0.4286
Archer,Golem,1941,0.5204
Barbarian,Cannon,1941,0.5142
Miner,Three Musketeers,1932,0.5663
Golden Knight,P.E.K.K.A,1932,0.4746
Elite Barbarian,Zappies,1930,0.5145
Giant Skeleton,Poison,1927,0.5054
Fire Spirit,Wizard,1926,0.4761
Electro Dragon,Tesla,1920,0.5125
Balloon,Princess,1920,0.4818
Firecracker,Heal Spirit,1918,0.5094
Ice Golem,Poison,1918,0.4943
Graveyard,Mega Knight,1918,0.5
Battle Healer,Musketeer,1917,0.4794
Dart Goblin,Goblin Cage,1917,0.5128
Battle Healer,Wizard,1912,0.4885
Balloon,Wall Breakers,1910,0.4775
Archer,Freeze,1910,0.5209
Lightning,Royal Recruits,1909,0.4914
Guard,Night Witch,1908,0.5168
Archer Queen,Princess,1908,0.4817
Dart Goblin,Freeze,1905,0.5008
Flying Machine,Phoenix,1904,0.5247
Archer,Goblin Barrel,1904,0.468
Flying Machine,Tombstone,1892,0.5122
Skeleton,Spear Goblin,1890,0.5164
Cannon Cart,Spear Goblin,1890,0.5275
Bomber,Goblin Hut,1889,0.4701
Electro Giant,Ice Wizard,1880,0.5021
Mega Minion,Musketeer,1879,0.5104
Bomber,Fire Spirit,1873,0.473
Goblin Hut,Golem,1869,0.5078
Royal Giant,Sparky,1869,0.5094
Earthquake,Guard,1866,0.4995
Cannon Cart,Minion Horde,1866,0.5397
Cannon Cart,Miner,1866,0.5397
Mini P.E.K.K.A,Three Musketeers,1864,0.5225
Phoenix,Rocket,1859,0.4675
Ice Golem,Rocket,1858,0.5409
Monk,Zappies,1856,0.4693
Earthquake,Tombstone,1856,0.4919
Inferno Dragon,Royal Hogs,1856,0.4962
Goblins,Minion Horde,1855,0.5326
Dart Goblin,Flying Machine,1853,0.5035
Battle Ram,Valkyrie,1852,0.4816
Battle Healer,Valkyrie,1848,0.4984
Mega Knight,Mighty Miner,1848,0.4973
Arrows,Ice Golem,1846,0.4724
Ice Wizard,Rocket,1845,0.522
Electro Dragon,P.E.K.K.A,1845,0.4824
Hunter,Skeleton Army,1845,0.5057
Goblins,Ice Wizard,1844,0.5152
Firecracker,Graveyard,1841,0.4764
Flying Machine,Mega Minion,1839,0.5226
Goblin Drill,Tesla,1833,0.4992
Bandit,Tombstone,1832,0.4891
Monk,Zap,1830,0.512
Ice Spirit,Monk,1828,0.4666
Fire Spirit,Spear Goblin,1827,0.5052
Furnace,Goblins,1824,0.4709
Guard,Tesla,1823,0.4975
Goblin Barrel,Royal Recruits,1822,0.5296
Giant Skeleton,Goblin Hut,1821,0.5058
Bat,Mega Minion,1818,0.5149
Cannon,Wall Breakers,1809,0.5091
Bomb Tower,Royal Delivery,1807,0.4831
Electro Spirit,Inferno Dragon,1805,0.513
Royal Giant,Spear Goblin,1804,0.5283
Balloon,Sparky,1797,0.493
Golem,Mother Witch,1792,0.5223
Archer Queen,Sparky,1792,0.5067
Dart Goblin,Giant,1791,0.5315
Archer Queen,Mother Witch,1790,0.4877
Prince,Three Musketeers,1790,0.4715
Minion,Mortar,1789,0.4746
Freeze,Princess,1788,0.5
Goblin Cage,Magic Archer,1781,0.4666
P.E.K.K.A,Zappies,1781,0.5031
Bowler,Wall Breakers,1780,0.523
Royal Recruits,Wizard,1776,0.4769
Dart Goblin,Wizard,1775,0.5093
Furnace,Royal Recruits,1774,0.5113
Bomber,Ice Wizard,1771,0.5398
Fireball,Three Musketeers,1770,0.5096
Inferno Tower,Phoenix,1770,0.4853
Inferno Tower,Royal Hogs,1769,0.4822
Fireball,Lightning,1769,0.5122
Barbarian,Guard,1767,0.4601
Giant,Guard,1765,0.4963
Fisherman,Mighty Miner,1762,0.5023
Goblin Cage,Ice Golem,1762,0.5341
Goblin Hut,Phoenix,1761,0.5605
Bandit,Cannon Cart,1759,0.4991
Freeze,Mega Minion,1757,0.5316
Goblin Cage,Skeleton Barrel,1757,0.5413
Baby Dragon,Royal Recruits,1756,0.4983
Elixir Collector,Lightning,1755,0.5311
Ice Spirit,Inferno Dragon,1755,0.4741
Battle Healer,Skeleton Army,1754,0.4909
Royal Hogs,Tombstone,1753,0.5151
Goblin Drill,Royal Ghost,1752,0.516
Bandit,Electro Giant,1752,0.5108
Lumberjack,Monk,1749,0.5066
Elite Barbarian,Fire Spirit,1749,0.5346
Fisherman,Skeleton Barrel,1747,0.5426
Prince,Royal Hogs,1744,0.4845
Goblin Cage,Lumberjack,1742,0.5155
Battle Healer,Sparky,1742,0.4885
Skeleton King,Zap,1741,0.5181
Cannon,Mighty Miner,1739,0.4957
Giant Skeleton,Wall Breakers,1739,0.4974
Heal Spirit,Ice Golem,1738,0.5184
Bandit,Ice Wizard,1737,0.5124
Executioner,Furnace,1735,0.4778
Skeleton Army,X-Bow,1735,0.4501
Guard,Mighty Miner,1734,0.5081
Dart Goblin,Tesla,1733,0.5176
Goblin Hut,Golden Knight,1732,0.4827
Executioner,Musketeer,1729,0.513
Archer Queen,Fisherman,1727,0.5055
Elixir Collector,Giant Skeleton,1727,0.3607
Royal Hogs,Three Musketeers,1725,0.5501
Electro Giant,Hog Rider,1722,0.4837
Goblin Hut,Miner,1720,0.4669
Battle Healer,Mother Witch,1720,0.4541
Executioner,Giant Skeleton,1719,0.4916
Lightning,Miner,1715,0.5434
Guard,Wall Breakers,1715,0.5073
Golden Knight,Skeleton,1715,0.5254
Battle Ram,Tornado,1714,0.4825
Archer,Wizard,1712,0.5169
Archer,Goblin Gang,1710,0.5023
Goblin Giant,Royal Recruits,1708,0.5375
Guard,Zappies,1703,0.5144
Goblin Gang,Zappies,1699,0.5168
Goblin Hut,P.E.K.K.A,1698,0.4647
Cannon,Mega Minion,1697,0.5386
Giant Snowball,Valkyrie,1697,0.5303
Bandit,Mighty Miner,1694,0.4864
Dark Prince,Guard,1692,0.5284
Electro Dragon,Sparky,1690,0.5036
Bandit,Cannon,1689,0.5299
Archer Queen,P.E.K.K.A,1683,0.4926
Bomb Tower,Royal Hogs,1682,0.503
Knight,Royal Recruits,1680,0.5113
Earthquake,Mother Witch,1672,0.4892
Bandit,Royal Hogs,1671,0.4829
Dart Goblin,Royal Hogs,1670,0.4928
Heal Spirit,Royal Recruits,1668,0.5132
Goblin Cage,Goblin Gang,1668,0.5306
Elixir Collector,Royal Giant,1668,0.5096
Dart Goblin,Giant Skeleton,1666,0.4892
Phoenix,Royal Hogs,1661,0.5093
Minion Horde,Royal Ghost,1658,0.491
Barbarian Hut,Rage,1655,0.5003
Baby Dragon,Goblin Drill,1654,0.4849
Electro Spirit,Electro Wizard,1654,0.5067
Electro Giant,Rage,1647,0.4869
Goblin Gang,Lava Hound,1646,0.4988
Lumberjack,Royal Recruits,1645,0.5422
Electro Spirit,Guard,1644,0.4884
Bowler,Skeleton,1644,0.5274
Ice Spirit,Skeleton Army,1642,0.5158
Skeleton King,Valkyrie,1637,0.5192
P.E.K.K.A,Tombstone,1635,0.4147
Balloon,Zappies,1634,0.5116
The Log,Three Musketeers,1632,0.5423
Archer,Inferno Tower,1632,0.5257
Archer Queen,Witch,1631,0.4764
Rage,Tombstone,1630,0.5153
Witch,X-Bow,1626,0.4662
Ice Spirit,Night Witch,1622,0.4982
Bomb Tower,Witch,1622,0.4932
Freeze,Magic Archer,1619,0.4256
Elixir Golem,Skeleton,1617,0.5046
Wall Breakers,Zappies,1616,0.547
Bomber,Skeleton Barrel,1615,0.5158
Giant Snowball,Poison,1611,0.5376
Elite Barbarian,Skeleton Barrel,1611,0.5078
Freeze,Skeleton King,1610,0.5441
Electro Giant,Musketeer,1609,0.519
Giant Skeleton,Mortar,1607,0.5152
Battle Ram,Mother Witch,1606,0.4956
Dark Prince,Royal Hogs,1603,0.5041
Fire Spirit,Mortar,1601,0.5047
Executioner,Goblin Cage,1600,0.5262
Elixir Golem,Knight,1600,0.5081
Minion Horde,Tombstone,1599,0.5034
Bomb Tower,Electro Giant,1598,0.5219
Balloon,Elixir Golem,1596,0.4962
Ice Spirit,Magic Archer,1595,0.479
Goblin Cage,Zap,1594,0.5119
Electro Spirit,Mother Witch,1593,0.5129
Heal Spirit,Tornado,1593,0.4965
Flying Machine,Musketeer,1592,0.5082
Archer Queen,Goblin Drill,1590,0.5176
P.E.K.K.A,Skeleton Barrel,1590,0.5258
Inferno Tower,Spear Goblin,1589,0.5022
Cannon Cart,Elite Barbarian,1587,0.528
Inferno Tower,Skeleton King,1586,0.5208
Mortar,Mother Witch,1586,0.4691
Minion Horde,Royal Hogs,1585,0.4763
Balloon,Skeleton King,1584,0.5006
Bomb Tower,Giant,1583,0.5041
Heal Spirit,Valkyrie,1579,0.4959
Three Musketeers,Wizard,1578,0.4848
Goblin Gang,Hunter,1576,0.5844
Royal Recruits,Skeleton,1575,0.473
Archer,Giant Skeleton,1567,0.5016
Electro Spirit,Mortar,1562,0.5339
Archer,Mighty Miner,1562,0.4609
Goblin Cage,Wall Breakers,1562,0.5288
Electro Giant,Princess,1560,0.4833
Cannon Cart,Musketeer,1560,0.541
Princess,Royal Hogs,1560,0.5154
Goblin Hut,Skeleton,1558,0.4865
Phoenix,Wizard,1557,0.4785
Guard,Lava Hound,1554,0.4807
Earthquake,Royal Recruits,1550,0.4716
Tesla,Wall Breakers,1549,0.5203
Electro Wizard,Spear Goblin,1547,0.4919
Skeleton Barrel,Zappies,1546,0.4825
Baby Dragon,Royal Ghost,1546,0.4767
Goblin Gang,Monk,1545,0.5172
Bomb Tower,Bowler,1544,0.5065
Graveyard,Prince,1544,0.5058
Barbarian Hut,The Log,1544,0.4728
Bomb Tower,Minion Horde,1543,0.523
P.E.K.K.A,Skeleton,1542,0.4935
Lumberjack,Princess,1541,0.4815
Giant Skeleton,Goblin Drill,1540,0.3864
Golem,Graveyard,1540,0.5123
Guard,Royal Giant,1539,0.4925
Elite Barbarian,Spear Goblin,1535,0.5068
Archer,Golden Knight,1530,0.4784
Dart Goblin,Mega Minion,1526,0.4843
Barbarian,Mighty Miner,1526,0.4869
Archer,Bomber,1523,0.5141
Golden Knight,Minion Horde,1523,0.503
Electro Dragon,Goblin Giant,1521,0.5082
Golden Knight,Minion,1521,0.497
Princess,Royal Ghost,1519,0.551
Earthquake,Giant Snowball,1518,0.4855
Night Witch,Prince,1516,0.5284
Royal Ghost,Spear Goblin,1514,0.5053
Balloon,Golem,1514,0.4901
Barbarian Barrel,Princess,1513,0.4884
Executioner,Skeleton King,1513,0.5565
Battle Healer,Mega Knight,1511,0.4871
Rocket,Sparky,1508,0.4662
Royal Delivery,Tornado,1507,0.5103
Lightning,Royal Hogs,1507,0.4559
Goblins,P.E.K.K.A,1506,0.5193
Archer Queen,Freeze,1505,0.507
Baby Dragon,Hunter,1502,0.514
Elixir Golem,Prince,1499,0.525
Archer,Graveyard,1498,0.524
Elixir Golem,Inferno Tower,1497,0.4997
Mega Minion,P.E.K.K.A,1497,0.5043
Ice Wizard,Night Witch,1497,0.4957
Goblin Drill,Wizard,1496,0.4693
Lightning,Princess,1496,0.4806
Goblin Cage,Hog Rider,1495,0.5264
Furnace,Skeleton,1493,0.5151
Archer Queen,Inferno Tower,1492,0.4752
Fire Spirit,Royal Giant,1491,0.562
Fire Spirit,Goblin Gang,1490,0.5154
Fire Spirit,Sparky,1489,0.5326
Electro Giant,Flying Machine,1489,0.5057
Electro Dragon,Skeleton,1486,0.5296
Guard,P.E.K.K.A,1486,0.4966
Battle Ram,Elite Barbarian,1485,0.497
Flying Machine,Heal Spirit,1483,0.5064
Flying Machine,Minion,1482,0.4831
Dart Goblin,Goblin Drill,1482,0.5121
Elixir Golem,Minion Horde,1480,0.4953
Goblin Cage,Royal Giant,1480,0.5351
Electro Wizard,Giant Snowball,1478,0.4797
Ice Golem,Mega Knight,1478,0.4993
Goblin Hut,Zappies,1478,0.5108
Bomb Tower,Royal Ghost,1473,0.5064
Dark Prince,Flying Machine,1471,0.5364
Bowler,Guard,1470,0.4946
Magic Archer,Tombstone,1469,0.4833
Cannon,Giant,1468,0.4871
Firecracker,X-Bow,1467,0.4778
Goblin Hut,Graveyard,1466,0.4905
Elixir Golem,Guard,1464,0.4863
Royal Ghost,Tesla,1464,0.5096
Barbarian Hut,Valkyrie,1463,0.4908
Giant Skeleton,Three Musketeers,1462,0.4733
Goblin Giant,Musketeer,1461,0.5359
Furnace,Royal Ghost,1461,0.4983
P.E.K.K.A,Princess,1458,0.404
Heal Spirit,Musketeer,1458,0.5034
Mother Witch,Musketeer,1457,0.5244
Cannon Cart,Electro Giant,1453,0.5623
Cannon Cart,Zap,1452,0.5317
Electro Wizard,Ice Golem,1452,0.4394
Firecracker,Lava Hound,1452,0.4897
Archer Queen,Furnace,1452,0.5344
Goblin Giant,Goblins,1450,0.5407
Graveyard,Minion Horde,1450,0.4779
Giant,Goblins,1449,0.5197
Sparky,Three Musketeers,1449,0.4548
Goblin Giant,Guard,1447,0.5135
Earthquake,Miner,1446,0.3112
Inferno Dragon,Musketeer,1445,0.5003
Earthquake,Skeleton Army,1444,0.4889
Archer,Rage,1444,0.4903
Bat,Heal Spirit,1444,0.5048
Electro Giant,Elixir Collector,1443,0.4761
Hunter,Royal Recruits,1443,0.5828
Barbarian Hut,Musketeer,1441,0.4816
Battle Ram,Ice Golem,1440,0.5125
Freeze,Monk,1438,0.5153
Archer,Bowler,1438,0.4972
Archer Queen,Royal Recruits,1437,0.5289
Dart Goblin,Tombstone,1437,0.5045
Goblin Barrel,Ice Wizard,1437,0.5205
Freeze,Zappies,1436,0.5125
Electro Wizard,Mortar,1435,0.4962
Rocket,Royal Delivery,1434,0.4184
Flying Machine,Mortar,1433,0.4431
Archer,Royal Hogs,1433,0.5213
Magic Archer,Minion Horde,1432,0.4721
Electro Dragon,Skeleton King,1431,0.5912
Electro Spirit,Graveyard,1429,0.522
Earthquake,Ice Wizard,1428,0.4965
Goblin Hut,Mighty Miner,1425,0.5214
Goblin Hut,Royal Recruits,1424,0.5218
Electro Wizard,Goblin Drill,1422,0.4951
Battle Ram,Executioner,1420,0.4782
Barbarian,Skeleton,1420,0.4472
Mega Minion,Princess,1418,0.5141
Battle Ram,Miner,1418,0.5282
Electro Giant,Magic Archer,1418,0.4697
Minion,Phoenix,1417,0.4749
Royal Hogs,Tornado,1410,0.5213
Three Musketeers,Tornado,1410,0.4638
Ice Golem,Royal Ghost,1407,0.5501
Freeze,Royal Giant,1406,0.5092
Royal Hogs,Wall Breakers,1406,0.5064
Cannon,Guard,1406,0.5078
Golem,Rocket,1405,0.4683
Flying Machine,P.E.K.K.A,1400,0.5229
Battle Healer,Electro Wizard,1392,0.4971
Mighty Miner,Royal Ghost,1392,0.4835
Bowler,Prince,1391,0.3832
Mega Minion,Tesla,1391,0.4881
Barbarian,Golden Knight,1390,0.4971
Dart Goblin,Minion Horde,1390,0.5252
Earthquake,Magic Archer,1389,0.5162
Elite Barbarian,Mortar,1386,0.5548
Skeleton,Skeleton Army,1383,0.4931
Royal Recruits,Tornado,1382,0.5043
Ice Wizard,Miner,1382,0.4877
Bomb Tower,Mega Minion,1378,0.4601
Electro Wizard,Ice Spirit,1378,0.5051
Giant Snowball,Inferno Tower,1376,0.5371
Bomb Tower,Skeleton Army,1375,0.5433
Mighty Miner,Phoenix,1373,0.5069
Electro Dragon,Witch,1371,0.4967
Mega Minion,Royal Ghost,1370,0.5131
Freeze,Lightning,1365,0.5201
Hunter,Monk,1359,0.5504
Bomber,Furnace,1358,0.5081
Fire Spirit,Poison,1357,0.4562
Electro Spirit,Skeleton Army,1356,0.5428
Ice Wizard,Skeleton,1356,0.5243
Cannon,Wizard,1355,0.5196
Mighty Miner,Spear Goblin,1352,0.5296
Bowler,Hunter,1351,0.5455
Archer Queen,Elixir Collector,1350,0.5407
Bandit,Monk,1350,0.5178
Battle Ram,Phoenix,1349,0.4937
Lava Hound,Skeleton Army,1348,0.5037
Goblin Cage,Night Witch,1348,0.5415
Goblin Barrel,Mother Witch,1347,0.4922
Freeze,Furnace,1346,0.523
Elite Barbarian,Tombstone,1345,0.4929
Bomb Tower,Goblin Giant,1341,0.4981
Executioner,Princess,1340,0.4828
Heal Spirit,Inferno Dragon,1340,0.5067
Dart Goblin,Fire Spirit,1339,0.4698
Battle Healer,Dark Prince,1337,0.4989
P.E.K.K.A,Royal Hogs,1335,0.5303
Archer,Cannon,1333,0.5034
Electro Spirit,Wall Breakers,1329,0.4101
Mother Witch,Tesla,1328,0.5128
Barbarian Hut,Bat,1328,0.4616
Earthquake,Lumberjack,1327,0.4974
Furnace,Tesla,1326,0.509
Giant,Tesla,1324,0.494
Lumberjack,Mighty Miner,1319,0.4898
Fire Spirit,Lumberjack,1319,0.4882
Electro Dragon,Electro Giant,1318,0.5281
Graveyard,Royal Recruits,1318,0.4689
Golden Knight,Musketeer,1315,0.5019
Executioner,Mighty Miner,1315,0.4951
Goblin Cage,Mini P.E.K.K.A,1310,0.5115
Archer Queen,Hunter,1310,0.5031
Baby Dragon,Goblin Giant,1308,0.4924
Bandit,Freeze,1308,0.5054
Electro Giant,Royal Ghost,1308,0.5084
Fisherman,Minion,1307,0.4797
Graveyard,Guard,1307,0.4797
Elixir Golem,Musketeer,1307,0.4751
Archer,Elixir Collector,1305,0.531
Monk,Royal Recruits,1305,0.508
Guard,Mega Minion,1303,0.4996
Goblin Giant,Golden Knight,1302,0.543
Goblin Cage,Hunter,1300,0.5146
Hog Rider,X-Bow,1299,0.4557
Elite Barbarian,Ice Spirit,1299,0.5065
Archer,Ice Wizard,1298,0.4869
Bomber,Three Musketeers,1298,0.4931
Archer,Bandit,1297,0.4842
Night Witch,Skeleton Barrel,1295,0.5297
Hunter,Wizard,1295,0.4656
Executioner,Goblin Giant,1293,0.495
Dart Goblin,Ice Golem,1291,0.4771
Flying Machine,Sparky,1287,0.5004
Baby Dragon,Barbarian Hut,1286,0.4813
Sparky,Wall Breakers,1285,0.5121
Dart Goblin,Three Musketeers,1285,0.5222
Fisherman,Goblin Giant,1285,0.5074
Mortar,Phoenix,1284,0.4868
Executioner,Zappies,1283,0.4754
Dark Prince,Goblin Drill,1283,0.4871
Battle Healer,Magic Archer,1283,0.5035
Barbarian,Mortar,1276,0.5274
Fisherman,Valkyrie,1274,0.4812
Dark Prince,Wall Breakers,1272,0.5299
Electro Giant,Goblin Hut,1271,0.4351
Hunter,Mini P.E.K.K.A,1271,0.5531
Musketeer,Royal Recruits,1271,0.5075
Dart Goblin,Sparky,1269,0.4909
Fireball,Rocket,1265,0.4798
Rocket,Three Musketeers,1264,0.4509
Elite Barbarian,Lava Hound,1262,0.4794
Three Musketeers,Valkyrie,1261,0.5226
Electro Giant,Tesla,1258,0.4674
Golem,Prince,1256,0.5215
Monk,Mortar,1251,0.4796
Royal Recruits,Witch,1251,0.4892
Electro Giant,Poison,1250,0.4872
Balloon,Three Musketeers,1245,0.49
Electro Dragon,Inferno Tower,1243,0.5101
Barbarian Hut,Spear Goblin,1242,0.5322
Goblin Drill,P.E.K.K.A,1241,0.3054
Electro Giant,Spear Goblin,1240,0.4831
Mega Knight,Royal Recruits,1238,0.5178
Poison,Sparky,1234,0.4619
Royal Ghost,Sparky,1231,0.5158
Ice Golem,Royal Giant,1230,0.4423
Giant Skeleton,Royal Delivery,1230,0.5504
Cannon,Witch,1227,0.4841
Archer,Electro Wizard,1225,0.4873
Electro Giant,Tombstone,1224,0.5016
Monk,Skeleton Barrel,1222,0.4763
Cannon Cart,Inferno Dragon,1222,0.4984
Graveyard,Rocket,1221,0.4865
Elixir Golem,P.E.K.K.A,1217,0.4955
Balloon,Heal Spirit,1217,0.5275
Royal Delivery,Royal Giant,1215,0.4716
Bomb Tower,Zap,1211,0.5054
Electro Giant,Royal Recruits,1211,0.5235
Electro Spirit,Mega Minion,1210,0.486
Electro Dragon,Royal Recruits,1208,0.5877
Freeze,Three Musketeers,1207,0.4756
Archer Queen,Flying Machine,1207,0.5095
Princess,Skeleton King,1206,0.5473
Hunter,Prince,1205,0.5071
Guard,Ice Spirit,1205,0.4846
Furnace,Royal Hogs,1205,0.512
Royal Recruits,Tombstone,1199,0.5296
Guard,Rocket,1198,0.49
Bomb Tower,Elixir Golem,1197,0.4703
Knight,Zappies,1196,0.5033
Inferno Dragon,Inferno Tower,1194,0.4774
Night Witch,Zappies,1194,0.4841
Barbarian Hut,Phoenix,1191,0.4996
Hunter,Inferno Dragon,1191,0.5088
Executioner,Spear Goblin,1188,0.5194
Ice Wizard,Spear Goblin,1187,0.5131
Skeleton King,Wizard,1186,0.5017
Golden Knight,Ice Golem,1186,0.4755
Goblin Cage,Minion,1184,0.5135
Guard,Minion Horde,1184,0.5177
Hunter,Minion Horde,1180,0.489
Ice Wizard,Mega Minion,1177,0.5064
Bowler,Elixir Collector,1175,0.343
Barbarian Hut,Skeleton Army,1174,0.4872
Electro Spirit,Wizard,1174,0.5366
Bandit,Giant Snowball,1173,0.4646
Goblin Giant,Monk,1172,0.4778
Hunter,Poison,1172,0.5179
Ice Spirit,Mega Minion,1171,0.5201
Archer,Electro Giant,1169,0.4825
Archer,Fire Spirit,1168,0.482
Goblin Drill,Lightning,1167,0.4841
Archer,Fisherman,1167,0.509
Barbarian Hut,Lumberjack,1167,0.4773
Ice Wizard,Skeleton Barrel,1166,0.5103
Electro Giant,Fire Spirit,1165,0.4524
Phoenix,Tesla,1164,0.4665
Lava Hound,Witch,1164,0.5077
Golden Knight,Night Witch,1162,0.4871
Fisherman,Princess,1161,0.5022
Earthquake,Goblin Cage,1160,0.5121
Ice Spirit,Minion,1159,0.5858
Mega Minion,Royal Recruits,1159,0.5505
Battle Ram,Wall Breakers,1157,0.4788
Fire Spirit,Goblin Drill,1156,0.4766
Bomb Tower,Minion,1154,0.5173
Princess,Royal Recruits,1154,0.5269
Graveyard,Princess,1154,0.5433
Fisherman,Giant Snowball,1150,0.5357
Bomb Tower,Freeze,1138,0.5387
Bandit,Fisherman,1137,0.5013
Ice Golem,Inferno Tower,1134,0.5044
Executioner,Skeleton Barrel,1133,0.4722
Hunter,Skeleton Barrel,1132,0.5822
Magic Archer,Phoenix,1129,0.473
Goblin Cage,Prince,1128,0.5035
Battle Ram,Night Witch,1128,0.484
Fisherman,P.E.K.K.A,1126,0.4796
Fisherman,Miner,1125,0.4996
Electro Spirit,Executioner,1124,0.5302
Ice Golem,Lightning,1122,0.5365
Electro Giant,Royal Delivery,1121,0.5219
Giant Skeleton,P.E.K.K.A,1121,0.1641
Valkyrie,X-Bow,1121,0.4683
Giant,Tombstone,1121,0.5192
Goblin Barrel,Golden Knight,1120,0.5437
Archer,Goblin Hut,1119,0.4835
Electro Wizard,Royal Delivery,1117,0.5049
Bowler,Skeleton Barrel,1115,0.513
Goblin Cage,Valkyrie,1111,0.5104
Golden Knight,Inferno Tower,1111,0.4644
Barbarian Hut,Hog Rider,1111,0.4905
Magic Archer,Mighty Miner,1109,0.5212
Barbarian Hut,Prince,1108,0.5388
Fisherman,Golem,1108,0.5153
Goblin Hut,Guard,1107,0.5023
Heal Spirit,Monk,1106,0.4919
Monk,Three Musketeers,1106,0.4919
Elixir Collector,Monk,1106,0.4919
Goblins,Zappies,1106,0.6519
Archer,Bomb Tower,1105,0.4507
Archer,Furnace,1101,0.4941
Ice Golem,Mother Witch,1097,0.5406
Executioner,Ice Wizard,1096,0.5164
Minion,X-Bow,1096,0.4316
Magic Archer,Monk,1095,0.4776
Baby Dragon,Battle Ram,1095,0.4703
Royal Ghost,Tombstone,1092,0.4533
Freeze,Hunter,1092,0.4844
Battle Ram,Skeleton,1088,0.4816
Goblin Cage,Guard,1087,0.5327
Giant,Ice Spirit,1087,0.4811
Executioner,Royal Recruits,1085,0.5235
Executioner,Royal Ghost,1085,0.4737
Guard,Princess,1084,0.4972
Archer Queen,Mortar,1084,0.5544
Goblin Giant,Hog Rider,1082,0.4769
Freeze,Golem,1081,0.481
Battle Ram,Skeleton Barrel,1081,0.4672
Royal Hogs,Skeleton Barrel,1080,0.5009
Battle Healer,Mega Minion,1079,0.5273
Bowler,Royal Recruits,1079,0.5144
Ice Wizard,Royal Ghost,1077,0.519
Goblin Barrel,Mega Minion,1077,0.4624
Bomb Tower,Mega Knight,1075,0.507
Elixir Collector,Mortar,1074,0.5093
Freeze,Royal Delivery,1073,0.5228
Fisherman,Mortar,1073,0.4902
Golem,Tesla,1072,0.5121
Night Witch,Sparky,1070,0.5037
Baby Dragon,Giant Snowball,1070,0.4692
Cannon Cart,Night Witch,1070,0.5187
Spear Goblin,Zappies,1069,0.522
Royal Hogs,Spear Goblin,1069,0.522
Lumberjack,Skeleton King,1069,0.5575
Skeleton King,Spear Goblin,1068,0.4888
Goblin Gang,Heal Spirit,1067,0.4761
Barbarian Barrel,Monk,1065,0.5099
Cannon,Elite Barbarian,1065,0.5117
Minion Horde,Phoenix,1065,0.4225
Elixir Collector,Princess,1064,0.4699
Balloon,Battle Ram,1063,0.4817
Skeleton,Skeleton King,1062,0.5113
Hunter,Mother Witch,1062,0.4962
Bandit,Goblin Hut,1060,0.5038
Mortar,Night Witch,1060,0.5057
Archer,Spear Goblin,1059,0.5222
Archer,Lumberjack,1058,0.5085
P.E.K.K.A,Royal Recruits,1057,0.4844
Cannon Cart,Mini P.E.K.K.A,1057,0.5241
Prince,Zappies,1056,0.5199
Fisherman,Furnace,1055,0.5261
Golem,Ice Spirit,1054,0.5
Bandit,Fire Spirit,1053,0.4967
Poison,Rocket,1053,0.51
Hunter,Minion,1052,0.4943
Giant Snowball,Witch,1049,0.4852
Heal Spirit,Lumberjack,1048,0.5162
Battle Healer,Bowler,1046,0.5621
Freeze,Sparky,1046,0.5067
Elixir Collector,Furnace,1044,0.4693
Battle Ram,Royal Giant,1044,0.4732
Mega Minion,Skeleton Barrel,1043,0.4976
Goblin Barrel,Royal Delivery,1043,0.5062
Battle Healer,Giant,1042,0.4885
Lava Hound,Valkyrie,1041,0.5043
Minion,Monk,1036,0.5309
Golden Knight,Wall Breakers,1036,0.5396
Mortar,P.E.K.K.A,1033,0.5276
Inferno Dragon,Royal Recruits,1032,0.4632
Battle Healer,Lightning,1030,0.4913
Archer,Archer Queen,1030,0.4718
Goblin Barrel,Magic Archer,1030,0.5
Bandit,Giant Skeleton,1029,0.517
Elite Barbarian,Monk,1028,0.4912
Battle Ram,Bowler,1026,0.499
Mortar,Rage,1026,0.5478
Bomber,Tesla,1025,0.4566
Archer,P.E.K.K.A,1025,0.5034
Balloon,Royal Hogs,1024,0.4521
Night Witch,Tesla,1022,0.4863
Night Witch,Rocket,1021,0.4672
Goblin Drill,Poison,1021,0.5162
Battle Ram,Tesla,1018,0.5157
Heal Spirit,Zappies,1018,0.5334
Goblin Cage,Heal Spirit,1017,0.527
Giant Snowball,Zap,1017,0.4857
Barbarian Barrel,Goblin Drill,1016,0.5502
Executioner,Golem,1014,0.5345
Goblin Giant,Skeleton Barrel,1014,0.5089
Giant Snowball,Tesla,1014,0.5
Ice Golem,Mega Minion,1013,0.5449
Electro Dragon,Goblin Gang,1012,0.5504
Archer,Executioner,1012,0.5119
Lumberjack,Wall Breakers,1012,0.5158
Mortar,Zappies,1011,0.5045
Electro Spirit,Ice Spirit,1010,0.5525
Skeleton,Tombstone,1010,0.5554
Goblin Gang,Graveyard,1010,0.5436
Archer,Three Musketeers,1008,0.4812
Royal Giant,Three Musketeers,1008,0.4812
Freeze,Skeleton Barrel,1006,0.508
Battle Ram,Musketeer,1003,0.5174
Goblin Barrel,Rage,1002,0.5269
Elixir Golem,Tesla,1001,0.4875
Battle Ram,Mighty Miner,1001,0.4695
Prince,Tombstone,1001,0.5235
Archer Queen,Skeleton Barrel,1000,0.517
Cannon Cart,Electro Wizard,1000,0.513
Guard,Rage,999,0.5015
Electro Spirit,Three Musketeers,998,0.505
Goblins,Skeleton Army,998,0.5361
Bowler,Mighty Miner,995,0.5025
Ice Spirit,Sparky,994,0.5392
Goblin Drill,Musketeer,994,0.5483
Mighty Miner,Royal Giant,994,0.498
Bomb Tower,Rage,990,0.5121
Spear Goblin,Tombstone,989,0.4843
Bomb Tower,Prince,985,0.5025
Electro Wizard,Zappies,984,0.5386
Cannon,Night Witch,981,0.4862
Fisherman,Heal Spirit,981,0.5331
Fisherman,Wizard,979,0.4842
Fire Spirit,Giant,976,0.4805
Barbarian,Cannon Cart,976,0.6127
Royal Hogs,Tesla,976,0.5277
Barbarian Barrel,The Log,975,0.4944
Fisherman,Giant,974,0.5308
Electro Dragon,Prince,974,0.5287
Baby Dragon,Magic Archer,974,0.4723
Bowler,Mega Knight,974,0.5185
Baby Dragon,Zappies,973,0.483
Ice Golem,Sparky,972,0.499
Inferno Dragon,X-Bow,972,0.4691
Prince,X-Bow,972,0.4691
Dart Goblin,Ice Spirit,970,0.4701
Mini P.E.K.K.A,X-Bow,966,0.4741
Goblin Hut,Ice Wizard,965,0.4881
Bomb Tower,Wizard,965,0.5637
Electro Dragon,Wall Breakers,965,0.4497
Phoenix,Skeleton Barrel,965,0.5057
Ice Golem,Tornado,964,0.4959
Golden Knight,Ice Spirit,964,0.5301
Bomb Tower,Goblin Hut,963,0.4777
Archer Queen,Goblin Hut,963,0.5192
Electro Dragon,Musketeer,960,0.4698
Hunter,Musketeer,959,0.5308
Battle Healer,Giant Skeleton,959,0.4672
Golden Knight,Golem,958,0.4927
Skeleton,Three Musketeers,957,0.4869
Mortar,Prince,957,0.4734
Lightning,Royal Delivery,957,0.5392
Freeze,Goblin Hut,957,0.4922
Barbarian Barrel,Royal Delivery,955,0.4932
Musketeer,Phoenix,954,0.5283
Lumberjack,Mortar,954,0.4528
Battle Healer,Knight,954,0.5252
Heal Spirit,Mega Knight,953,0.5373
Bowler,Goblin Barrel,953,0.5257
Electro Dragon,Hunter,952,0.5336
Goblin Hut,Goblins,952,0.5462
Dart Goblin,Royal Delivery,951,0.4763
Bomber,Graveyard,949,0.4752
Freeze,Royal Hogs,948,0.5327
Golem,P.E.K.K.A,948,0.4937
Royal Hogs,Sparky,947,0.5195
Goblin Barrel,Goblin Cage,946,0.5285
Furnace,Zappies,945,0.5164
Furnace,Rocket,944,0.4958
Hunter,Wall Breakers,940,0.6096
Golden Knight,Mega Minion,935,0.4909
Heal Spirit,Hog Rider,935,0.5155
Dark Prince,Earthquake,933,0.5456
Knight,Monk,930,0.5086
Golem,Sparky,929,0.5124
Graveyard,Hog Rider,926,0.4449
Minion Horde,Wall Breakers,925,0.4476
Royal Delivery,Skeleton Barrel,919,0.5147
Musketeer,Royal Ghost,912,0.4934
Fisherman,Hog Rider,911,0.4742
Golden Knight,Graveyard,911,0.4874
Rocket,Royal Ghost,910,0.5659
Flying Machine,Princess,909,0.4884
Bat,Electro Dragon,909,0.495
Electro Giant,Skeleton Barrel,908,0.5077
Earthquake,Goblin Giant,906,0.5188
Executioner,Phoenix,906,0.4812
Battle Ram,Lumberjack,899,0.5128
Magic Archer,Musketeer,899,0.485
Furnace,Spear Goblin,898,0.4477
Giant Skeleton,Guard,897,0.447
Barbarian Hut,Goblin Giant,896,0.4967
Barbarian Hut,Fisherman,896,0.4967
Cannon Cart,Goblins,893,0.6047
Bat,Battle Healer,893,0.4838
Bomb Tower,Phoenix,893,0.4726
Golem,Ice Wizard,891,0.5039
Executioner,Fisherman,890,0.4809
Goblin Giant,Tesla,889,0.5152
Elixir Golem,Hog Rider,887,0.487
Dark Prince,Zappies,886,0.5011
Giant Skeleton,Goblin Giant,886,0.5079
Freeze,Wall Breakers,884,0.5034
Heal Spirit,Wizard,883,0.5266
Electro Dragon,Hog Rider,882,0.5283
Goblin Barrel,Zappies,880,0.5216
Electro Dragon,Tombstone,879,0.5142
Battle Healer,Fisherman,878,0.4727
Goblin Cage,Wizard,878,0.4818
Royal Giant,Wall Breakers,877,0.5097
Bowler,Princess,876,0.5228
Elixir Collector,Graveyard,872,0.4989
Electro Giant,Wall Breakers,869,0.4983
Bowler,Dark Prince,868,0.4562
Bandit,Goblin Cage,866,0.5069
Inferno Tower,Monk,865,0.5121
Bomber,Wall Breakers,864,0.4977
Golem,Zappies,863,0.4681
Furnace,Princess,861,0.475
Goblin Cage,Witch,861,0.4925
Cannon Cart,Royal Delivery,860,0.5756
P.E.K.K.A,Three Musketeers,859,0.447
Battle Ram,Goblins,859,0.4831
Giant Skeleton,Monk,856,0.486
Baby Dragon,Cannon Cart,856,0.4766
Goblin Cage,Sparky,855,0.4877
Goblin Cage,Goblin Giant,855,0.4877
Fire Spirit,Mega Minion,853,0.4818
Bowler,Magic Archer,853,0.476
Flying Machine,Wizard,852,0.5094
Dark Prince,Royal Recruits,851,0.5135
Goblin Drill,Minion Horde,851,0.4959
Inferno Tower,X-Bow,850,0.4518
Elixir Golem,Graveyard,849,0.5253
Ice Spirit,Royal Recruits,848,0.5012
Fisherman,Inferno Dragon,848,0.5212
Hunter,Tornado,847,0.5242
Electro Giant,Hunter,847,0.5242
Minion Horde,Night Witch,847,0.4687
Earthquake,Mega Minion,846,0.5095
Lava Hound,Rocket,836,0.4988
Ice Spirit,Three Musketeers,836,0.6316
Royal Giant,Royal Hogs,836,0.4665
Guard,Ice Wizard,834,0.5072
Dart Goblin,Hunter,834,0.5192
Barbarian Barrel,Fire Spirit,832,0.4399
Archer Queen,Goblin Barrel,830,0.5217
Bowler,Earthquake,830,0.5277
Archer Queen,Tombstone,829,0.5428
Giant Snowball,Mother Witch,827,0.497
Baby Dragon,Mighty Miner,827,0.4268
Night Witch,Spear Goblin,824,0.4964
Goblin Cage,Golem,824,0.5218
Golem,Princess,822,0.4805
Bandit,Royal Giant,821,0.5091
Balloon,Battle Healer,820,0.4829
Goblins,Magic Archer,819,0.5006
Electro Dragon,Miner,817,0.4908
Dart Goblin,Elixir Golem,815,0.4834
Princess,Zappies,814,0.4914
Dart Goblin,Giant Snowball,812,0.5148
Mega Minion,Skeleton King,812,0.5148
Monk,Royal Delivery,811,0.524
Goblin Giant,Princess,811,0.4747
Furnace,Mortar,810,0.4654
Goblin Barrel,Ice Golem,810,0.5
Hog Rider,Skeleton King,809,0.4598
Giant Skeleton,Heal Spirit,805,0.5143
Heal Spirit,Witch,805,0.5143
Dart Goblin,Zappies,803,0.4732
Goblin Hut,Magic Archer,802,0.4663
Battle Healer,Goblin Gang,802,0.4589
Spear Goblin,Tesla,801,0.5206
Barbarian Hut,Battle Healer,800,0.4938
Earthquake,Giant,798,0.5301
Battle Healer,Dart Goblin,798,0.4699
Lava Hound,Poison,797,0.5157
Goblin Drill,Witch,796,0.2073
Bomber,Goblin Giant,796,0.4673
Bowler,Giant Skeleton,796,0.2085
Furnace,Goblin Giant,795,0.4881
Earthquake,Rage,794,0.4786
Goblin Barrel,Royal Hogs,793,0.4868
Goblins,Tombstone,791,0.536
Bandit,Skeleton King,788,0.4797
Dart Goblin,Golem,787,0.4409
Balloon,Mortar,787,0.5044
Freeze,Golden Knight,787,0.4994
Electro Giant,Miner,786,0.4491
Bandit,Earthquake,786,0.4898
Fire Spirit,Wall Breakers,785,0.5146
Golden Knight,Rage,783,0.4777
Cannon,Royal Ghost,783,0.5607
Barbarian Hut,Miner,781,0.4814
Battle Healer,Skeleton,781,0.5467
Lava Hound,Skeleton,780,0.5167
Archer Queen,Bomber,779,0.5366
Mortar,Princess,778,0.5154
Fire Spirit,P.E.K.K.A,777,0.4672
Heal Spirit,Mortar,776,0.5515
Fire Spirit,Princess,776,0.5
Goblin Barrel,Skeleton King,773,0.4308
Goblin Giant,Lumberjack,773,0.4955
Earthquake,Witch,772,0.5712
Giant Snowball,Skeleton King,772,0.5259
Golem,Spear Goblin,771,0.5019
Golem,Skeleton Barrel,771,0.4799
Musketeer,Skeleton King,770,0.4883
Bandit,Bomb Tower,769,0.5215
Mega Minion,Wizard,767,0.5554
Giant Snowball,Rocket,766,0.4674
Graveyard,Royal Delivery,763,0.5229
Minion Horde,X-Bow,763,0.426
Elixir Golem,Freeze,763,0.4758
Electro Giant,X-Bow,763,0.426
Ice Golem,Wizard,763,0.4967
Goblin Gang,X-Bow,763,0.426
Spear Goblin,X-Bow,763,0.426
Lava Hound,Mini P.E.K.K.A,762,0.5131
Bowler,Cannon,761,0.4928
Electro Dragon,Furnace,760,0.5026
Freeze,Giant Snowball,760,0.5553
Battle Ram,Inferno Dragon,759,0.4941
Electro Dragon,Giant Skeleton,758,0.4974
Archer,Royal Recruits,755,0.5046
Graveyard,Magic Archer,755,0.4371
Golden Knight,Princess,755,0.4424
Minion Horde,Zappies,754,0.4867
Bat,Zappies,754,0.4867
Battle Healer,Skeleton King,751,0.5686
Fisherman,Prince,751,0.4687
Ice Spirit,Royal Hogs,749,0.4686
Elixir Collector,Ice Wizard,749,0.4593
Baby Dragon,Fisherman,748,0.5053
Elixir Collector,Goblin Barrel,746,0.4732
Ice Wizard,Inferno Tower,746,0.5201
Giant Snowball,Wall Breakers,746,0.5188
Battle Ram,Monk,745,0.5396
Dark Prince,Royal Delivery,745,0.4886
Barbarian Hut,Night Witch,743,0.4711
Barbarian Hut,Golem,743,0.4711
Freeze,Royal Recruits,742,0.5027
Flying Machine,Goblin Drill,741,0.5128
Elixir Collector,Inferno Tower,741,0.4953
Battle Healer,Bomb Tower,740,0.4784
Bomb Tower,Electro Dragon,740,0.4784
Royal Recruits,Tesla,740,0.5243
Lava Hound,Phoenix,740,0.5176
Freeze,Goblin Barrel,739,0.4668
Electro Dragon,Ice Wizard,739,0.4655
Inferno Tower,Three Musketeers,738,0.4228
Battle Ram,Golden Knight,738,0.5515
Balloon,Goblin Drill,737,0.4939
Bandit,Zappies,737,0.4817
Fire Spirit,Guard,736,0.5312
Goblin Giant,Magic Archer,733,0.502
Flying Machine,Inferno Tower,733,0.4775
Skeleton Army,Three Musketeers,732,0.541
Graveyard,Miner,732,0.3962
Earthquake,Royal Ghost,731,0.5007
Goblin Barrel,Night Witch,731,0.472
Cannon Cart,Hog Rider,729,0.5336
Goblin Cage,Royal Delivery,726,0.5041
Royal Hogs,Skeleton King,725,0.5159
Arrows,Royal Delivery,725,0.4883
Spear Goblin,Three Musketeers,725,0.4579
Golem,Royal Ghost,722,0.4792
Goblin Drill,Hog Rider,721,0.4979
Furnace,Goblin Drill,718,0.4666
Musketeer,Royal Hogs,717,0.4812
Electro Spirit,Heal Spirit,716,0.5182
Executioner,Fire Spirit,715,0.5301
Barbarian Hut,Giant Skeleton,715,0.5035
Electro Dragon,Mega Minion,715,0.5483
Elixir Golem,Mega Minion,715,0.5483
Archer,Monk,715,0.4601
Battle Ram,Prince,714,0.4986
Goblin Drill,Mother Witch,713,0.5133
Cannon,Freeze,713,0.5203
Battle Healer,Fire Spirit,708,0.5862
Elixir Golem,Fire Spirit,708,0.5862
Electro Dragon,Fire Spirit,708,0.5862
Bomb Tower,Hunter,706,0.4887
Bomber,Magic Archer,703,0.542
Rocket,Tombstone,703,0.5192
Battle Ram,Witch,702,0.4672
Ice Golem,X-Bow,702,0.5043
Heal Spirit,Mighty Miner,702,0.5128
Mega Minion,Phoenix,701,0.4993
Elixir Collector,Goblin Hut,701,0.485
Bomber,Mother Witch,701,0.4708
Cannon Cart,Rocket,701,0.4779
Cannon,Giant Snowball,699,0.5765
Bandit,Mortar,699,0.5594
Freeze,Mortar,698,0.4828
Elixir Collector,Freeze,698,0.4971
Bowler,Ice Spirit,696,0.5259
Guard,Monk,696,0.4526
Battle Ram,Spear Goblin,695,0.4993
Battle Healer,Three Musketeers,695,0.4561
Goblin Barrel,Golem,694,0.4568
Executioner,Goblin Hut,694,0.5159
Bomber,Goblin Drill,693,0.5281
Tornado,X-Bow,692,0.4884
Earthquake,Heal Spirit,691,0.4602
Cannon,Heal Spirit,691,0.4602
Battle Healer,Spear Goblin,691,0.4689
Ice Golem,Minion Horde,691,0.5514
Heal Spirit,Royal Delivery,691,0.4602
Bomb Tower,Inferno Tower,691,0.5065
Goblin Giant,Zappies,690,0.4884
Ice Golem,Knight,689,0.4935
Mighty Miner,Royal Delivery,687,0.5036
Giant,Mother Witch,687,0.5095
Dark Prince,Goblins,686,0.519
Mighty Miner,P.E.K.K.A,686,0.4606
Electro Spirit,Goblin Drill,686,0.5496
Cannon Cart,Freeze,686,0.4985
Goblin Giant,Royal Ghost,686,0.5015
Battle Healer,Ice Wizard,686,0.4563
Graveyard,Mighty Miner,686,0.4971
Goblin Drill,Skeleton King,684,0.5
Executioner,Mortar,684,0.5307
Dart Goblin,Golden Knight,682,0.4619
Bowler,Royal Delivery,682,0.4839
Royal Delivery,Zap,682,0.4839
Hunter,Witch,681,0.5095
Ice Wizard,X-Bow,681,0.5419
Magic Archer,Minion,681,0.4376
Lava Hound,Tornado,681,0.4875
Mighty Miner,Tombstone,681,0.5037
Minion,Zappies,680,0.4824
Giant Skeleton,Golem,680,0.4824
Goblins,Ice Golem,680,0.5529
Earthquake,Inferno Dragon,680,0.5206
Giant,Mortar,679,0.5184
Mega Minion,Royal Hogs,677,0.5052
Guard,Royal Recruits,677,0.5081
Guard,Royal Hogs,677,0.5081
Golden Knight,Mortar,676,0.4941
Lightning,Wall Breakers,676,0.503
Electro Spirit,Prince,676,0.5636
Elixir Collector,Magic Archer,675,0.5348
Wizard,Zappies,673,0.529
Bowler,Rocket,672,0.494
Goblins,Royal Hogs,672,0.5268
Rocket,Royal Hogs,672,0.5119
Goblin Cage,Mighty Miner,671,0.4948
Mini P.E.K.K.A,Royal Delivery,671,0.5231
Battle Healer,Ice Spirit,670,0.5045
P.E.K.K.A,Spear Goblin,669,0.5172
Balloon,Royal Giant,668,0.5225
Goblin Hut,Rocket,666,0.506
Barbarian Hut,Firecracker,666,0.4835
Ice Wizard,Sparky,665,0.5504
Bomb Tower,Royal Giant,663,0.4947
Goblin Giant,Royal Delivery,662,0.5453
Elite Barbarian,Skeleton King,661,0.5204
Cannon Cart,Goblin Cage,661,0.5371
Goblin Hut,Royal Giant,661,0.5083
Giant,Royal Giant,660,0.4742
Flying Machine,Ice Spirit,659,0.5933
Cannon,Prince,659,0.5296
Goblins,Night Witch,659,0.6237
Goblin Drill,Lumberjack,658,0.4909
Electro Giant,Goblin Barrel,656,0.4573
Golden Knight,Ice Wizard,656,0.4573
Giant Snowball,Guard,656,0.5549
Mother Witch,Royal Delivery,656,0.5015
Archer,Sparky,655,0.516
Cannon Cart,Elixir Collector,654,0.5596
Goblin Gang,Guard,654,0.5214
Balloon,Graveyard,653,0.4763
Fire Spirit,Rocket,652,0.477
Bowler,Zappies,652,0.5245
Princess,X-Bow,651,0.4777
Bowler,Flying Machine,650,0.4785
Lava Hound,Princess,650,0.5323
Goblin Drill,Minion,650,0.5462
Flying Machine,Freeze,649,0.527
Elixir Collector,Executioner,649,0.4607
Elite Barbarian,Goblins,648,0.5664
Hunter,Mortar,648,0.5123
Graveyard,Lightning,648,0.5
Inferno Dragon,Monk,648,0.4583
Earthquake,Minion,646,0.4814
Night Witch,Royal Hogs,646,0.5046
Goblins,Witch,646,0.5402
Elixir Collector,Guard,645,0.5256
Royal Recruits,Three Musketeers,645,0.4915
Skeleton,Zappies,643,0.5086
Bomb Tower,Night Witch,642,0.4922
Bandit,Goblin Giant,642,0.5125
Earthquake,Night Witch,641,0.5304
Bomb Tower,Flying Machine,639,0.4695
Lava Hound,Spear Goblin,638,0.5141
Minion,Skeleton King,638,0.4953
Battle Ram,Dart Goblin,635,0.4504
Mega Minion,Minion Horde,634,0.5647
Elixir Golem,Golem,633,0.5324
Heal Spirit,Skeleton Army,631,0.5515
Goblin Cage,Princess,631,0.5452
Electro Dragon,Guard,630,0.5587
Bandit,Graveyard,629,0.5246
Giant Skeleton,Princess,626,0.2891
Flying Machine,Giant,626,0.5463
Goblins,Golem,625,0.6176
Ice Wizard,Royal Delivery,625,0.5088
Royal Delivery,Skeleton Army,625,0.5088
Barbarian Hut,Minion,625,0.4784
Earthquake,Goblin Barrel,625,0.5088
Bowler,Furnace,624,0.492
Goblin Cage,Skeleton Army,623,0.557
Fisherman,Inferno Tower,621,0.4895
Mega Minion,Monk,620,0.5016
Monk,Musketeer,620,0.5016
Elixir Golem,Rocket,620,0.4919
Cannon,Rage,620,0.5323
Giant Snowball,Royal Ghost,619,0.5557
Flying Machine,Skeleton,617,0.5348
Electro Giant,Royal Giant,616,0.4919
Dark Prince,Golden Knight,615,0.478
Giant Skeleton,Mega Minion,615,0.4846
Furnace,Skeleton King,614,0.5179
Bomber,Royal Hogs,614,0.4935
Balloon,Goblin Hut,612,0.5082
Mega Minion,Spear Goblin,609,0.5041
Hunter,Tombstone,608,0.4934
Mortar,Tombstone,608,0.4128
Golden Knight,Guard,608,0.5148
Royal Delivery,Wizard,605,0.524
Golden Knight,Sparky,603,0.534
Heal Spirit,Minion Horde,602,0.4983
Heal Spirit,Prince,602,0.4983
Goblins,Lava Hound,600,0.5333
Electro Spirit,Magic Archer,599,0.5392
Archer Queen,Guard,599,0.5025
Ice Wizard,Mortar,596,0.5084
Bomber,Flying Machine,594,0.5202
Goblin Hut,Skeleton King,586,0.5102
Miner,Monk,585,0.506
Battle Healer,Electro Giant,585,0.4684
Earthquake,Elixir Golem,581,0.4923
Earthquake,Electro Dragon,581,0.4923
Cannon Cart,Tesla,579,0.506
Royal Giant,Royal Recruits,571,0.5079
Bomber,Tombstone,564,0.4645
Furnace,Ice Wizard,561,0.4991
Musketeer,Three Musketeers,561,0.4742
Magic Archer,Sparky,561,0.4813
Electro Dragon,Minion,555,0.4829
Fisherman,Skeleton Army,554,0.4603
Goblin Giant,Mortar,553,0.472
Goblin Giant,Wizard,551,0.49
Bomber,Fisherman,551,0.51
Bomber,Monk,549,0.4973
Archer Queen,Goblin Giant,545,0.4972
Battle Ram,Cannon,544,0.4798
Executioner,Giant Snowball,539,0.577
Archer,Zappies,537,0.4953
Fisherman,Ice Golem,533,0.4559
Fisherman,Royal Delivery,533,0.4559
Ice Golem,Royal Delivery,533,0.4559
Minion,Royal Delivery,533,0.4559
Goblin Cage,P.E.K.K.A,529,0.4896
Bomber,Sparky,527,0.5408
Baby Dragon,Three Musketeers,526,0.4905
Phoenix,X-Bow,526,0.4544
Night Witch,X-Bow,526,0.4544
Bowler,X-Bow,526,0.4544
Dark Prince,Three Musketeers,526,0.4905
Magic Archer,X-Bow,526,0.4544
Goblin Drill,Night Witch,525,0.4876
Electro Giant,Goblin Drill,525,0.4876
Battle Healer,P.E.K.K.A,525,0.4952
Miner,Zappies,524,0.4962
Cannon Cart,Electro Spirit,516,0.6221
Bowler,Goblin Hut,514,0.5058
Lava Hound,Wizard,514,0.4767
Phoenix,Wall Breakers,513,0.5146
Goblin Giant,Wall Breakers,513,0.5146
Flying Machine,Hunter,513,0.5146
Fire Spirit,Ice Wizard,512,0.6895
Barbarian Hut,Goblin Cage,505,0.4337
Goblin Cage,Goblin Hut,505,0.4337
Barbarian Hut,Magic Archer,505,0.4337
Giant Snowball,Ice Wizard,504,0.4663
Baby Dragon,Monk,499,0.485
Baby Dragon,Earthquake,499,0.485
Guard,Spear Goblin,497,0.5312
Archer,Skeleton King,494,0.6073
Dark Prince,Goblin Hut,494,0.5182
Cannon Cart,Monk,487,0.5688
Cannon Cart,Royal Recruits,487,0.5688
Cannon Cart,Sparky,487,0.5688
Cannon Cart,Minion,487,0.5688
Barbarian Hut,Knight,486,0.465
Electro Giant,Rocket,486,0.4486
Bomb Tower,Fire Spirit,485,0.4227
Tesla,Tombstone,483,0.499
Freeze,Ice Golem,482,0.4959
Electro Spirit,Ice Wizard,481,0.5364
Electro Spirit,Spear Goblin,481,0.5364
Baby Dragon,Electro Spirit,477,0.4612
Royal Ghost,Skeleton King,476,0.479
Bomber,Ice Golem,475,0.4989
Fire Spirit,Three Musketeers,475,0.7011
Dart Goblin,Magic Archer,474,0.4684
Barbarian Hut,Goblin Gang,471,0.4841
Barbarian Hut,Giant,471,0.4841
Mighty Miner,X-Bow,467,0.4797
Giant,Wall Breakers,465,0.443
Archer,Tombstone,464,0.5474
Mighty Miner,Wizard,461,0.4273
Electro Giant,Ice Golem,458,0.4563
Earthquake,Golden Knight,458,0.4563
Furnace,Mighty Miner,458,0.5175
Bomb Tower,Sparky,457,0.4573
Goblin Giant,Royal Giant,457,0.4814
Guard,Sparky,457,0.4814
Giant Snowball,Zappies,456,0.5175
Giant Snowball,Prince,456,0.5175
Archer,Royal Ghost,455,0.4989
Heal Spirit,Phoenix,455,0.4879
Elite Barbarian,Fisherman,454,0.511
Archer Queen,Mega Minion,454,0.511
Giant Snowball,Princess,453,0.5033
Giant Snowball,Wizard,453,0.5033
Electro Dragon,Mighty Miner,452,0.3761
Baby Dragon,Wall Breakers,452,0.3761
Elixir Golem,Spear Goblin,452,0.4956
Elixir Golem,Mighty Miner,452,0.3761
Elixir Golem,Princess,452,0.4956
Elixir Golem,Wall Breakers,452,0.3761
Battle Healer,Hunter,451,0.4545
Archer,Dart Goblin,451,0.5299
Battle Healer,Earthquake,451,0.4545
Battle Healer,Graveyard,449,0.5033
Furnace,Tombstone,449,0.5033
Battle Healer,Bomber,449,0.5033
Furnace,Golden Knight,448,0.5179
Golden Knight,Skeleton Barrel,448,0.5179
Bowler,Goblin Drill,447,0.0112
Giant Snowball,Goblin Hut,447,0.5034
Goblins,Three Musketeers,447,0.4899
Elixir Collector,Goblin Drill,447,0.0112
Goblin Cage,Skeleton King,446,0.5381
Earthquake,Phoenix,445,0.4719
Battle Healer,Royal Recruits,444,0.5518
Golem,Ice Golem,442,0.4548
Inferno Tower,Mega Minion,442,0.4729
Golem,Mortar,441,0.4966
Flying Machine,Rocket,441,0.4807
Mega Minion,Mortar,441,0.4966
Rocket,Zappies,441,0.4807
Flying Machine,Monk,441,0.4807
Monk,Rocket,441,0.4807
Hog Rider,Lava Hound,440,0.4977
Elixir Golem,Hunter,439,0.5558
Barbarian Hut,Tornado,436,0.5
Barbarian Hut,Electro Dragon,436,0.5
Barbarian Hut,Elixir Golem,436,0.5
Bowler,Spear Goblin,433,0.4988
Freeze,Spear Goblin,433,0.4988
Archer,Goblin Cage,433,0.4919
Executioner,Hunter,433,0.6282
Baby Dragon,Cannon,432,0.5347
Bomber,Royal Ghost,431,0.4478
Skeleton Barrel,Sparky,430,0.4837
Dark Prince,Elixir Golem,430,0.5209
Fisherman,Musketeer,427,0.4918
Battle Healer,Prince,427,0.4918
Dart Goblin,Elixir Collector,425,0.44
Fire Spirit,Royal Recruits,425,0.5247
Fire Spirit,Skeleton Barrel,425,0.5247
Lava Hound,Royal Recruits,424,0.5189
Barbarian Hut,Inferno Dragon,423,0.5296
Goblin Barrel,Graveyard,423,0.4941
Bandit,Giant,423,0.4965
Barbarian Hut,Zap,423,0.5296
Barbarian,Royal Delivery,420,0.4976
Royal Delivery,Witch,419,0.537
Magic Archer,Skeleton King,419,0.5442
Freeze,Goblin Cage,419,0.537
Earthquake,Skeleton King,419,0.5442
Giant Skeleton,Skeleton King,419,0.5442
Earthquake,Skeleton Barrel,419,0.5442
Battle Healer,Zappies,417,0.5156
Mother Witch,Princess,417,0.4676
Battle Healer,Royal Giant,417,0.5156
Battle Ram,Goblin Giant,416,0.4615
Goblin Giant,Three Musketeers,416,0.4615
Giant Snowball,Goblin Barrel,413,0.4504
Cannon Cart,Giant Snowball,413,0.4504
Cannon Cart,Goblin Barrel,413,0.4504
Cannon Cart,Inferno Tower,413,0.4504
Cannon Cart,Wall Breakers,413,0.4504
Ice Golem,Prince,412,0.5194
Battle Ram,Furnace,412,0.4782
Goblin Drill,Rage,411,0.4818
Goblin Cage,Monk,411,0.5328
Goblin Drill,Royal Recruits,411,0.4818
Earthquake,Goblin Drill,411,0.4623
Archer Queen,Night Witch,408,0.5147
Archer Queen,Golem,408,0.5147
Minion Horde,Skeleton King,407,0.4939
Electro Giant,Skeleton King,407,0.4939
Ice Golem,Night Witch,405,0.4914
Night Witch,Three Musketeers,405,0.4914
Giant Snowball,Royal Recruits,405,0.5185
Heal Spirit,Ice Wizard,404,0.4728
Goblin Hut,Heal Spirit,404,0.4728
Archer,Ice Golem,401,0.4938
Executioner,Wall Breakers,399,0.5664
Goblin Drill,Prince,399,0.5664
Cannon Cart,Elixir Golem,398,0.4724
Electro Dragon,Goblin Hut,398,0.4724
Elixir Golem,Ice Wizard,397,0.4912
Barbarian Hut,Princess,395,0.519
Freeze,Ice Spirit,395,0.5038
Mortar,Royal Ghost,394,0.5939
Mortar,Three Musketeers,394,0.5939
Elixir Collector,Rocket,393,0.4453
Dart Goblin,Monk,392,0.5816
Archer Queen,Ice Golem,390,0.5077
Hunter,Ice Golem,390,0.5077
Hunter,X-Bow,390,0.5077
Barbarian,X-Bow,390,0.5077
Barbarian Barrel,Giant,389,0.5167
Cannon,Goblin Drill,387,0.5168
Magic Archer,Princess,387,0.5013
Flying Machine,Goblin Barrel,387,0.4961
Cannon Cart,Knight,386,0.5207
Prince,Royal Recruits,386,0.4948
Cannon,Fisherman,385,0.4961
Cannon,Monk,385,0.4961
Three Musketeers,Witch,384,0.5365
Inferno Dragon,Three Musketeers,384,0.4766
Executioner,Three Musketeers,383,0.4517
Goblin Drill,Guard,383,0.4804
Dart Goblin,Heal Spirit,383,0.5274
Bomber,Executioner,383,0.4517
Lumberjack,Spear Goblin,383,0.517
Graveyard,Mortar,382,0.4843
Bowler,Mortar,382,0.4843
Heal Spirit,P.E.K.K.A,382,0.5079
Bowler,Golden Knight,382,0.4843
Ice Wizard,Mighty Miner,380,0.4026
Monk,Tombstone,380,0.5158
Electro Dragon,Goblin Barrel,377,0.5279
Battle Ram,Goblin Cage,376,0.4947
Elixir Golem,Royal Hogs,376,0.4787
Elixir Golem,Golden Knight,376,0.4787
Battle Ram,Ice Wizard,376,0.4947
Ice Wizard,Royal Hogs,376,0.5213
Furnace,Lava Hound,376,0.4867
Bandit,Elixir Golem,376,0.4787
Elixir Golem,Zappies,376,0.4894
Minion Horde,Tesla,374,0.484
Hunter,Princess,374,0.5348
Giant Skeleton,Golden Knight,374,0.484
Bomber,Heal Spirit,374,0.516
Fire Spirit,Hunter,372,0.5269
Heal Spirit,Royal Giant,370,0.5432
Heal Spirit,Tombstone,370,0.5
Bomb Tower,Guard,369,0.4986
Golden Knight,Spear Goblin,368,0.5462
Fire Spirit,Golem,368,0.5598
Giant Skeleton,Mighty Miner,368,0.4837
Bomber,Bowler,367,0.5123
Dart Goblin,Graveyard,367,0.485
Rocket,Skeleton King,365,0.5233
Electro Spirit,Monk,365,0.5123
Barbarian Hut,Mega Minion,364,0.4863
Barbarian Hut,Mini P.E.K.K.A,364,0.489
Battle Healer,Flying Machine,364,0.4863
Electro Giant,Giant Skeleton,363,0.5179
Elixir Golem,Miner,362,0.4779
Goblin Barrel,Phoenix,362,0.4779
Barbarian Barrel,Minion Horde,361,0.4848
Fire Spirit,Mighty Miner,361,0.5291
Bowler,Goblin Giant,361,0.4737
Bomber,Cannon Cart,358,0.5559
Fire Spirit,Furnace,358,0.4832
Giant Snowball,Tombstone,357,0.4314
Battle Healer,Rocket,356,0.4831
Cannon Cart,Giant Skeleton,356,0.4551
Cannon Cart,Magic Archer,356,0.4551
Battle Healer,Tombstone,355,0.5211
Elixir Golem,Tombstone,355,0.5211
Dark Prince,Ice Golem,354,0.5678
Earthquake,Freeze,353,0.6034
Freeze,Royal Ghost,352,0.5142
Barbarian Hut,Wizard,352,0.4716
Balloon,Barbarian Hut,352,0.4716
Goblin Drill,Mortar,351,0.4986
Goblin Drill,Royal Delivery,351,0.4986
P.E.K.K.A,Wall Breakers,350,0.48
Electro Wizard,Three Musketeers,350,0.4686
Mighty Miner,Witch,349,0.5415
Electro Dragon,Graveyard,349,0.6332
Graveyard,Monk,349,0.4842
Minion Horde,Monk,349,0.4842
Monk,Princess,349,0.4842
Hunter,Rocket,349,0.5616
Knight,Mighty Miner,349,0.5415
Mighty Miner,Sparky,349,0.5415
Giant,Goblin Drill,349,0.4585
Barbarian Hut,Mother Witch,349,0.5014
Hunter,Night Witch,348,0.4828
Electro Dragon,Zappies,348,0.4856
Golden Knight,Royal Giant,347,0.4899
Guard,Mortar,347,0.5187
Cannon,Flying Machine,346,0.5231
Ice Wizard,Three Musketeers,345,0.4435
Battle Healer,Golden Knight,345,0.4435
Earthquake,Princess,345,0.4841
Archer Queen,Graveyard,345,0.5217
Elixir Golem,Goblin Giant,344,0.5407
Furnace,Royal Delivery,344,0.5058
Inferno Dragon,Royal Delivery,344,0.5058
Cannon Cart,Graveyard,344,0.5058
Bomber,Hunter,343,0.4694
Ice Wizard,Lava Hound,343,0.4956
Cannon,Sparky,343,0.481
Cannon,Cannon Cart,343,0.5481
Giant Skeleton,Royal Recruits,343,0.551
Electro Spirit,Sparky,342,0.5146
Bomber,Guard,342,0.462
Freeze,Goblin Giant,342,0.4912
Archer,Guard,342,0.462
Elixir Collector,Zappies,342,0.4912
Cannon Cart,Zappies,342,0.4912
Cannon Cart,Witch,342,0.4912
Cannon Cart,Goblin Giant,342,0.4912
Earthquake,Golem,342,0.5731
Electro Spirit,Giant,342,0.5146
Earthquake,Elite Barbarian,342,0.5731
Goblin Giant,Inferno Tower,341,0.4809
Flying Machine,Tesla,341,0.5249
Lava Hound,Lumberjack,341,0.4956
Barbarian,Royal Recruits,341,0.4604
Barbarian Barrel,Lava Hound,341,0.4956
Dart Goblin,Ice Wizard,341,0.4692
Archer Queen,Rage,341,0.4633
Goblin Drill,Princess,340,0.5
Inferno Tower,Royal Ghost,338,0.6627
Minion Horde,Mother Witch,338,0.4467
Electro Spirit,Golden Knight,337,0.546
Giant,Mighty Miner,337,0.5727
Lava Hound,The Log,336,0.5298
Graveyard,Lava Hound,336,0.5298
Graveyard,Spear Goblin,336,0.5298
Bomb Tower,Lava Hound,336,0.5298
Electro Giant,Three Musketeers,336,0.5327
Battle Healer,Inferno Tower,335,0.4985
Goblin Drill,Spear Goblin,335,0.5761
Ice Golem,P.E.K.K.A,335,0.4716
Ice Spirit,Minion Horde,335,0.5552
Cannon,Royal Recruits,334,0.5419
Heal Spirit,Ice Spirit,334,0.5299
Cannon,Elixir Collector,334,0.494
Fire Spirit,Heal Spirit,334,0.5299
Battle Ram,Freeze,333,0.4715
Fire Spirit,Golden Knight,333,0.4835
Fire Spirit,Goblin Cage,333,0.4835
Giant Snowball,Goblin Drill,333,0.6036
Poison,X-Bow,333,0.4444
Royal Hogs,X-Bow,333,0.4444
X-Bow,Zappies,333,0.4444
Royal Recruits,X-Bow,333,0.4444
Goblin Drill,Hunter,332,0.4729
Heal Spirit,Spear Goblin,332,0.5271
Goblin Drill,Zappies,332,0.4729
Goblin Drill,Sparky,332,0.4729
Flying Machine,Goblins,331,0.5982
Elixir Golem,Goblins,331,0.5982
Archer,Barbarian Hut,330,0.4515
Barbarian,Goblin Drill,330,0.5515
Mortar,Royal Recruits,328,0.5366
Mortar,Royal Hogs,328,0.5366
Goblin Giant,P.E.K.K.A,328,0.4299
Bomb Tower,Bomber,328,0.4756
Wizard,X-Bow,327,0.4159
Guard,X-Bow,327,0.5076
P.E.K.K.A,X-Bow,327,0.4159
Goblin Barrel,Hunter,326,0.546
Fireball,Royal Delivery,325,0.5138
Bomber,Royal Delivery,325,0.5138
Electro Wizard,X-Bow,324,0.4475
X-Bow,Zap,324,0.4475
Cannon,Goblin Giant,324,0.5278
Elixir Collector,Poison,324,0.5062
Giant,P.E.K.K.A,323,0.5418
Giant Snowball,Royal Giant,323,0.4923
Archer Queen,Giant,323,0.4954
Bomber,Poison,323,0.5418
Ice Wizard,Monk,322,0.3696
Golden Knight,Royal Delivery,321,0.4517
Ice Spirit,Phoenix,320,0.5469
Mortar,Witch,320,0.5156
Lightning,Mighty Miner,320,0.4656
Goblin Drill,Goblin Hut,320,0.5406
Battle Healer,Tesla,319,0.5674
Goblins,Sparky,319,0.4608
Bomb Tower,Mother Witch,319,0.5423
Fisherman,Golden Knight,319,0.4953
Bomb Tower,Furnace,318,0.5252
Inferno Tower,Tesla,318,0.5252
Bomb Tower,Tesla,318,0.5252
Guard,Skeleton Army,318,0.5189
Inferno Tower,Royal Recruits,317,0.4795
Graveyard,Ice Golem,316,0.5158
Furnace,Ice Golem,316,0.5158
Ice Golem,Zappies,316,0.5158
Musketeer,Zappies,316,0.5158
Mortar,Wizard,316,0.481
Barbarian Hut,Furnace,315,0.4444
Furnace,X-Bow,315,0.4444
Sparky,X-Bow,315,0.4444
Royal Delivery,Royal Recruits,315,0.5238
Electro Spirit,Goblin Giant,315,0.5905
Lightning,X-Bow,315,0.4444
Barbarian Hut,X-Bow,315,0.4444
Barbarian Hut,Tesla,315,0.4444
Goblin Giant,Skeleton Army,315,0.4921
Goblin Cage,Rocket,315,0.4952
Barbarian Hut,Sparky,315,0.4444
Barbarian Hut,Lightning,315,0.4444
Electro Dragon,Ice Spirit,314,0.5287
Elixir Golem,Ice Spirit,314,0.5287
Mighty Miner,Minion,313,0.4728
Mighty Miner,Night Witch,313,0.4728
Inferno Tower,Lava Hound,312,0.4712
Bat,X-Bow,312,0.5
Royal Delivery,Sparky,312,0.4968
Ice Spirit,Skeleton Barrel,312,0.4936
Bandit,Royal Delivery,312,0.4968
Goblin Gang,Royal Delivery,312,0.4968
Ice Wizard,Wall Breakers,312,0.5096
Battle Ram,Flying Machine,312,0.4776
Baby Dragon,Goblins,311,0.4984
Battle Ram,Royal Hogs,311,0.5498
Furnace,Wall Breakers,311,0.5177
Goblin Hut,Monk,311,0.5048
Goblin Hut,Hunter,311,0.4405
P.E.K.K.A,Skeleton King,311,0.5338
Mortar,Wall Breakers,310,0.5871
Freeze,Goblin Drill,310,0.5452
Balloon,Royal Delivery,310,0.5226
Golem,Heal Spirit,310,0.5065
Rage,Royal Delivery,310,0.5226
Skeleton King,Three Musketeers,309,0.5437
Mega Minion,Three Musketeers,309,0.6181
Furnace,Three Musketeers,309,0.5437
Fisherman,Three Musketeers,309,0.5437
Archer Queen,Ice Wizard,309,0.4595
Bomb Tower,P.E.K.K.A,308,0.4091
Fire Spirit,Lava Hound,308,0.4578
Electro Giant,Heal Spirit,308,0.4838
Baby Dragon,Fire Spirit,308,0.4578
Archer,Lava Hound,308,0.4545
Giant Snowball,P.E.K.K.A,308,0.4481
Baby Dragon,Heal Spirit,308,0.4838
Archer Queen,Spear Goblin,308,0.5097
Inferno Tower,Mortar,307,0.544
Goblin Cage,Spear Goblin,307,0.557
Goblin Cage,Royal Ghost,306,0.4706
Furnace,Ice Spirit,306,0.4804
Dark Prince,Skeleton King,306,0.5131
Dark Prince,Goblin Barrel,306,0.5392
Magic Archer,Mortar,305,0.5148
Flying Machine,Graveyard,305,0.4918
Goblin Barrel,Mortar,305,0.4721
Cannon,Graveyard,305,0.4393
Magic Archer,Mega Minion,304,0.5099
Battle Healer,Electro Spirit,304,0.5099
Electro Spirit,Elite Barbarian,304,0.5099
Electro Spirit,Elixir Golem,304,0.5099
Electro Dragon,Electro Spirit,304,0.5099
Battle Healer,Guard,303,0.5875
Phoenix,Princess,303,0.5347
Fire Spirit,Phoenix,303,0.5875
Battle Ram,Goblin Hut,302,0.4702
Goblin Barrel,Goblin Giant,302,0.5364
Hunter,Ice Spirit,302,0.5232
Balloon,Golden Knight,302,0.5232
Tesla,Zappies,301,0.5282
Battle Ram,Earthquake,301,0.4784
Archer Queen,Executioner,301,0.5116
Bowler,Royal Hogs,301,0.5282
Battle Ram,Electro Spirit,300,0.58
Bandit,Electro Spirit,300,0.58
Cannon,X-Bow,299,0.5518
Fisherman,Tesla,299,0.4515
Giant Skeleton,Giant Snowball,299,0.5552
Earthquake,Goblin Hut,299,0.4816
Ice Spirit,Royal Giant,299,0.5217
Dark Prince,Mortar,299,0.4548
Electro Spirit,Skeleton Barrel,299,0.4548
Earthquake,Prince,299,0.4916
Electro Giant,Elite Barbarian,298,0.5336
Furnace,Giant,298,0.4966
Ice Spirit,Royal Ghost,297,0.3603
Fire Spirit,Royal Ghost,297,0.3603
Electro Dragon,Goblins,297,0.5825
Fisherman,Guard,297,0.5421
Barbarian Barrel,Rocket,297,0.5152
Archer,Battle Ram,296,0.4932
Archer,Royal Delivery,296,0.4932
Battle Ram,Royal Delivery,296,0.4932
Electro Spirit,Minion,296,0.4797
Baby Dragon,Dart Goblin,296,0.5034
Earthquake,Furnace,296,0.5541
Elixir Golem,Mortar,296,0.4527
Fisherman,Rocket,295,0.522
Barbarian Hut,Royal Giant,295,0.5085
Goblin Hut,Tombstone,295,0.5458
Night Witch,Royal Delivery,295,0.5254
Electro Giant,Royal Hogs,295,0.4576
Elixir Collector,Royal Hogs,295,0.4576
Royal Delivery,Zappies,295,0.5254
Battle Healer,Minion,295,0.461
Ice Spirit,Zappies,294,0.5952
Goblin Cage,Ice Spirit,294,0.5952
Bomber,Mortar,294,0.5068
Giant Snowball,Golem,294,0.5986
Electro Dragon,Royal Giant,293,0.5324
Elixir Golem,Giant Skeleton,293,0.5324
