Type,Unit,Level,Range,Radius,Hit Speed (sec),Hitpoints,Damage,DPS,Crown Tower Damage,Charge Damage,Stage1 Damage,Stage2 Damage,Stage3 Damage (Max),Shield Hitpoints,Death Damage,Heal (per hit),Heal per Second,Enchanted Damage,Pellet Count,Spawn Damage,Jump Damage,Shard Count,Building Damage,Dash Damage,Zap Pack Damage,Zap Pack DPS,Hit Count,Damage (2-4 targets),Crown Tower Damage (2-4 targets),Damage (5+ targets),Crown Tower Damage (5+ targets),Area Damage,Combo Damage,Air Form DPS,Ground Form DPS
Tower Troop,Tower Princess,1,7.5,,0.8,1400,50,62,,,,,,,,,,,,,,,,,,,,,,,,,,,
Tower Troop,Tower Princess,2,7.5,,0.8,1512,54,67,,,,,,,,,,,,,,,,,,,,,,,,,,,
Tower Troop,Tower Princess,3,7.5,,0.8,1624,58,72,,,,,,,,,,,,,,,,,,,,,,,,,,,
Tower Troop,Tower Princess,4,7.5,,0.8,1750,62,77,,,,,,,,,,,,,,,,,,,,,,,,,,,
Tower Troop,Tower Princess,5,7.5,,0.8,1890,67,83,,,,,,,,,,,,,,,,,,,,,,,,,,,
Tower Troop,Tower Princess,6,7.5,,0.8,2030,72,90,,,,,,,,,,,,,,,,,,,,,,,,,,,
Tower Troop,Tower Princess,7,7.5,,0.8,2184,78,97,,,,,,,,,,,,,,,,,,,,,,,,,,,
Tower Troop,Tower Princess,8,7.5,,0.8,2352,84,105,,,,,,,,,,,,,,,,,,,,,,,,,,,
Tower Troop,Tower Princess,9,7.5,,0.8,2534,90,112,,,,,,,,,,,,,,,,,,,,,,,,,,,
Tower Troop,Tower Princess,10,7.5,,0.8,2786,99,123,,,,,,,,,,,,,,,,,,,,,,,,,,,
Tower Troop,Tower Princess,11,7.5,,0.8,3052,109,136,,,,,,,,,,,,,,,,,,,,,,,,,,,
Tower Troop,Tower Princess,12,7.5,,0.8,3346,119,148,,,,,,,,,,,,,,,,,,,,,,,,,,,
Tower Troop,Tower Princess,13,7.5,,0.8,3668,131,163,,,,,,,,,,,,,,,,,,,,,,,,,,,
Tower Troop,Tower Princess,14,7.5,,0.8,4032,144,180,,,,,,,,,,,,,,,,,,,,,,,,,,,
Tower Troop,Tower Princess,15,7.5,,0.8,4424,158,197,,,,,,,,,,,,,,,,,,,,,,,,,,,
Tower Troop,Tower Princess,16,7.5,,0.8,NaN,NaN,NaN,,,,,,,,,,,,,,,,,,,,,,,,,,,
Tower Troop,Tower Princess,17,7.5,,0.8,NaN,NaN,NaN,,,,,,,,,,,,,,,,,,,,,,,,,,,
Tower Troop,Tower Princess,18,7.5,,0.8,NaN,NaN,NaN,,,,,,,,,,,,,,,,,,,,,,,,,,,
Troop,Knight,1,Melee,,1.2,690,79,65,,,,,,,,,,,,,,,,,,,,,,,,,,,
Troop,Knight,2,Melee,,1.2,759,86,71,,,,,,,,,,,,,,,,,,,,,,,,,,,
Troop,Knight,3,Melee,,1.2,834,95,79,,,,,,,,,,,,,,,,,,,,,,,,,,,
Troop,Knight,4,Melee,,1.2,917,105,87,,,,,,,,,,,,,,,,,,,,,,,,,,,
Troop,Knight,5,Melee,,1.2,1007,115,95,,,,,,,,,,,,,,,,,,,,,,,,,,,
Troop,Knight,6,Melee,,1.2,1104,126,105,,,,,,,,,,,,,,,,,,,,,,,,,,,
Troop,Knight,7,Melee,,1.2,1214,139,115,,,,,,,,,,,,,,,,,,,,,,,,,,,
Troop,Knight,8,Melee,,1.2,1331,152,126,,,,,,,,,,,,,,,,,,,,,,,,,,,
Troop,Knight,9,Melee,,1.2,1462,167,139,,,,,,,,,,,,,,,,,,,,,,,,,,,
Troop,Knight,10,Melee,,1.2,1607,184,153,,,,,,,,,,,,,,,,,,,,,,,,,,,
Troop,Knight,11,Melee,,1.2,1766,202,168,,,,,,,,,,,,,,,,,,,,,,,,,,,
Troop,Knight,12,Melee,,1.2,1938,221,184,,,,,,,,,,,,,,,,,,,,,,,,,,,
Troop,Knight,13,Melee,,1.2,2132,244,203,,,,,,,,,,,,,,,,,,,,,,,,,,,
Troop,Knight,14,Melee,,1.2,2339,267,222,,,,,,,,,,,,,,,,,,,,,,,,,,,
Troop,Knight,15,Melee,,1.2,2566,293,244,,,,,,,,,,,,,,,,,,,,,,,,,,,
Troop,Knight,16,Melee,,1.2,2822,323,269,,,,,,,,,,,,,,,,,,,,,,,,,,,
Troop,Knight,17,Melee,,1.2,3105,355,295,,,,,,,,,,,,,,,,,,,,,,,,,,,
Troop,Knight,18,Melee,,1.2,3415,391,325,,,,,,,,,,,,,,,,,,,,,,,,,,,
Troop,Archer,1,5,,0.9,119,44,48,,,,,,,,,,,,,,,,,,,,,,,,,,,
Troop,Archer,2,5,,0.9,130,48,53,,,,,,,,,,,,,,,,,,,,,,,,,,,
Troop,Archer,3,5,,0.9,143,53,58,,,,,,,,,,,,,,,,,,,,,,,,,,,
Troop,Archer,4,5,,0.9,158,58,64,,,,,,,,,,,,,,,,,,,,,,,,,,,
Troop,Archer,5,5,,0.9,173,64,71,,,,,,,,,,,,,,,,,,,,,,,,,,,
Troop,Archer,6,5,,0.9,190,70,77,,,,,,,,,,,,,,,,,,,,,,,,,,,
Troop,Archer,7,5,,0.9,209,77,85,,,,,,,,,,,,,,,,,,,,,,,,,,,
Troop,Archer,8,5,,0.9,229,84,93,,,,,,,,,,,,,,,,,,,,,,,,,,,
Troop,Archer,9,5,,0.9,252,93,103,,,,,,,,,,,,,,,,,,,,,,,,,,,
Troop,Archer,10,5,,0.9,277,102,113,,,,,,,,,,,,,,,,,,,,,,,,,,,
Troop,Archer,11,5,,0.9,304,112,124,,,,,,,,,,,,,,,,,,,,,,,,,,,
Troop,Archer,12,5,,0.9,334,123,136,,,,,,,,,,,,,,,,,,,,,,,,,,,
Troop,Archer,13,5,,0.9,367,135,150,,,,,,,,,,,,,,,,,,,,,,,,,,,
Troop,Archer,14,5,,0.9,403,149,165,,,,,,,,,,,,,,,,,,,,,,,,,,,
Troop,Archer,15,5,,0.9,442,163,181,,,,,,,,,,,,,,,,,,,,,,,,,,,
Troop,Archer,16,5,,0.9,486,179,198,,,,,,,,,,,,,,,,,,,,,,,,,,,
Troop,Archer,17,5,,0.9,535,198,220,,,,,,,,,,,,,,,,,,,,,,,,,,,
Troop,Archer,18,5,,0.9,589,217,241,,,,,,,,,,,,,,,,,,,,,,,,,,,
Troop,Giant,1,Melee,,1.5,1550,99,66,,,,,,,,,,,,,,,,,,,,,,,,,,,
Troop,Giant,2,Melee,,1.5,1705,108,72,,,,,,,,,,,,,,,,,,,,,,,,,,,
Troop,Giant,3,Melee,,1.5,1875,119,79,,,,,,,,,,,,,,,,,,,,,,,,,,,
Troop,Giant,4,Melee,,1.5,2061,131,87,,,,,,,,,,,,,,,,,,,,,,,,,,,
Troop,Giant,5,Melee,,1.5,2263,144,96,,,,,,,,,,,,,,,,,,,,,,,,,,,
Troop,Giant,6,Melee,,1.5,2480,158,105,,,,,,,,,,,,,,,,,,,,,,,,,,,
Troop,Giant,7,Melee,,1.5,2728,174,116,,,,,,,,,,,,,,,,,,,,,,,,,,,
Troop,Giant,8,Melee,,1.5,2991,191,127,,,,,,,,,,,,,,,,,,,,,,,,,,,
Troop,Giant,9,Melee,,1.5,3286,209,139,,,,,,,,,,,,,,,,,,,,,,,,,,,
Troop,Giant,10,Melee,,1.5,3611,230,153,,,,,,,,,,,,,,,,,,,,,,,,,,,
Troop,Giant,11,Melee,,1.5,3968,253,168,,,,,,,,,,,,,,,,,,,,,,,,,,,
Troop,Giant,12,Melee,,1.5,4355,278,185,,,,,,,,,,,,,,,,,,,,,,,,,,,
Troop,Giant,13,Melee,,1.5,4789,305,203,,,,,,,,,,,,,,,,,,,,,,,,,,,
Troop,Giant,14,Melee,,1.5,5254,335,223,,,,,,,,,,,,,,,,,,,,,,,,,,,
Troop,Giant,15,Melee,,1.5,5766,368,245,,,,,,,,,,,,,,,,,,,,,,,,,,,
Troop,Giant,16,Melee,,1.5,6339,404,269,,,,,,,,,,,,,,,,,,,,,,,,,,,
Troop,Giant,17,Melee,,1.5,6975,445,296,,,,,,,,,,,,,,,,,,,,,,,,,,,
Troop,Giant,18,Melee,,1.5,7672,490,326,,,,,,,,,,,,,,,,,,,,,,,,,,,
Troop,Minion,1,2.5,,1.2,90,42,35,,,,,,,,,,,,,,,,,,,,,,,,,,,
Troop,Minion,2,2.5,,1.2,99,46,38,,,,,,,,,,,,,,,,,,,,,,,,,,,
Troop,Minion,3,2.5,,1.2,108,50,41,,,,,,,,,,,,,,,,,,,,,,,,,,,
Troop,Minion,4,2.5,,1.2,119,55,45,,,,,,,,,,,,,,,,,,,,,,,,,,,
Troop,Minion,5,2.5,,1.2,131,61,50,,,,,,,,,,,,,,,,,,,,,,,,,,,
Troop,Minion,6,2.5,,1.2,144,67,55,,,,,,,,,,,,,,,,,,,,,,,,,,,
Troop,Minion,7,2.5,,1.2,158,73,60,,,,,,,,,,,,,,,,,,,,,,,,,,,
Troop,Minion,8,2.5,,1.2,173,81,67,,,,,,,,,,,,,,,,,,,,,,,,,,,
Troop,Minion,9,2.5,,1.2,190,89,74,,,,,,,,,,,,,,,,,,,,,,,,,,,
Troop,Minion,10,2.5,,1.2,209,97,80,,,,,,,,,,,,,,,,,,,,,,,,,,,
Troop,Minion,11,2.5,,1.2,230,107,89,,,,,,,,,,,,,,,,,,,,,,,,,,,
Troop,Minion,12,2.5,,1.2,252,118,98,,,,,,,,,,,,,,,,,,,,,,,,,,,
Troop,Minion,13,2.5,,1.2,278,129,107,,,,,,,,,,,,,,,,,,,,,,,,,,,
Troop,Minion,14,2.5,,1.2,305,142,118,,,,,,,,,,,,,,,,,,,,,,,,,,,
Troop,Minion,15,2.5,,1.2,334,156,130,,,,,,,,,,,,,,,,,,,,,,,,,,,
Troop,Minion,16,2.5,,1.2,368,171,142,,,,,,,,,,,,,,,,,,,,,,,,,,,
Troop,Minion,17,2.5,,1.2,405,189,157,,,,,,,,,,,,,,,,,,,,,,,,,,,
Troop,Minion,18,2.5,,1.2,445,207,172,,,,,,,,,,,,,,,,,,,,,,,,,,,
Troop,Musketeer,1,6,,1,282,85,85,,,,,,,,,,,,,,,,,,,,,,,,,,,
Troop,Musketeer,2,6,,1,310,93,93,,,,,,,,,,,,,,,,,,,,,,,,,,,
Troop,Musketeer,3,6,,1,341,102,102,,,,,,,,,,,,,,,,,,,,,,,,,,,
Troop,Musketeer,4,6,,1,375,113,113,,,,,,,,,,,,,,,,,,,,,,,,,,,
Troop,Musketeer,5,6,,1,411,124,124,,,,,,,,,,,,,,,,,,,,,,,,,,,
Troop,Musketeer,6,6,,1,451,136,136,,,,,,,,,,,,,,,,,,,,,,,,,,,
Troop,Musketeer,7,6,,1,496,149,149,,,,,,,,,,,,,,,,,,,,,,,,,,,
Troop,Musketeer,8,6,,1,544,164,164,,,,,,,,,,,,,,,,,,,,,,,,,,,
Troop,Musketeer,9,6,,1,597,180,180,,,,,,,,,,,,,,,,,,,,,,,,,,,
Troop,Musketeer,10,6,,1,657,198,198,,,,,,,,,,,,,,,,,,,,,,,,,,,
Troop,Musketeer,11,6,,1,721,217,217,,,,,,,,,,,,,,,,,,,,,,,,,,,
Troop,Musketeer,12,6,,1,792,238,238,,,,,,,,,,,,,,,,,,,,,,,,,,,
Troop,Musketeer,13,6,,1,871,262,262,,,,,,,,,,,,,,,,,,,,,,,,,,,
Troop,Musketeer,14,6,,1,955,288,288,,,,,,,,,,,,,,,,,,,,,,,,,,,
Troop,Musketeer,15,6,,1,1049,316,316,,,,,,,,,,,,,,,,,,,,,,,,,,,
Troop,Musketeer,16,6,,1,1153,347,347,,,,,,,,,,,,,,,,,,,,,,,,,,,
Troop,Musketeer,17,6,,1,1269,382,382,,,,,,,,,,,,,,,,,,,,,,,,,,,
Troop,Musketeer,18,6,,1,1395,420,420,,,,,,,,,,,,,,,,,,,,,,,,,,,
Troop,Mini P.E.K.K.A,1,Melee: Short,,1.6,543,295,184,,,,,,,,,,,,,,,,,,,,,,,,,,,
Troop,Mini P.E.K.K.A,2,Melee: Short,,1.6,597,324,202,,,,,,,,,,,,,,,,,,,,,,,,,,,
Troop,Mini P.E.K.K.A,3,Melee: Short,,1.6,657,356,222,,,,,,,,,,,,,,,,,,,,,,,,,,,
Troop,Mini P.E.K.K.A,4,Melee: Short,,1.6,722,392,245,,,,,,,,,,,,,,,,,,,,,,,,,,,
Troop,Mini P.E.K.K.A,5,Melee: Short,,1.6,792,430,268,,,,,,,,,,,,,,,,,,,,,,,,,,,
Troop,Mini P.E.K.K.A,6,Melee: Short,,1.6,868,472,295,,,,,,,,,,,,,,,,,,,,,,,,,,,
Troop,Mini P.E.K.K.A,7,Melee: Short,,1.6,955,519,324,,,,,,,,,,,,,,,,,,,,,,,,,,,
Troop,Mini P.E.K.K.A,8,Melee: Short,,1.6,1047,569,355,,,,,,,,,,,,,,,,,,,,,,,,,,,
Troop,Mini P.E.K.K.A,9,Melee: Short,,1.6,1151,625,390,,,,,,,,,,,,,,,,,,,,,,,,,,,
Troop,Mini P.E.K.K.A,10,Melee: Short,,1.6,1265,687,429,,,,,,,,,,,,,,,,,,,,,,,,,,,
Troop,Mini P.E.K.K.A,11,Melee: Short,,1.6,1390,755,471,,,,,,,,,,,,,,,,,,,,,,,,,,,
Troop,Mini P.E.K.K.A,12,Melee: Short,,1.6,1525,828,517,,,,,,,,,,,,,,,,,,,,,,,,,,,
Troop,Mini P.E.K.K.A,13,Melee: Short,,1.6,1677,911,569,,,,,,,,,,,,,,,,,,,,,,,,,,,
Troop,Mini P.E.K.K.A,14,Melee: Short,,1.6,1840,1000,625,,,,,,,,,,,,,,,,,,,,,,,,,,,
Troop,Mini P.E.K.K.A,15,Melee: Short,,1.6,2019,1097,685,,,,,,,,,,,,,,,,,,,,,,,,,,,
Troop,Mini P.E.K.K.A,16,Melee: Short,,1.6,2220,1206,753,,,,,,,,,,,,,,,,,,,,,,,,,,,
Troop,Mini P.E.K.K.A,17,Melee: Short,,1.6,2443,1327,829,,,,,,,,,,,,,,,,,,,,,,,,,,,
Troop,Mini P.E.K.K.A,18,Melee: Short,,1.6,2687,1460,912,,,,,,,,,,,,,,,,,,,,,,,,,,,
Spell,Fireball,1,,2.5,,,269,,81,,,,,,,,,,,,,,,,,,,,,,,,,,
Spell,Fireball,2,,2.5,,,295,,89,,,,,,,,,,,,,,,,,,,,,,,,,,
Spell,Fireball,3,,2.5,,,325,,98,,,,,,,,,,,,,,,,,,,,,,,,,,
Spell,Fireball,4,,2.5,,,357,,108,,,,,,,,,,,,,,,,,,,,,,,,,,
Spell,Fireball,5,,2.5,,,392,,118,,,,,,,,,,,,,,,,,,,,,,,,,,
Spell,Fireball,6,,2.5,,,430,,129,,,,,,,,,,,,,,,,,,,,,,,,,,
Spell,Fireball,7,,2.5,,,473,,142,,,,,,,,,,,,,,,,,,,,,,,,,,
Spell,Fireball,8,,2.5,,,519,,156,,,,,,,,,,,,,,,,,,,,,,,,,,
Spell,Fireball,9,,2.5,,,570,,171,,,,,,,,,,,,,,,,,,,,,,,,,,
Spell,Fireball,10,,2.5,,,626,,188,,,,,,,,,,,,,,,,,,,,,,,,,,
Spell,Fireball,11,,2.5,,,688,,207,,,,,,,,,,,,,,,,,,,,,,,,,,
Spell,Fireball,12,,2.5,,,755,,227,,,,,,,,,,,,,,,,,,,,,,,,,,
Spell,Fireball,13,,2.5,,,831,,250,,,,,,,,,,,,,,,,,,,,,,,,,,
Spell,Fireball,14,,2.5,,,911,,274,,,,,,,,,,,,,,,,,,,,,,,,,,
Spell,Fireball,15,,2.5,,,1000,,300,,,,,,,,,,,,,,,,,,,,,,,,,,
Spell,Fireball,16,,2.5,,,1100,,330,,,,,,,,,,,,,,,,,,,,,,,,,,
Spell,Fireball,17,,2.5,,,1210,,363,,,,,,,,,,,,,,,,,,,,,,,,,,
Spell,Fireball,18,,2.5,,,1331,,400,,,,,,,,,,,,,,,,,,,,,,,,,,
Spell,Arrows,1,,1.4,,,144,,36,,,,,,,,,,,,,,,,,,,,,,,,,,
Spell,Arrows,2,,1.4,,,156,,39,,,,,,,,,,,,,,,,,,,,,,,,,,
Spell,Arrows,3,,1.4,,,174,,45,,,,,,,,,,,,,,,,,,,,,,,,,,
Spell,Arrows,4,,1.4,,,189,,48,,,,,,,,,,,,,,,,,,,,,,,,,,
Spell,Arrows,5,,1.4,,,210,,54,,,,,,,,,,,,,,,,,,,,,,,,,,
Spell,Arrows,6,,1.4,,,228,,57,,,,,,,,,,,,,,,,,,,,,,,,,,
Spell,Arrows,7,,1.4,,,252,,63,,,,,,,,,,,,,,,,,,,,,,,,,,
Spell,Arrows,8,,1.4,,,276,,69,,,,,,,,,,,,,,,,,,,,,,,,,,
Spell,Arrows,9,,1.4,,,303,,78,,,,,,,,,,,,,,,,,,,,,,,,,,
Spell,Arrows,10,,1.4,,,333,,84,,,,,,,,,,,,,,,,,,,,,,,,,,
Spell,Arrows,11,,1.4,,,366,,93,,,,,,,,,,,,,,,,,,,,,,,,,,
Spell,Arrows,12,,1.4,,,402,,102,,,,,,,,,,,,,,,,,,,,,,,,,,
Spell,Arrows,13,,1.4,,,444,,111,,,,,,,,,,,,,,,,,,,,,,,,,,
Spell,Arrows,14,,1.4,,,486,,123,,,,,,,,,,,,,,,,,,,,,,,,,,
Spell,Arrows,15,,1.4,,,534,,135,,,,,,,,,,,,,,,,,,,,,,,,,,
Spell,Arrows,16,,1.4,,,588,,147,,,,,,,,,,,,,,,,,,,,,,,,,,
Spell,Arrows,17,,1.4,,,648,,162,,,,,,,,,,,,,,,,,,,,,,,,,,
Spell,Arrows,18,,1.4,,,711,,180,,,,,,,,,,,,,,,,,,,,,,,,,,
Troop,Goblins,1,Melee: Short,,1.1,79,47,42,,,,,,,,,,,,,,,,,,,,,,,,,,,
Troop,Goblins,2,Melee: Short,,1.1,86,51,46,,,,,,,,,,,,,,,,,,,,,,,,,,,
Troop,Goblins,3,Melee: Short,,1.1,95,56,50,,,,,,,,,,,,,,,,,,,,,,,,,,,
Troop,Goblins,4,Melee: Short,,1.1,105,62,56,,,,,,,,,,,,,,,,,,,,,,,,,,,
Troop,Goblins,5,Melee: Short,,1.1,115,68,61,,,,,,,,,,,,,,,,,,,,,,,,,,,
Troop,Goblins,6,Melee: Short,,1.1,126,75,68,,,,,,,,,,,,,,,,,,,,,,,,,,,
Troop,Goblins,7,Melee: Short,,1.1,139,82,74,,,,,,,,,,,,,,,,,,,,,,,,,,,
Troop,Goblins,8,Melee: Short,,1.1,152,90,81,,,,,,,,,,,,,,,,,,,,,,,,,,,
Troop,Goblins,9,Melee: Short,,1.1,167,99,90,,,,,,,,,,,,,,,,,,,,,,,,,,,
Troop,Goblins,10,Melee: Short,,1.1,184,109,99,,,,,,,,,,,,,,,,,,,,,,,,,,,
Troop,Goblins,11,Melee: Short,,1.1,202,120,109,,,,,,,,,,,,,,,,,,,,,,,,,,,
Troop,Goblins,12,Melee: Short,,1.1,221,132,120,,,,,,,,,,,,,,,,,,,,,,,,,,,
Troop,Goblins,13,Melee: Short,,1.1,244,145,131,,,,,,,,,,,,,,,,,,,,,,,,,,,
Troop,Goblins,14,Melee: Short,,1.1,267,159,144,,,,,,,,,,,,,,,,,,,,,,,,,,,
Troop,Goblins,15,Melee: Short,,1.1,293,174,158,,,,,,,,,,,,,,,,,,,,,,,,,,,
Troop,Goblins,16,Melee: Short,,1.1,323,192,174,,,,,,,,,,,,,,,,,,,,,,,,,,,
Troop,Goblins,17,Melee: Short,,1.1,355,211,191,,,,,,,,,,,,,,,,,,,,,,,,,,,
Troop,Goblins,18,Melee: Short,,1.1,391,232,210,,,,,,,,,,,,,,,,,,,,,,,,,,,
Troop,Spear Goblin,1,5,,1.7,52,32,18,,,,,,,,,,,,,,,,,,,,,,,,,,,
Troop,Spear Goblin,2,5,,1.7,57,35,20,,,,,,,,,,,,,,,,,,,,,,,,,,,
Troop,Spear Goblin,3,5,,1.7,62,38,22,,,,,,,,,,,,,,,,,,,,,,,,,,,
Troop,Spear Goblin,4,5,,1.7,69,42,24,,,,,,,,,,,,,,,,,,,,,,,,,,,
Troop,Spear Goblin,5,5,,1.7,75,46,27,,,,,,,,,,,,,,,,,,,,,,,,,,,
Troop,Spear Goblin,6,5,,1.7,83,51,30,,,,,,,,,,,,,,,,,,,,,,,,,,,
Troop,Spear Goblin,7,5,,1.7,91,56,32,,,,,,,,,,,,,,,,,,,,,,,,,,,
Troop,Spear Goblin,8,5,,1.7,100,61,35,,,,,,,,,,,,,,,,,,,,,,,,,,,
Troop,Spear Goblin,9,5,,1.7,110,67,39,,,,,,,,,,,,,,,,,,,,,,,,,,,
Troop,Spear Goblin,10,5,,1.7,121,74,43,,,,,,,,,,,,,,,,,,,,,,,,,,,
Troop,Spear Goblin,11,5,,1.7,133,81,47,,,,,,,,,,,,,,,,,,,,,,,,,,,
Troop,Spear Goblin,12,5,,1.7,146,89,52,,,,,,,,,,,,,,,,,,,,,,,,,,,
Troop,Spear Goblin,13,5,,1.7,160,98,57,,,,,,,,,,,,,,,,,,,,,,,,,,,
Troop,Spear Goblin,14,5,,1.7,176,108,63,,,,,,,,,,,,,,,,,,,,,,,,,,,
Troop,Spear Goblin,15,5,,1.7,193,119,70,,,,,,,,,,,,,,,,,,,,,,,,,,,
Troop,Spear Goblin,16,5,,1.7,212,130,76,,,,,,,,,,,,,,,,,,,,,,,,,,,
Troop,Spear Goblin,17,5,,1.7,234,144,84,,,,,,,,,,,,,,,,,,,,,,,,,,,
Troop,Spear Goblin,18,5,,1.7,257,158,92,,,,,,,,,,,,,,,,,,,,,,,,,,,
Building,Goblin Hut,1,,,,,,,,,,,,,,,,,,,,,,,,,,,,,,,,,
Building,Goblin Hut,2,,,,,,,,,,,,,,,,,,,,,,,,,,,,,,,,,
Building,Goblin Hut,3,,,,,,,,,,,,,,,,,,,,,,,,,,,,,,,,,
Building,Goblin Hut,4,,,,,,,,,,,,,,,,,,,,,,,,,,,,,,,,,
Building,Goblin Hut,5,,,,,,,,,,,,,,,,,,,,,,,,,,,,,,,,,
Building,Goblin Hut,6,,,,,,,,,,,,,,,,,,,,,,,,,,,,,,,,,
Building,Goblin Hut,7,,,,,,,,,,,,,,,,,,,,,,,,,,,,,,,,,
Building,Goblin Hut,8,,,,,,,,,,,,,,,,,,,,,,,,,,,,,,,,,
Building,Goblin Hut,9,,,,,,,,,,,,,,,,,,,,,,,,,,,,,,,,,
Building,Goblin Hut,10,,,,,,,,,,,,,,,,,,,,,,,,,,,,,,,,,
Building,Goblin Hut,11,,,,,1180,,,,,,,,,,,,,,,,,,,,,,,,,,,,
Building,Goblin Hut,12,,,,,1295,,,,,,,,,,,,,,,,,,,,,,,,,,,,
Building,Goblin Hut,13,,,,,1424,,,,,,,,,,,,,,,,,,,,,,,,,,,,
Building,Goblin Hut,14,,,,,1562,,,,,,,,,,,,,,,,,,,,,,,,,,,,
Building,Goblin Hut,15,,,,,1714,,,,,,,,,,,,,,,,,,,,,,,,,,,,
Building,Goblin Hut,16,,,,,1885,,,,,,,,,,,,,,,,,,,,,,,,,,,,
Building,Goblin Hut,17,,,,,2074,,,,,,,,,,,,,,,,,,,,,,,,,,,,
Building,Goblin Hut,18,,,,,2281,,,,,,,,,,,,,,,,,,,,,,,,,,,,
Building,Goblin Cage,1,,,,,,,,,,,,,,,,,,,,,,,,,,,,,,,,,
Building,Goblin Cage,2,,,,,,,,,,,,,,,,,,,,,,,,,,,,,,,,,
Building,Goblin Cage,3,,,,,,,,,,,,,,,,,,,,,,,,,,,,,,,,,
Building,Goblin Cage,4,,,,,,,,,,,,,,,,,,,,,,,,,,,,,,,,,
Building,Goblin Cage,5,,,,,,,,,,,,,,,,,,,,,,,,,,,,,,,,,
Building,Goblin Cage,6,,,,,,,,,,,,,,,,,,,,,,,,,,,,,,,,,
Building,Goblin Cage,7,,,,,,,,,,,,,,,,,,,,,,,,,,,,,,,,,
Building,Goblin Cage,8,,,,,,,,,,,,,,,,,,,,,,,,,,,,,,,,,
Building,Goblin Cage,9,,,,,,,,,,,,,,,,,,,,,,,,,,,,,,,,,
Building,Goblin Cage,10,,,,,,,,,,,,,,,,,,,,,,,,,,,,,,,,,
Building,Goblin Cage,11,,,,,780,,,,,,,,,,,,,,,,,,,,,,,,,,,,
Building,Goblin Cage,12,,,,,857,,,,,,,,,,,,,,,,,,,,,,,,,,,,
Building,Goblin Cage,13,,,,,942,,,,,,,,,,,,,,,,,,,,,,,,,,,,
Building,Goblin Cage,14,,,,,1033,,,,,,,,,,,,,,,,,,,,,,,,,,,,
Building,Goblin Cage,15,,,,,1134,,,,,,,,,,,,,,,,,,,,,,,,,,,,
Building,Goblin Cage,16,,,,,1247,,,,,,,,,,,,,,,,,,,,,,,,,,,,
Building,Goblin Cage,17,,,,,1372,,,,,,,,,,,,,,,,,,,,,,,,,,,,
Building,Goblin Cage,18,,,,,1509,,,,,,,,,,,,,,,,,,,,,,,,,,,,
Troop,Goblin Brawler,1,Melee: Short,,1.1,422,132,120,,,,,,,,,,,,,,,,,,,,,,,,,,,
Troop,Goblin Brawler,2,Melee: Short,,1.1,464,145,131,,,,,,,,,,,,,,,,,,,,,,,,,,,
Troop,Goblin Brawler,3,Melee: Short,,1.1,510,159,144,,,,,,,,,,,,,,,,,,,,,,,,,,,
Troop,Goblin Brawler,4,Melee: Short,,1.1,561,175,159,,,,,,,,,,,,,,,,,,,,,,,,,,,
Troop,Goblin Brawler,5,Melee: Short,,1.1,616,192,174,,,,,,,,,,,,,,,,,,,,,,,,,,,
Troop,Goblin Brawler,6,Melee: Short,,1.1,675,211,191,,,,,,,,,,,,,,,,,,,,,,,,,,,
Troop,Goblin Brawler,7,Melee: Short,,1.1,742,232,210,,,,,,,,,,,,,,,,,,,,,,,,,,,
Troop,Goblin Brawler,8,Melee: Short,,1.1,814,254,230,,,,,,,,,,,,,,,,,,,,,,,,,,,
Troop,Goblin Brawler,9,Melee: Short,,1.1,894,279,253,,,,,,,,,,,,,,,,,,,,,,,,,,,
Troop,Goblin Brawler,10,Melee: Short,,1.1,983,307,279,,,,,,,,,,,,,,,,,,,,,,,,,,,
Troop,Goblin Brawler,11,Melee: Short,,1.1,1080,337,306,,,,,,,,,,,,,,,,,,,,,,,,,,,
Troop,Goblin Brawler,12,Melee: Short,,1.1,1185,370,336,,,,,,,,,,,,,,,,,,,,,,,,,,,
Troop,Goblin Brawler,13,Melee: Short,,1.1,1303,407,370,,,,,,,,,,,,,,,,,,,,,,,,,,,
Troop,Goblin Brawler,14,Melee: Short,,1.1,1430,447,406,,,,,,,,,,,,,,,,,,,,,,,,,,,
Troop,Goblin Brawler,15,Melee: Short,,1.1,1569,491,446,,,,,,,,,,,,,,,,,,,,,,,,,,,
Troop,Goblin Brawler,16,Melee: Short,,1.1,1725,539,490,,,,,,,,,,,,,,,,,,,,,,,,,,,
Troop,Goblin Brawler,17,Melee: Short,,1.1,1899,594,540,,,,,,,,,,,,,,,,,,,,,,,,,,,
Troop,Goblin Brawler,18,Melee: Short,,1.1,2088,653,593,,,,,,,,,,,,,,,,,,,,,,,,,,,
Troop,Skeleton,1,Melee: Short,,1.1,32,32,29,,,,,,,,,,,,,,,,,,,,,,,,,,,
Troop,Skeleton,2,Melee: Short,,1.1,35,35,31,,,,,,,,,,,,,,,,,,,,,,,,,,,
Troop,Skeleton,3,Melee: Short,,1.1,38,38,34,,,,,,,,,,,,,,,,,,,,,,,,,,,
Troop,Skeleton,4,Melee: Short,,1.1,42,42,38,,,,,,,,,,,,,,,,,,,,,,,,,,,
Troop,Skeleton,5,Melee: Short,,1.1,46,46,41,,,,,,,,,,,,,,,,,,,,,,,,,,,
Troop,Skeleton,6,Melee: Short,,1.1,51,51,46,,,,,,,,,,,,,,,,,,,,,,,,,,,
Troop,Skeleton,7,Melee: Short,,1.1,56,56,50,,,,,,,,,,,,,,,,,,,,,,,,,,,
Troop,Skeleton,8,Melee: Short,,1.1,61,61,55,,,,,,,,,,,,,,,,,,,,,,,,,,,
Troop,Skeleton,9,Melee: Short,,1.1,67,67,60,,,,,,,,,,,,,,,,,,,,,,,,,,,
Troop,Skeleton,10,Melee: Short,,1.1,74,74,67,,,,,,,,,,,,,,,,,,,,,,,,,,,
Troop,Skeleton,11,Melee: Short,,1.1,81,81,73,,,,,,,,,,,,,,,,,,,,,,,,,,,
Troop,Skeleton,12,Melee: Short,,1.1,89,89,80,,,,,,,,,,,,,,,,,,,,,,,,,,,
Troop,Skeleton,13,Melee: Short,,1.1,98,98,89,,,,,,,,,,,,,,,,,,,,,,,,,,,
Troop,Skeleton,14,Melee: Short,,1.1,108,108,98,,,,,,,,,,,,,,,,,,,,,,,,,,,
Troop,Skeleton,15,Melee: Short,,1.1,119,119,108,,,,,,,,,,,,,,,,,,,,,,,,,,,
Troop,Skeleton,16,Melee: Short,,1.1,130,130,118,,,,,,,,,,,,,,,,,,,,,,,,,,,
Troop,Skeleton,17,Melee: Short,,1.1,144,144,130,,,,,,,,,,,,,,,,,,,,,,,,,,,
Troop,Skeleton,18,Melee: Short,,1.1,158,158,143,,,,,,,,,,,,,,,,,,,,,,,,,,,
Troop,Valkyrie,1,Melee: Medium,,1.5,745,104,69,,,,,,,,,,,,,,,,,,,,,,,,,,,
Troop,Valkyrie,2,Melee: Medium,,1.5,819,114,76,,,,,,,,,,,,,,,,,,,,,,,,,,,
Troop,Valkyrie,3,Melee: Medium,,1.5,901,125,83,,,,,,,,,,,,,,,,,,,,,,,,,,,
Troop,Valkyrie,4,Melee: Medium,,1.5,990,138,92,,,,,,,,,,,,,,,,,,,,,,,,,,,
Troop,Valkyrie,5,Melee: Medium,,1.5,1087,151,100,,,,,,,,,,,,,,,,,,,,,,,,,,,
Troop,Valkyrie,6,Melee: Medium,,1.5,1192,166,110,,,,,,,,,,,,,,,,,,,,,,,,,,,
Troop,Valkyrie,7,Melee: Medium,,1.5,1311,183,122,,,,,,,,,,,,,,,,,,,,,,,,,,,
Troop,Valkyrie,8,Melee: Medium,,1.5,1437,200,133,,,,,,,,,,,,,,,,,,,,,,,,,,,
Troop,Valkyrie,9,Melee: Medium,,1.5,1579,220,146,,,,,,,,,,,,,,,,,,,,,,,,,,,
Troop,Valkyrie,10,Melee: Medium,,1.5,1735,242,161,,,,,,,,,,,,,,,,,,,,,,,,,,,
Troop,Valkyrie,11,Melee: Medium,,1.5,1907,266,177,,,,,,,,,,,,,,,,,,,,,,,,,,,
Troop,Valkyrie,12,Melee: Medium,,1.5,2093,292,194,,,,,,,,,,,,,,,,,,,,,,,,,,,
Troop,Valkyrie,13,Melee: Medium,,1.5,2302,321,214,,,,,,,,,,,,,,,,,,,,,,,,,,,
Troop,Valkyrie,14,Melee: Medium,,1.5,2525,352,234,,,,,,,,,,,,,,,,,,,,,,,,,,,
Troop,Valkyrie,15,Melee: Medium,,1.5,2771,386,257,,,,,,,,,,,,,,,,,,,,,,,,,,,
Troop,Valkyrie,16,Melee: Medium,,1.5,3047,425,283,,,,,,,,,,,,,,,,,,,,,,,,,,,
Troop,Valkyrie,17,Melee: Medium,,1.5,3352,468,312,,,,,,,,,,,,,,,,,,,,,,,,,,,
Troop,Valkyrie,18,Melee: Medium,,1.5,3687,514,342,,,,,,,,,,,,,,,,,,,,,,,,,,,
Troop,Bomber,1,4.5,,1.8,119,88,48,,,,,,,,,,,,,,,,,,,,,,,,,,,
Troop,Bomber,2,4.5,,1.8,130,96,53,,,,,,,,,,,,,,,,,,,,,,,,,,,
Troop,Bomber,3,4.5,,1.8,143,106,58,,,,,,,,,,,,,,,,,,,,,,,,,,,
Troop,Bomber,4,4.5,,1.8,158,117,65,,,,,,,,,,,,,,,,,,,,,,,,,,,
Troop,Bomber,5,4.5,,1.8,173,128,71,,,,,,,,,,,,,,,,,,,,,,,,,,,
Troop,Bomber,6,4.5,,1.8,190,140,77,,,,,,,,,,,,,,,,,,,,,,,,,,,
Troop,Bomber,7,4.5,,1.8,209,154,85,,,,,,,,,,,,,,,,,,,,,,,,,,,
Troop,Bomber,8,4.5,,1.8,229,169,93,,,,,,,,,,,,,,,,,,,,,,,,,,,
Troop,Bomber,9,4.5,,1.8,252,186,103,,,,,,,,,,,,,,,,,,,,,,,,,,,
Troop,Bomber,10,4.5,,1.8,277,205,113,,,,,,,,,,,,,,,,,,,,,,,,,,,
Troop,Bomber,11,4.5,,1.8,304,225,125,,,,,,,,,,,,,,,,,,,,,,,,,,,
Troop,Bomber,12,4.5,,1.8,334,247,137,,,,,,,,,,,,,,,,,,,,,,,,,,,
Troop,Bomber,13,4.5,,1.8,367,271,150,,,,,,,,,,,,,,,,,,,,,,,,,,,
Troop,Bomber,14,4.5,,1.8,403,298,165,,,,,,,,,,,,,,,,,,,,,,,,,,,
Troop,Bomber,15,4.5,,1.8,442,327,181,,,,,,,,,,,,,,,,,,,,,,,,,,,
Troop,Bomber,16,4.5,,1.8,486,359,199,,,,,,,,,,,,,,,,,,,,,,,,,,,
Troop,Bomber,17,4.5,,1.8,535,396,220,,,,,,,,,,,,,,,,,,,,,,,,,,,
Troop,Bomber,18,4.5,,1.8,589,435,241,,,,,,,,,,,,,,,,,,,,,,,,,,,
Building,Tombstone,1,,,,,,,,,,,,,,,,,,,,,,,,,,,,,,,,,
Building,Tombstone,2,,,,,,,,,,,,,,,,,,,,,,,,,,,,,,,,,
Building,Tombstone,3,,,,,,,,,,,,,,,,,,,,,,,,,,,,,,,,,
Building,Tombstone,4,,,,,,,,,,,,,,,,,,,,,,,,,,,,,,,,,
Building,Tombstone,5,,,,,,,,,,,,,,,,,,,,,,,,,,,,,,,,,
Building,Tombstone,6,,,,,,,,,,,,,,,,,,,,,,,,,,,,,,,,,
Building,Tombstone,7,,,,,,,,,,,,,,,,,,,,,,,,,,,,,,,,,
Building,Tombstone,8,,,,,,,,,,,,,,,,,,,,,,,,,,,,,,,,,
Building,Tombstone,9,,,,,,,,,,,,,,,,,,,,,,,,,,,,,,,,,
Building,Tombstone,10,,,,,,,,,,,,,,,,,,,,,,,,,,,,,,,,,
Building,Tombstone,11,,,,,529,,,,,,,,,,,,,,,,,,,,,,,,,,,,
Building,Tombstone,12,,,,,581,,,,,,,,,,,,,,,,,,,,,,,,,,,,
Building,Tombstone,13,,,,,639,,,,,,,,,,,,,,,,,,,,,,,,,,,,
Building,Tombstone,14,,,,,701,,,,,,,,,,,,,,,,,,,,,,,,,,,,
Building,Tombstone,15,,,,,770,,,,,,,,,,,,,,,,,,,,,,,,,,,,
Building,Tombstone,16,,,,,846,,,,,,,,,,,,,,,,,,,,,,,,,,,,
Building,Tombstone,17,,,,,931,,,,,,,,,,,,,,,,,,,,,,,,,,,,
Building,Tombstone,18,,,,,1024,,,,,,,,,,,,,,,,,,,,,,,,,,,,
Troop,Barbarian,1,Melee: Short,,1.4,270,75,53,,,,,,,,,,,,,,,,,,,,,,,,,,,
Troop,Barbarian,2,Melee: Short,,1.4,297,82,58,,,,,,,,,,,,,,,,,,,,,,,,,,,
Troop,Barbarian,3,Melee: Short,,1.4,326,90,64,,,,,,,,,,,,,,,,,,,,,,,,,,,
Troop,Barbarian,4,Melee: Short,,1.4,359,99,70,,,,,,,,,,,,,,,,,,,,,,,,,,,
Troop,Barbarian,5,Melee: Short,,1.4,394,109,77,,,,,,,,,,,,,,,,,,,,,,,,,,,
Troop,Barbarian,6,Melee: Short,,1.4,432,120,85,,,,,,,,,,,,,,,,,,,,,,,,,,,
Troop,Barbarian,7,Melee: Short,,1.4,475,132,94,,,,,,,,,,,,,,,,,,,,,,,,,,,
Troop,Barbarian,8,Melee: Short,,1.4,521,144,102,,,,,,,,,,,,,,,,,,,,,,,,,,,
Troop,Barbarian,9,Melee: Short,,1.4,572,159,113,,,,,,,,,,,,,,,,,,,,,,,,,,,
Troop,Barbarian,10,Melee: Short,,1.4,629,174,124,,,,,,,,,,,,,,,,,,,,,,,,,,,
Troop,Barbarian,11,Melee: Short,,1.4,691,192,137,,,,,,,,,,,,,,,,,,,,,,,,,,,
Troop,Barbarian,12,Melee: Short,,1.4,758,210,150,,,,,,,,,,,,,,,,,,,,,,,,,,,
Troop,Barbarian,13,Melee: Short,,1.4,834,231,165,,,,,,,,,,,,,,,,,,,,,,,,,,,
Troop,Barbarian,14,Melee: Short,,1.4,915,254,181,,,,,,,,,,,,,,,,,,,,,,,,,,,
Troop,Barbarian,15,Melee: Short,,1.4,1004,279,199,,,,,,,,,,,,,,,,,,,,,,,,,,,
Troop,Barbarian,16,Melee: Short,,1.4,1104,306,218,,,,,,,,,,,,,,,,,,,,,,,,,,,
Troop,Barbarian,17,Melee: Short,,1.4,1215,337,240,,,,,,,,,,,,,,,,,,,,,,,,,,,
Troop,Barbarian,18,Melee: Short,,1.4,1336,371,265,,,,,,,,,,,,,,,,,,,,,,,,,,,
Troop,Battle Ram,1,Melee: Short,,,378,112,,,224,,,,,,,,,,,,,,,,,,,,,,,,,
Troop,Battle Ram,2,Melee: Short,,,415,123,,,246,,,,,,,,,,,,,,,,,,,,,,,,,
Troop,Battle Ram,3,Melee: Short,,,457,135,,,271,,,,,,,,,,,,,,,,,,,,,,,,,
Troop,Battle Ram,4,Melee: Short,,,502,148,,,297,,,,,,,,,,,,,,,,,,,,,,,,,
Troop,Battle Ram,5,Melee: Short,,,551,163,,,327,,,,,,,,,,,,,,,,,,,,,,,,,
Troop,Battle Ram,6,Melee: Short,,,604,179,,,358,,,,,,,,,,,,,,,,,,,,,,,,,
Troop,Battle Ram,7,Melee: Short,,,665,197,,,394,,,,,,,,,,,,,,,,,,,,,,,,,
Troop,Battle Ram,8,Melee: Short,,,729,216,,,432,,,,,,,,,,,,,,,,,,,,,,,,,
Troop,Battle Ram,9,Melee: Short,,,801,237,,,474,,,,,,,,,,,,,,,,,,,,,,,,,
Troop,Battle Ram,10,Melee: Short,,,880,260,,,521,,,,,,,,,,,,,,,,,,,,,,,,,
Troop,Battle Ram,11,Melee: Short,,,967,286,,,573,,,,,,,,,,,,,,,,,,,,,,,,,
Troop,Battle Ram,12,Melee: Short,,,1062,314,,,629,,,,,,,,,,,,,,,,,,,,,,,,,
Troop,Battle Ram,13,Melee: Short,,,1168,346,,,692,,,,,,,,,,,,,,,,,,,,,,,,,
Troop,Battle Ram,14,Melee: Short,,,1281,379,,,759,,,,,,,,,,,,,,,,,,,,,,,,,
Troop,Battle Ram,15,Melee: Short,,,1406,416,,,833,,,,,,,,,,,,,,,,,,,,,,,,,
Troop,Battle Ram,16,Melee: Short,,,1546,458,,,916,,,,,,,,,,,,,,,,,,,,,,,,,
Troop,Battle Ram,17,Melee: Short,,,1701,504,,,1008,,,,,,,,,,,,,,,,,,,,,,,,,
Troop,Battle Ram,18,Melee: Short,,,1871,554,,,1108,,,,,,,,,,,,,,,,,,,,,,,,,
Troop,Mega Minion,1,Melee: Long,,1.5,327,122,81,,,,,,,,,,,,,,,,,,,,,,,,,,,
Troop,Mega Minion,2,Melee: Long,,1.5,359,134,89,,,,,,,,,,,,,,,,,,,,,,,,,,,
Troop,Mega Minion,3,Melee: Long,,1.5,395,147,98,,,,,,,,,,,,,,,,,,,,,,,,,,,
Troop,Mega Minion,4,Melee: Long,,1.5,434,162,108,,,,,,,,,,,,,,,,,,,,,,,,,,,
Troop,Mega Minion,5,Melee: Long,,1.5,477,178,118,,,,,,,,,,,,,,,,,,,,,,,,,,,
Troop,Mega Minion,6,Melee: Long,,1.5,523,195,130,,,,,,,,,,,,,,,,,,,,,,,,,,,
Troop,Mega Minion,7,Melee: Long,,1.5,575,214,142,,,,,,,,,,,,,,,,,,,,,,,,,,,
Troop,Mega Minion,8,Melee: Long,,1.5,631,235,156,,,,,,,,,,,,,,,,,,,,,,,,,,,
Troop,Mega Minion,9,Melee: Long,,1.5,693,258,172,,,,,,,,,,,,,,,,,,,,,,,,,,,
Troop,Mega Minion,10,Melee: Long,,1.5,761,284,189,,,,,,,,,,,,,,,,,,,,,,,,,,,
Troop,Mega Minion,11,Melee: Long,,1.5,837,312,208,,,,,,,,,,,,,,,,,,,,,,,,,,,
Troop,Mega Minion,12,Melee: Long,,1.5,918,342,228,,,,,,,,,,,,,,,,,,,,,,,,,,,
Troop,Mega Minion,13,Melee: Long,,1.5,1010,376,250,,,,,,,,,,,,,,,,,,,,,,,,,,,
Troop,Mega Minion,14,Melee: Long,,1.5,1108,413,275,,,,,,,,,,,,,,,,,,,,,,,,,,,
Troop,Mega Minion,15,Melee: Long,,1.5,1216,453,302,,,,,,,,,,,,,,,,,,,,,,,,,,,
Troop,Mega Minion,16,Melee: Long,,1.5,1337,498,332,,,,,,,,,,,,,,,,,,,,,,,,,,,
Troop,Mega Minion,17,Melee: Long,,1.5,1471,549,366,,,,,,,,,,,,,,,,,,,,,,,,,,,
Troop,Mega Minion,18,Melee: Long,,1.5,1618,603,402,,,,,,,,,,,,,,,,,,,,,,,,,,,
Building,Cannon,1,5.5,,1,322,79,79,,,,,,,,,,,,,,,,,,,,,,,,,,,
Building,Cannon,2,5.5,,1,354,86,86,,,,,,,,,,,,,,,,,,,,,,,,,,,
Building,Cannon,3,5.5,,1,389,95,95,,,,,,,,,,,,,,,,,,,,,,,,,,,
Building,Cannon,4,5.5,,1,428,105,105,,,,,,,,,,,,,,,,,,,,,,,,,,,
Building,Cannon,5,5.5,,1,470,115,115,,,,,,,,,,,,,,,,,,,,,,,,,,,
Building,Cannon,6,5.5,,1,515,126,126,,,,,,,,,,,,,,,,,,,,,,,,,,,
Building,Cannon,7,5.5,,1,566,139,139,,,,,,,,,,,,,,,,,,,,,,,,,,,
Building,Cannon,8,5.5,,1,621,152,152,,,,,,,,,,,,,,,,,,,,,,,,,,,
Building,Cannon,9,5.5,,1,682,167,167,,,,,,,,,,,,,,,,,,,,,,,,,,,
Building,Cannon,10,5.5,,1,750,184,184,,,,,,,,,,,,,,,,,,,,,,,,,,,
Building,Cannon,11,5.5,,1,824,202,202,,,,,,,,,,,,,,,,,,,,,,,,,,,
Building,Cannon,12,5.5,,1,904,221,221,,,,,,,,,,,,,,,,,,,,,,,,,,,
Building,Cannon,13,5.5,,1,994,244,244,,,,,,,,,,,,,,,,,,,,,,,,,,,
Building,Cannon,14,5.5,,1,1091,267,267,,,,,,,,,,,,,,,,,,,,,,,,,,,
Building,Cannon,15,5.5,,1,1197,293,293,,,,,,,,,,,,,,,,,,,,,,,,,,,
Building,Cannon,16,5.5,,1,1316,323,323,,,,,,,,,,,,,,,,,,,,,,,,,,,
Building,Cannon,17,5.5,,1,1449,355,355,,,,,,,,,,,,,,,,,,,,,,,,,,,
Building,Cannon,18,5.5,,1,1593,391,391,,,,,,,,,,,,,,,,,,,,,,,,,,,
Troop,Wizard,1,5.5,,1.4,295,110,78,,,,,,,,,,,,,,,,,,,,,,,,,,,
Troop,Wizard,2,5.5,,1.4,324,121,86,,,,,,,,,,,,,,,,,,,,,,,,,,,
Troop,Wizard,3,5.5,,1.4,356,133,95,,,,,,,,,,,,,,,,,,,,,,,,,,,
Troop,Wizard,4,5.5,,1.4,392,146,104,,,,,,,,,,,,,,,,,,,,,,,,,,,
Troop,Wizard,5,5.5,,1.4,430,160,114,,,,,,,,,,,,,,,,,,,,,,,,,,,
Troop,Wizard,6,5.5,,1.4,472,176,125,,,,,,,,,,,,,,,,,,,,,,,,,,,
Troop,Wizard,7,5.5,,1.4,519,193,137,,,,,,,,,,,,,,,,,,,,,,,,,,,
Troop,Wizard,8,5.5,,1.4,569,212,151,,,,,,,,,,,,,,,,,,,,,,,,,,,
Troop,Wizard,9,5.5,,1.4,625,233,166,,,,,,,,,,,,,,,,,,,,,,,,,,,
Troop,Wizard,10,5.5,,1.4,687,256,182,,,,,,,,,,,,,,,,,,,,,,,,,,,
Troop,Wizard,11,5.5,,1.4,755,281,200,,,,,,,,,,,,,,,,,,,,,,,,,,,
Troop,Wizard,12,5.5,,1.4,828,309,220,,,,,,,,,,,,,,,,,,,,,,,,,,,
Troop,Wizard,13,5.5,,1.4,911,339,242,,,,,,,,,,,,,,,,,,,,,,,,,,,
Troop,Wizard,14,5.5,,1.4,1000,372,265,,,,,,,,,,,,,,,,,,,,,,,,,,,
Troop,Wizard,15,5.5,,1.4,1097,409,292,,,,,,,,,,,,,,,,,,,,,,,,,,,
Troop,Wizard,16,5.5,,1.4,1206,449,320,,,,,,,,,,,,,,,,,,,,,,,,,,,
Troop,Wizard,17,5.5,,1.4,1327,495,353,,,,,,,,,,,,,,,,,,,,,,,,,,,
Troop,Wizard,18,5.5,,1.4,1460,544,388,,,,,,,,,,,,,,,,,,,,,,,,,,,
Troop,Fire Spirit,1,2.5,,,90,81,,,,,,,,,,,,,,,,,,,,,,,,,,,,
Troop,Fire Spirit,2,2.5,,,99,89,,,,,,,,,,,,,,,,,,,,,,,,,,,,
Troop,Fire Spirit,3,2.5,,,108,98,,,,,,,,,,,,,,,,,,,,,,,,,,,,
Troop,Fire Spirit,4,2.5,,,119,107,,,,,,,,,,,,,,,,,,,,,,,,,,,,
Troop,Fire Spirit,5,2.5,,,131,118,,,,,,,,,,,,,,,,,,,,,,,,,,,,
Troop,Fire Spirit,6,2.5,,,144,129,,,,,,,,,,,,,,,,,,,,,,,,,,,,
Troop,Fire Spirit,7,2.5,,,158,142,,,,,,,,,,,,,,,,,,,,,,,,,,,,
Troop,Fire Spirit,8,2.5,,,173,156,,,,,,,,,,,,,,,,,,,,,,,,,,,,
Troop,Fire Spirit,9,2.5,,,190,171,,,,,,,,,,,,,,,,,,,,,,,,,,,,
Troop,Fire Spirit,10,2.5,,,209,188,,,,,,,,,,,,,,,,,,,,,,,,,,,,
Troop,Fire Spirit,11,2.5,,,230,207,,,,,,,,,,,,,,,,,,,,,,,,,,,,
Troop,Fire Spirit,12,2.5,,,252,227,,,,,,,,,,,,,,,,,,,,,,,,,,,,
Troop,Fire Spirit,13,2.5,,,278,250,,,,,,,,,,,,,,,,,,,,,,,,,,,,
Troop,Fire Spirit,14,2.5,,,305,274,,,,,,,,,,,,,,,,,,,,,,,,,,,,
Troop,Fire Spirit,15,2.5,,,334,301,,,,,,,,,,,,,,,,,,,,,,,,,,,,
Troop,Fire Spirit,16,2.5,,,368,331,,,,,,,,,,,,,,,,,,,,,,,,,,,,
Troop,Fire Spirit,17,2.5,,,405,364,,,,,,,,,,,,,,,,,,,,,,,,,,,,
Troop,Fire Spirit,18,2.5,,,445,400,,,,,,,,,,,,,,,,,,,,,,,,,,,,
Troop,Electro Spirit,1,2.5,,,90,39,,,,,,,,,,,,,,,,,,,,,,,,,,,,
Troop,Electro Spirit,2,2.5,,,99,42,,,,,,,,,,,,,,,,,,,,,,,,,,,,
Troop,Electro Spirit,3,2.5,,,108,47,,,,,,,,,,,,,,,,,,,,,,,,,,,,
Troop,Electro Spirit,4,2.5,,,119,51,,,,,,,,,,,,,,,,,,,,,,,,,,,,
Troop,Electro Spirit,5,2.5,,,131,56,,,,,,,,,,,,,,,,,,,,,,,,,,,,
Troop,Electro Spirit,6,2.5,,,144,62,,,,,,,,,,,,,,,,,,,,,,,,,,,,
Troop,Electro Spirit,7,2.5,,,158,68,,,,,,,,,,,,,,,,,,,,,,,,,,,,
Troop,Electro Spirit,8,2.5,,,173,75,,,,,,,,,,,,,,,,,,,,,,,,,,,,
Troop,Electro Spirit,9,2.5,,,190,82,,,,,,,,,,,,,,,,,,,,,,,,,,,,
Troop,Electro Spirit,10,2.5,,,209,90,,,,,,,,,,,,,,,,,,,,,,,,,,,,
Troop,Electro Spirit,11,2.5,,,230,99,,,,,,,,,,,,,,,,,,,,,,,,,,,,
Troop,Electro Spirit,12,2.5,,,252,109,,,,,,,,,,,,,,,,,,,,,,,,,,,,
Troop,Electro Spirit,13,2.5,,,278,120,,,,,,,,,,,,,,,,,,,,,,,,,,,,
Troop,Electro Spirit,14,2.5,,,305,132,,,,,,,,,,,,,,,,,,,,,,,,,,,,
Troop,Electro Spirit,15,2.5,,,334,145,,,,,,,,,,,,,,,,,,,,,,,,,,,,
Troop,Electro Spirit,16,2.5,,,368,159,,,,,,,,,,,,,,,,,,,,,,,,,,,,
Troop,Electro Spirit,17,2.5,,,405,175,,,,,,,,,,,,,,,,,,,,,,,,,,,,
Troop,Electro Spirit,18,2.5,,,445,193,,,,,,,,,,,,,,,,,,,,,,,,,,,,
Building,Inferno Tower,1,6,,0.4,683,,,,,17,331,827,,,,,,,,,,,,,,,,,,,,,,
Building,Inferno Tower,2,6,,0.4,751,,,,,18,364,910,,,,,,,,,,,,,,,,,,,,,,
Building,Inferno Tower,3,6,,0.4,826,,,,,20,400,1000,,,,,,,,,,,,,,,,,,,,,,
Building,Inferno Tower,4,6,,0.4,908,,,,,22,440,1100,,,,,,,,,,,,,,,,,,,,,,
Building,Inferno Tower,5,6,,0.4,997,,,,,24,483,1207,,,,,,,,,,,,,,,,,,,,,,
Building,Inferno Tower,6,6,,0.4,1092,,,,,27,529,1322,,,,,,,,,,,,,,,,,,,,,,
Building,Inferno Tower,7,6,,0.4,1202,,,,,29,582,1455,,,,,,,,,,,,,,,,,,,,,,
Building,Inferno Tower,8,6,,0.4,1318,,,,,32,638,1595,,,,,,,,,,,,,,,,,,,,,,
Building,Inferno Tower,9,6,,0.4,1447,,,,,36,701,1752,,,,,,,,,,,,,,,,,,,,,,
Building,Inferno Tower,10,6,,0.4,1591,,,,,39,771,1927,,,,,,,,,,,,,,,,,,,,,,
Building,Inferno Tower,11,6,,0.4,1748,,,,,43,847,2117,,,,,,,,,,,,,,,,,,,,,,
Building,Inferno Tower,12,6,,0.4,1919,,,,,47,930,2325,,,,,,,,,,,,,,,,,,,,,,
Building,Inferno Tower,13,6,,0.4,2110,,,,,52,1022,2555,,,,,,,,,,,,,,,,,,,,,,
Building,Inferno Tower,14,6,,0.4,2315,,,,,57,1122,2805,,,,,,,,,,,,,,,,,,,,,,
Building,Inferno Tower,15,6,,0.4,2540,,,,,63,1231,3077,,,,,,,,,,,,,,,,,,,,,,
Building,Inferno Tower,16,6,,0.4,2793,,,,,69,1353,3382,,,,,,,,,,,,,,,,,,,,,,
Building,Inferno Tower,17,6,,0.4,3073,,,,,76,1489,3722,,,,,,,,,,,,,,,,,,,,,,
Building,Inferno Tower,18,6,,0.4,3380,,,,,84,1638,4095,,,,,,,,,,,,,,,,,,,,,,
Building,Bomb Tower,1,6,,1.8,530,87,48,,,,,,,,,,,,,,,,,,,,,,,,,,,
Building,Bomb Tower,2,6,,1.8,583,95,52,,,,,,,,,,,,,,,,,,,,,,,,,,,
Building,Bomb Tower,3,6,,1.8,641,105,58,,,,,,,,,,,,,,,,,,,,,,,,,,,
Building,Bomb Tower,4,6,,1.8,704,115,63,,,,,,,,,,,,,,,,,,,,,,,,,,,
Building,Bomb Tower,5,6,,1.8,773,127,70,,,,,,,,,,,,,,,,,,,,,,,,,,,
Building,Bomb Tower,6,6,,1.8,848,139,77,,,,,,,,,,,,,,,,,,,,,,,,,,,
Building,Bomb Tower,7,6,,1.8,932,153,85,,,,,,,,,,,,,,,,,,,,,,,,,,,
Building,Bomb Tower,8,6,,1.8,1022,167,92,,,,,,,,,,,,,,,,,,,,,,,,,,,
Building,Bomb Tower,9,6,,1.8,1123,184,102,,,,,,,,,,,,,,,,,,,,,,,,,,,
Building,Bomb Tower,10,6,,1.8,1234,202,112,,,,,,,,,,,,,,,,,,,,,,,,,,,
Building,Bomb Tower,11,6,,1.8,1356,222,123,,,,,,,,,,,,,,,,,,,,,,,,,,,
Building,Bomb Tower,12,6,,1.8,1489,244,135,,,,,,,,,,,,,,,,,,,,,,,,,,,
Building,Bomb Tower,13,6,,1.8,1637,268,148,,,,,,,,,,,,,,,,,,,,,,,,,,,
Building,Bomb Tower,14,6,,1.8,1796,294,163,,,,,,,,,,,,,,,,,,,,,,,,,,,
Building,Bomb Tower,15,6,,1.8,1971,323,179,,,,,,,,,,,,,,,,,,,,,,,,,,,
Building,Bomb Tower,16,6,,1.8,2167,355,197,,,,,,,,,,,,,,,,,,,,,,,,,,,
Building,Bomb Tower,17,6,,1.8,2385,391,217,,,,,,,,,,,,,,,,,,,,,,,,,,,
Building,Bomb Tower,18,6,,1.8,2623,430,238,,,,,,,,,,,,,,,,,,,,,,,,,,,
Troop,Hog Rider,1,Melee: Short,,1.6,663,124,77,,,,,,,,,,,,,,,,,,,,,,,,,,,
Troop,Hog Rider,2,Melee: Short,,1.6,729,136,85,,,,,,,,,,,,,,,,,,,,,,,,,,,
Troop,Hog Rider,3,Melee: Short,,1.6,802,150,93,,,,,,,,,,,,,,,,,,,,,,,,,,,
Troop,Hog Rider,4,Melee: Short,,1.6,881,164,102,,,,,,,,,,,,,,,,,,,,,,,,,,,
Troop,Hog Rider,5,Melee: Short,,1.6,967,181,113,,,,,,,,,,,,,,,,,,,,,,,,,,,
Troop,Hog Rider,6,Melee: Short,,1.6,1060,198,123,,,,,,,,,,,,,,,,,,,,,,,,,,,
Troop,Hog Rider,7,Melee: Short,,1.6,1166,218,136,,,,,,,,,,,,,,,,,,,,,,,,,,,
Troop,Hog Rider,8,Melee: Short,,1.6,1279,239,149,,,,,,,,,,,,,,,,,,,,,,,,,,,
Troop,Hog Rider,9,Melee: Short,,1.6,1405,262,163,,,,,,,,,,,,,,,,,,,,,,,,,,,
Troop,Hog Rider,10,Melee: Short,,1.6,1544,288,180,,,,,,,,,,,,,,,,,,,,,,,,,,,
Troop,Hog Rider,11,Melee: Short,,1.6,1697,317,198,,,,,,,,,,,,,,,,,,,,,,,,,,,
Troop,Hog Rider,12,Melee: Short,,1.6,1863,348,217,,,,,,,,,,,,,,,,,,,,,,,,,,,
Troop,Hog Rider,13,Melee: Short,,1.6,2048,383,239,,,,,,,,,,,,,,,,,,,,,,,,,,,
Troop,Hog Rider,14,Melee: Short,,1.6,2247,420,262,,,,,,,,,,,,,,,,,,,,,,,,,,,
Troop,Hog Rider,15,Melee: Short,,1.6,2466,461,288,,,,,,,,,,,,,,,,,,,,,,,,,,,
Troop,Hog Rider,16,Melee: Short,,1.6,2711,507,316,,,,,,,,,,,,,,,,,,,,,,,,,,,
Troop,Hog Rider,17,Melee: Short,,1.6,2983,558,348,,,,,,,,,,,,,,,,,,,,,,,,,,,
Troop,Hog Rider,18,Melee: Short,,1.6,3281,613,383,,,,,,,,,,,,,,,,,,,,,,,,,,,
Troop,Bat,1,Melee: Medium,,1.2,32,32,26,,,,,,,,,,,,,,,,,,,,,,,,,,,
Troop,Bat,2,Melee: Medium,,1.2,35,35,29,,,,,,,,,,,,,,,,,,,,,,,,,,,
Troop,Bat,3,Melee: Medium,,1.2,38,38,31,,,,,,,,,,,,,,,,,,,,,,,,,,,
Troop,Bat,4,Melee: Medium,,1.2,42,42,35,,,,,,,,,,,,,,,,,,,,,,,,,,,
Troop,Bat,5,Melee: Medium,,1.2,46,46,38,,,,,,,,,,,,,,,,,,,,,,,,,,,
Troop,Bat,6,Melee: Medium,,1.2,51,51,42,,,,,,,,,,,,,,,,,,,,,,,,,,,
Troop,Bat,7,Melee: Medium,,1.2,56,56,46,,,,,,,,,,,,,,,,,,,,,,,,,,,
Troop,Bat,8,Melee: Medium,,1.2,61,61,50,,,,,,,,,,,,,,,,,,,,,,,,,,,
Troop,Bat,9,Melee: Medium,,1.2,67,67,55,,,,,,,,,,,,,,,,,,,,,,,,,,,
Troop,Bat,10,Melee: Medium,,1.2,74,74,61,,,,,,,,,,,,,,,,,,,,,,,,,,,
Troop,Bat,11,Melee: Medium,,1.2,81,81,67,,,,,,,,,,,,,,,,,,,,,,,,,,,
Troop,Bat,12,Melee: Medium,,1.2,89,89,74,,,,,,,,,,,,,,,,,,,,,,,,,,,
Troop,Bat,13,Melee: Medium,,1.2,98,98,81,,,,,,,,,,,,,,,,,,,,,,,,,,,
Troop,Bat,14,Melee: Medium,,1.2,108,108,90,,,,,,,,,,,,,,,,,,,,,,,,,,,
Troop,Bat,15,Melee: Medium,,1.2,119,119,99,,,,,,,,,,,,,,,,,,,,,,,,,,,
Troop,Bat,16,Melee: Medium,,1.2,130,130,108,,,,,,,,,,,,,,,,,,,,,,,,,,,
Troop,Bat,17,Melee: Medium,,1.2,144,144,120,,,,,,,,,,,,,,,,,,,,,,,,,,,
Troop,Bat,18,Melee: Medium,,1.2,158,158,131,,,,,,,,,,,,,,,,,,,,,,,,,,,
Troop,Flying Machine,1,6,,1.1,240,67,60,,,,,,,,,,,,,,,,,,,,,,,,,,,
Troop,Flying Machine,2,6,,1.1,264,73,66,,,,,,,,,,,,,,,,,,,,,,,,,,,
Troop,Flying Machine,3,6,,1.1,290,81,73,,,,,,,,,,,,,,,,,,,,,,,,,,,
Troop,Flying Machine,4,6,,1.1,319,89,80,,,,,,,,,,,,,,,,,,,,,,,,,,,
Troop,Flying Machine,5,6,,1.1,350,97,88,,,,,,,,,,,,,,,,,,,,,,,,,,,
Troop,Flying Machine,6,6,,1.1,384,107,97,,,,,,,,,,,,,,,,,,,,,,,,,,,
Troop,Flying Machine,7,6,,1.1,422,117,106,,,,,,,,,,,,,,,,,,,,,,,,,,,
Troop,Flying Machine,8,6,,1.1,463,129,117,,,,,,,,,,,,,,,,,,,,,,,,,,,
Troop,Flying Machine,9,6,,1.1,508,142,129,,,,,,,,,,,,,,,,,,,,,,,,,,,
Troop,Flying Machine,10,6,,1.1,559,156,141,,,,,,,,,,,,,,,,,,,,,,,,,,,
Troop,Flying Machine,11,6,,1.1,614,171,155,,,,,,,,,,,,,,,,,,,,,,,,,,,
Troop,Flying Machine,12,6,,1.1,674,188,170,,,,,,,,,,,,,,,,,,,,,,,,,,,
Troop,Flying Machine,13,6,,1.1,741,207,188,,,,,,,,,,,,,,,,,,,,,,,,,,,
Troop,Flying Machine,14,6,,1.1,813,227,206,,,,,,,,,,,,,,,,,,,,,,,,,,,
Troop,Flying Machine,15,6,,1.1,892,249,226,,,,,,,,,,,,,,,,,,,,,,,,,,,
Troop,Flying Machine,16,6,,1.1,981,274,249,,,,,,,,,,,,,,,,,,,,,,,,,,,
Troop,Flying Machine,17,6,,1.1,1080,301,273,,,,,,,,,,,,,,,,,,,,,,,,,,,
Troop,Flying Machine,18,6,,1.1,1188,331,300,,,,,,,,,,,,,,,,,,,,,,,,,,,
Building,Mortar,1,11.5,,5,535,104,20,,,,,,,,,,,,,,,,,,,,,,,,,,,
Building,Mortar,2,11.5,,5,588,114,22,,,,,,,,,,,,,,,,,,,,,,,,,,,
Building,Mortar,3,11.5,,5,647,125,25,,,,,,,,,,,,,,,,,,,,,,,,,,,
Building,Mortar,4,11.5,,5,711,138,27,,,,,,,,,,,,,,,,,,,,,,,,,,,
Building,Mortar,5,11.5,,5,781,151,30,,,,,,,,,,,,,,,,,,,,,,,,,,,
Building,Mortar,6,11.5,,5,856,166,33,,,,,,,,,,,,,,,,,,,,,,,,,,,
Building,Mortar,7,11.5,,5,941,183,36,,,,,,,,,,,,,,,,,,,,,,,,,,,
Building,Mortar,8,11.5,,5,1032,200,40,,,,,,,,,,,,,,,,,,,,,,,,,,,
Building,Mortar,9,11.5,,5,1134,220,44,,,,,,,,,,,,,,,,,,,,,,,,,,,
Building,Mortar,10,11.5,,5,1246,242,48,,,,,,,,,,,,,,,,,,,,,,,,,,,
Building,Mortar,11,11.5,,5,1369,266,53,,,,,,,,,,,,,,,,,,,,,,,,,,,
Building,Mortar,12,11.5,,5,1503,292,58,,,,,,,,,,,,,,,,,,,,,,,,,,,
Building,Mortar,13,11.5,,5,1653,321,64,,,,,,,,,,,,,,,,,,,,,,,,,,,
Building,Mortar,14,11.5,,5,1813,352,70,,,,,,,,,,,,,,,,,,,,,,,,,,,
Building,Mortar,15,11.5,,5,1990,386,77,,,,,,,,,,,,,,,,,,,,,,,,,,,
Building,Mortar,16,11.5,,5,2188,425,85,,,,,,,,,,,,,,,,,,,,,,,,,,,
Building,Mortar,17,11.5,,5,2407,468,93,,,,,,,,,,,,,,,,,,,,,,,,,,,
Building,Mortar,18,11.5,,5,2648,514,102,,,,,,,,,,,,,,,,,,,,,,,,,,,
Spell,Rocket,1,,2,,,580,,145,,,,,,,,,,,,,,,,,,,,,,,,,,
Spell,Rocket,2,,2,,,638,,160,,,,,,,,,,,,,,,,,,,,,,,,,,
Spell,Rocket,3,,2,,,701,,176,,,,,,,,,,,,,,,,,,,,,,,,,,
Spell,Rocket,4,,2,,,771,,193,,,,,,,,,,,,,,,,,,,,,,,,,,
Spell,Rocket,5,,2,,,846,,212,,,,,,,,,,,,,,,,,,,,,,,,,,
Spell,Rocket,6,,2,,,928,,232,,,,,,,,,,,,,,,,,,,,,,,,,,
Spell,Rocket,7,,2,,,1020,,255,,,,,,,,,,,,,,,,,,,,,,,,,,
Spell,Rocket,8,,2,,,1119,,280,,,,,,,,,,,,,,,,,,,,,,,,,,
Spell,Rocket,9,,2,,,1229,,308,,,,,,,,,,,,,,,,,,,,,,,,,,
Spell,Rocket,10,,2,,,1351,,338,,,,,,,,,,,,,,,,,,,,,,,,,,
Spell,Rocket,11,,2,,,1484,,371,,,,,,,,,,,,,,,,,,,,,,,,,,
Spell,Rocket,12,,2,,,1629,,408,,,,,,,,,,,,,,,,,,,,,,,,,,
Spell,Rocket,13,,2,,,1792,,448,,,,,,,,,,,,,,,,,,,,,,,,,,
Spell,Rocket,14,,2,,,1966,,492,,,,,,,,,,,,,,,,,,,,,,,,,,
Spell,Rocket,15,,2,,,2157,,540,,,,,,,,,,,,,,,,,,,,,,,,,,
Spell,Rocket,16,,2,,,2372,,593,,,,,,,,,,,,,,,,,,,,,,,,,,
Spell,Rocket,17,,2,,,2610,,653,,,,,,,,,,,,,,,,,,,,,,,,,,
Spell,Rocket,18,,2,,,2871,,718,,,,,,,,,,,,,,,,,,,,,,,,,,
Spell,Zap,1,,2.5,,,75,,23,,,,,,,,,,,,,,,,,,,,,,,,,,
Spell,Zap,2,,2.5,,,82,,25,,,,,,,,,,,,,,,,,,,,,,,,,,
Spell,Zap,3,,2.5,,,90,,27,,,,,,,,,,,,,,,,,,,,,,,,,,
Spell,Zap,4,,2.5,,,99,,30,,,,,,,,,,,,,,,,,,,,,,,,,,
Spell,Zap,5,,2.5,,,109,,33,,,,,,,,,,,,,,,,,,,,,,,,,,
Spell,Zap,6,,2.5,,,120,,36,,,,,,,,,,,,,,,,,,,,,,,,,,
Spell,Zap,7,,2.5,,,132,,40,,,,,,,,,,,,,,,,,,,,,,,,,,
Spell,Zap,8,,2.5,,,144,,44,,,,,,,,,,,,,,,,,,,,,,,,,,
Spell,Zap,9,,2.5,,,159,,48,,,,,,,,,,,,,,,,,,,,,,,,,,
Spell,Zap,10,,2.5,,,174,,53,,,,,,,,,,,,,,,,,,,,,,,,,,
Spell,Zap,11,,2.5,,,192,,58,,,,,,,,,,,,,,,,,,,,,,,,,,
Spell,Zap,12,,2.5,,,210,,63,,,,,,,,,,,,,,,,,,,,,,,,,,
Spell,Zap,13,,2.5,,,231,,70,,,,,,,,,,,,,,,,,,,,,,,,,,
Spell,Zap,14,,2.5,,,254,,77,,,,,,,,,,,,,,,,,,,,,,,,,,
Spell,Zap,15,,2.5,,,279,,84,,,,,,,,,,,,,,,,,,,,,,,,,,
Spell,Zap,16,,2.5,,,306,,92,,,,,,,,,,,,,,,,,,,,,,,,,,
Spell,Zap,17,,2.5,,,337,,102,,,,,,,,,,,,,,,,,,,,,,,,,,
Spell,Zap,18,,2.5,,,371,,112,,,,,,,,,,,,,,,,,,,,,,,,,,
Troop,P.E.K.K.A,1,Melee: Medium,,1.8,1469,319,177,,,,,,,,,,,,,,,,,,,,,,,,,,,
Troop,P.E.K.K.A,2,Melee: Medium,,1.8,1615,350,194,,,,,,,,,,,,,,,,,,,,,,,,,,,
Troop,P.E.K.K.A,3,Melee: Medium,,1.8,1777,385,213,,,,,,,,,,,,,,,,,,,,,,,,,,,
Troop,P.E.K.K.A,4,Melee: Medium,,1.8,1953,424,235,,,,,,,,,,,,,,,,,,,,,,,,,,,
Troop,P.E.K.K.A,5,Melee: Medium,,1.8,2144,465,258,,,,,,,,,,,,,,,,,,,,,,,,,,,
Troop,P.E.K.K.A,6,Melee: Medium,,1.8,2350,510,283,,,,,,,,,,,,,,,,,,,,,,,,,,,
Troop,P.E.K.K.A,7,Melee: Medium,,1.8,2585,561,311,,,,,,,,,,,,,,,,,,,,,,,,,,,
Troop,P.E.K.K.A,8,Melee: Medium,,1.8,2835,615,341,,,,,,,,,,,,,,,,,,,,,,,,,,,
Troop,P.E.K.K.A,9,Melee: Medium,,1.8,3114,676,375,,,,,,,,,,,,,,,,,,,,,,,,,,,
Troop,P.E.K.K.A,10,Melee: Medium,,1.8,3422,743,412,,,,,,,,,,,,,,,,,,,,,,,,,,,
Troop,P.E.K.K.A,11,Melee: Medium,,1.8,3760,816,453,,,,,,,,,,,,,,,,,,,,,,,,,,,
Troop,P.E.K.K.A,12,Melee: Medium,,1.8,4127,896,497,,,,,,,,,,,,,,,,,,,,,,,,,,,
Troop,P.E.K.K.A,13,Melee: Medium,,1.8,4539,985,547,,,,,,,,,,,,,,,,,,,,,,,,,,,
Troop,P.E.K.K.A,14,Melee: Medium,,1.8,4979,1081,600,,,,,,,,,,,,,,,,,,,,,,,,,,,
Troop,P.E.K.K.A,15,Melee: Medium,,1.8,5464,1186,658,,,,,,,,,,,,,,,,,,,,,,,,,,,
Troop,P.E.K.K.A,16,Melee: Medium,,1.8,6008,1304,724,,,,,,,,,,,,,,,,,,,,,,,,,,,
Troop,P.E.K.K.A,17,Melee: Medium,,1.8,6610,1435,797,,,,,,,,,,,,,,,,,,,,,,,,,,,
Troop,P.E.K.K.A,18,Melee: Medium,,1.8,7271,1579,877,,,,,,,,,,,,,,,,,,,,,,,,,,,
Troop,Baby Dragon,1,3.5,,1.5,450,63,42,,,,,,,,,,,,,,,,,,,,,,,,,,,
Troop,Baby Dragon,2,3.5,,1.5,495,69,46,,,,,,,,,,,,,,,,,,,,,,,,,,,
Troop,Baby Dragon,3,3.5,,1.5,544,76,50,,,,,,,,,,,,,,,,,,,,,,,,,,,
Troop,Baby Dragon,4,3.5,,1.5,598,83,55,,,,,,,,,,,,,,,,,,,,,,,,,,,
Troop,Baby Dragon,5,3.5,,1.5,657,91,60,,,,,,,,,,,,,,,,,,,,,,,,,,,
Troop,Baby Dragon,6,3.5,,1.5,720,100,66,,,,,,,,,,,,,,,,,,,,,,,,,,,
Troop,Baby Dragon,7,3.5,,1.5,792,110,73,,,,,,,,,,,,,,,,,,,,,,,,,,,
Troop,Baby Dragon,8,3.5,,1.5,868,121,80,,,,,,,,,,,,,,,,,,,,,,,,,,,
Troop,Baby Dragon,9,3.5,,1.5,954,133,88,,,,,,,,,,,,,,,,,,,,,,,,,,,
Troop,Baby Dragon,10,3.5,,1.5,1048,146,97,,,,,,,,,,,,,,,,,,,,,,,,,,,
Troop,Baby Dragon,11,3.5,,1.5,1152,161,107,,,,,,,,,,,,,,,,,,,,,,,,,,,
Troop,Baby Dragon,12,3.5,,1.5,1264,177,118,,,,,,,,,,,,,,,,,,,,,,,,,,,
Troop,Baby Dragon,13,3.5,,1.5,1390,194,129,,,,,,,,,,,,,,,,,,,,,,,,,,,
Troop,Baby Dragon,14,3.5,,1.5,1525,213,142,,,,,,,,,,,,,,,,,,,,,,,,,,,
Troop,Baby Dragon,15,3.5,,1.5,1674,234,156,,,,,,,,,,,,,,,,,,,,,,,,,,,
Troop,Baby Dragon,16,3.5,,1.5,1840,257,171,,,,,,,,,,,,,,,,,,,,,,,,,,,
Troop,Baby Dragon,17,3.5,,1.5,2025,283,188,,,,,,,,,,,,,,,,,,,,,,,,,,,
Troop,Baby Dragon,18,3.5,,1.5,2227,311,207,,,,,,,,,,,,,,,,,,,,,,,,,,,
Troop,Guard,1,Melee: Long,,1,32,46,46,,,100,,,,,,,,,,,,,,,,,,,,,,,,
Troop,Guard,2,Melee: Long,,1,35,50,50,,,110,,,,,,,,,,,,,,,,,,,,,,,,
Troop,Guard,3,Melee: Long,,1,38,55,55,,,121,,,,,,,,,,,,,,,,,,,,,,,,
Troop,Guard,4,Melee: Long,,1,42,61,61,,,133,,,,,,,,,,,,,,,,,,,,,,,,
Troop,Guard,5,Melee: Long,,1,46,67,67,,,146,,,,,,,,,,,,,,,,,,,,,,,,
Troop,Guard,6,Melee: Long,,1,51,73,73,,,160,,,,,,,,,,,,,,,,,,,,,,,,
Troop,Guard,7,Melee: Long,,1,56,80,80,,,176,,,,,,,,,,,,,,,,,,,,,,,,
Troop,Guard,8,Melee: Long,,1,61,88,88,,,193,,,,,,,,,,,,,,,,,,,,,,,,
Troop,Guard,9,Melee: Long,,1,67,97,97,,,212,,,,,,,,,,,,,,,,,,,,,,,,
Troop,Guard,10,Melee: Long,,1,74,107,107,,,233,,,,,,,,,,,,,,,,,,,,,,,,
Troop,Guard,11,Melee: Long,,1,81,117,117,,,256,,,,,,,,,,,,,,,,,,,,,,,,
Troop,Guard,12,Melee: Long,,1,89,129,129,,,281,,,,,,,,,,,,,,,,,,,,,,,,
Troop,Guard,13,Melee: Long,,1,98,142,142,,,309,,,,,,,,,,,,,,,,,,,,,,,,
Troop,Guard,14,Melee: Long,,1,108,155,155,,,339,,,,,,,,,,,,,,,,,,,,,,,,
Troop,Guard,15,Melee: Long,,1,119,171,171,,,372,,,,,,,,,,,,,,,,,,,,,,,,
Troop,Guard,16,Melee: Long,,1,130,188,188,,,409,,,,,,,,,,,,,,,,,,,,,,,,
Troop,Guard,17,Melee: Long,,1,144,207,207,,,450,,,,,,,,,,,,,,,,,,,,,,,,
Troop,Guard,18,Melee: Long,,1,158,227,227,,,495,,,,,,,,,,,,,,,,,,,,,,,,
Troop,Balloon,1,Melee: Short,,2,655,250,125,,,,94,,,,,,,,,,,,,,,,,,,,,,,
Troop,Balloon,2,Melee: Short,,2,720,275,137,,,,103,,,,,,,,,,,,,,,,,,,,,,,
Troop,Balloon,3,Melee: Short,,2,792,302,151,,,,113,,,,,,,,,,,,,,,,,,,,,,,
Troop,Balloon,4,Melee: Short,,2,871,332,166,,,,125,,,,,,,,,,,,,,,,,,,,,,,
Troop,Balloon,5,Melee: Short,,2,956,365,182,,,,137,,,,,,,,,,,,,,,,,,,,,,,
Troop,Balloon,6,Melee: Short,,2,1048,400,200,,,,150,,,,,,,,,,,,,,,,,,,,,,,
Troop,Balloon,7,Melee: Short,,2,1152,440,220,,,,165,,,,,,,,,,,,,,,,,,,,,,,
Troop,Balloon,8,Melee: Short,,2,1264,482,241,,,,181,,,,,,,,,,,,,,,,,,,,,,,
Troop,Balloon,9,Melee: Short,,2,1388,530,265,,,,199,,,,,,,,,,,,,,,,,,,,,,,
Troop,Balloon,10,Melee: Short,,2,1526,582,291,,,,219,,,,,,,,,,,,,,,,,,,,,,,
Troop,Balloon,11,Melee: Short,,2,1676,640,320,,,,240,,,,,,,,,,,,,,,,,,,,,,,
Troop,Balloon,12,Melee: Short,,2,1840,702,351,,,,264,,,,,,,,,,,,,,,,,,,,,,,
Troop,Balloon,13,Melee: Short,,2,2023,772,386,,,,290,,,,,,,,,,,,,,,,,,,,,,,
Troop,Balloon,14,Melee: Short,,2,2220,847,423,,,,318,,,,,,,,,,,,,,,,,,,,,,,
Troop,Balloon,15,Melee: Short,,2,2436,930,465,,,,349,,,,,,,,,,,,,,,,,,,,,,,
Troop,Balloon,16,Melee: Short,,2,2678,1022,511,,,,384,,,,,,,,,,,,,,,,,,,,,,,
Troop,Balloon,17,Melee: Short,,2,2947,1125,562,,,,423,,,,,,,,,,,,,,,,,,,,,,,
Troop,Balloon,18,Melee: Short,,2,3242,1237,618,,,,465,,,,,,,,,,,,,,,,,,,,,,,
Troop,Prince,1,Melee: Long,,1.4,750,153,109,,306,,,,,,,,,,,,,,,,,,,,,,,,,
Troop,Prince,2,Melee: Long,,1.4,825,168,120,,336,,,,,,,,,,,,,,,,,,,,,,,,,
Troop,Prince,3,Melee: Long,,1.4,907,185,132,,370,,,,,,,,,,,,,,,,,,,,,,,,,
Troop,Prince,4,Melee: Long,,1.4,997,203,145,,406,,,,,,,,,,,,,,,,,,,,,,,,,
Troop,Prince,5,Melee: Long,,1.4,1095,223,159,,446,,,,,,,,,,,,,,,,,,,,,,,,,
Troop,Prince,6,Melee: Long,,1.4,1200,244,174,,489,,,,,,,,,,,,,,,,,,,,,,,,,
Troop,Prince,7,Melee: Long,,1.4,1320,269,192,,538,,,,,,,,,,,,,,,,,,,,,,,,,
Troop,Prince,8,Melee: Long,,1.4,1447,295,210,,590,,,,,,,,,,,,,,,,,,,,,,,,,
Troop,Prince,9,Melee: Long,,1.4,1590,324,231,,648,,,,,,,,,,,,,,,,,,,,,,,,,
Troop,Prince,10,Melee: Long,,1.4,1747,356,254,,712,,,,,,,,,,,,,,,,,,,,,,,,,
Troop,Prince,11,Melee: Long,,1.4,1920,391,279,,783,,,,,,,,,,,,,,,,,,,,,,,,,
Troop,Prince,12,Melee: Long,,1.4,2107,429,306,,859,,,,,,,,,,,,,,,,,,,,,,,,,
Troop,Prince,13,Melee: Long,,1.4,2317,472,337,,945,,,,,,,,,,,,,,,,,,,,,,,,,
Troop,Prince,14,Melee: Long,,1.4,2542,518,370,,1037,,,,,,,,,,,,,,,,,,,,,,,,,
Troop,Prince,15,Melee: Long,,1.4,2790,569,406,,1138,,,,,,,,,,,,,,,,,,,,,,,,,
Troop,Prince,16,Melee: Long,,1.4,3067,625,446,,1251,,,,,,,,,,,,,,,,,,,,,,,,,
Troop,Prince,17,Melee: Long,,1.4,3375,688,491,,1377,,,,,,,,,,,,,,,,,,,,,,,,,
Troop,Prince,18,Melee: Long,,1.4,3712,757,540,,1514,,,,,,,,,,,,,,,,,,,,,,,,,
Troop,Royal Recruits,1,Melee: Long,,1.3,214,52,40,,,,,,94,,,,,,,,,,,,,,,,,,,,,
Troop,Royal Recruits,2,Melee: Long,,1.3,235,57,43,,,,,,103,,,,,,,,,,,,,,,,,,,,,
Troop,Royal Recruits,3,Melee: Long,,1.3,258,62,47,,,,,,113,,,,,,,,,,,,,,,,,,,,,
Troop,Royal Recruits,4,Melee: Long,,1.3,284,69,53,,,,,,125,,,,,,,,,,,,,,,,,,,,,
Troop,Royal Recruits,5,Melee: Long,,1.3,312,75,57,,,,,,137,,,,,,,,,,,,,,,,,,,,,
Troop,Royal Recruits,6,Melee: Long,,1.3,342,83,63,,,,,,150,,,,,,,,,,,,,,,,,,,,,
Troop,Royal Recruits,7,Melee: Long,,1.3,376,91,70,,,,,,165,,,,,,,,,,,,,,,,,,,,,
Troop,Royal Recruits,8,Melee: Long,,1.3,413,100,76,,,,,,181,,,,,,,,,,,,,,,,,,,,,
Troop,Royal Recruits,9,Melee: Long,,1.3,453,110,84,,,,,,199,,,,,,,,,,,,,,,,,,,,,
Troop,Royal Recruits,10,Melee: Long,,1.3,498,121,93,,,,,,219,,,,,,,,,,,,,,,,,,,,,
Troop,Royal Recruits,11,Melee: Long,,1.3,547,133,102,,,,,,240,,,,,,,,,,,,,,,,,,,,,
Troop,Royal Recruits,12,Melee: Long,,1.3,601,146,112,,,,,,264,,,,,,,,,,,,,,,,,,,,,
Troop,Royal Recruits,13,Melee: Long,,1.3,661,160,123,,,,,,290,,,,,,,,,,,,,,,,,,,,,
Troop,Royal Recruits,14,Melee: Long,,1.3,725,176,135,,,,,,318,,,,,,,,,,,,,,,,,,,,,
Troop,Royal Recruits,15,Melee: Long,,1.3,796,193,148,,,,,,349,,,,,,,,,,,,,,,,,,,,,
Troop,Royal Recruits,16,Melee: Long,,1.3,875,212,163,,,,,,384,,,,,,,,,,,,,,,,,,,,,
Troop,Royal Recruits,17,Melee: Long,,1.3,963,234,180,,,,,,423,,,,,,,,,,,,,,,,,,,,,
Troop,Royal Recruits,18,Melee: Long,,1.3,1059,257,197,,,,,,465,,,,,,,,,,,,,,,,,,,,,
Troop,Royal Hogs,1,Melee: Short,,1.2,327,29,24,,,,,,,,,,,,,,,,,,,,,,,,,,,
Troop,Royal Hogs,2,Melee: Short,,1.2,359,31,25,,,,,,,,,,,,,,,,,,,,,,,,,,,
Troop,Royal Hogs,3,Melee: Short,,1.2,395,35,29,,,,,,,,,,,,,,,,,,,,,,,,,,,
Troop,Royal Hogs,4,Melee: Short,,1.2,434,38,31,,,,,,,,,,,,,,,,,,,,,,,,,,,
Troop,Royal Hogs,5,Melee: Short,,1.2,477,42,35,,,,,,,,,,,,,,,,,,,,,,,,,,,
Troop,Royal Hogs,6,Melee: Short,,1.2,523,46,38,,,,,,,,,,,,,,,,,,,,,,,,,,,
Troop,Royal Hogs,7,Melee: Short,,1.2,575,51,42,,,,,,,,,,,,,,,,,,,,,,,,,,,
Troop,Royal Hogs,8,Melee: Short,,1.2,631,55,45,,,,,,,,,,,,,,,,,,,,,,,,,,,
Troop,Royal Hogs,9,Melee: Short,,1.2,693,61,50,,,,,,,,,,,,,,,,,,,,,,,,,,,
Troop,Royal Hogs,10,Melee: Short,,1.2,761,67,55,,,,,,,,,,,,,,,,,,,,,,,,,,,
Troop,Royal Hogs,11,Melee: Short,,1.2,837,74,61,,,,,,,,,,,,,,,,,,,,,,,,,,,
Troop,Royal Hogs,12,Melee: Short,,1.2,918,81,67,,,,,,,,,,,,,,,,,,,,,,,,,,,
Troop,Royal Hogs,13,Melee: Short,,1.2,1010,89,74,,,,,,,,,,,,,,,,,,,,,,,,,,,
Troop,Royal Hogs,14,Melee: Short,,1.2,1108,98,81,,,,,,,,,,,,,,,,,,,,,,,,,,,
Troop,Royal Hogs,15,Melee: Short,,1.2,1216,107,89,,,,,,,,,,,,,,,,,,,,,,,,,,,
Troop,Royal Hogs,16,Melee: Short,,1.2,1337,118,98,,,,,,,,,,,,,,,,,,,,,,,,,,,
Troop,Royal Hogs,17,Melee: Short,,1.2,1471,130,108,,,,,,,,,,,,,,,,,,,,,,,,,,,
Troop,Royal Hogs,18,Melee: Short,,1.2,1618,143,119,,,,,,,,,,,,,,,,,,,,,,,,,,,
Tower Troop,Cannoneer,1,7.5,,2.2,1200,125,56,,,,,,,,,,,,,,,,,,,,,,,,,,,
Tower Troop,Cannoneer,2,7.5,,2.2,1296,137,62,,,,,,,,,,,,,,,,,,,,,,,,,,,
Tower Troop,Cannoneer,3,7.5,,2.2,1392,151,68,,,,,,,,,,,,,,,,,,,,,,,,,,,
Tower Troop,Cannoneer,4,7.5,,2.2,1500,166,75,,,,,,,,,,,,,,,,,,,,,,,,,,,
Tower Troop,Cannoneer,5,7.5,,2.2,1620,182,82,,,,,,,,,,,,,,,,,,,,,,,,,,,
Tower Troop,Cannoneer,6,7.5,,2.2,1740,200,90,,,,,,,,,,,,,,,,,,,,,,,,,,,
Tower Troop,Cannoneer,7,7.5,,2.2,1872,220,100,,,,,,,,,,,,,,,,,,,,,,,,,,,
Tower Troop,Cannoneer,8,7.5,,2.2,2016,241,109,,,,,,,,,,,,,,,,,,,,,,,,,,,
Tower Troop,Cannoneer,9,7.5,,2.2,2172,265,120,,,,,,,,,,,,,,,,,,,,,,,,,,,
Tower Troop,Cannoneer,10,7.5,,2.2,2388,291,132,,,,,,,,,,,,,,,,,,,,,,,,,,,
Tower Troop,Cannoneer,11,7.5,,2.2,2616,320,145,,,,,,,,,,,,,,,,,,,,,,,,,,,
Tower Troop,Cannoneer,12,7.5,,2.2,2868,351,159,,,,,,,,,,,,,,,,,,,,,,,,,,,
Tower Troop,Cannoneer,13,7.5,,2.2,3144,386,175,,,,,,,,,,,,,,,,,,,,,,,,,,,
Tower Troop,Cannoneer,14,7.5,,2.2,3456,423,192,,,,,,,,,,,,,,,,,,,,,,,,,,,
Tower Troop,Cannoneer,15,7.5,,2.2,3792,465,211,,,,,,,,,,,,,,,,,,,,,,,,,,,
Tower Troop,Cannoneer,16,7.5,,2.2,NaN,511,232,,,,,,,,,,,,,,,,,,,,,,,,,,,
Tower Troop,Cannoneer,17,7.5,,2.2,NaN,562,255,,,,,,,,,,,,,,,,,,,,,,,,,,,
Tower Troop,Cannoneer,18,7.5,,2.2,NaN,618,280,,,,,,,,,,,,,,,,,,,,,,,,,,,
Troop,Giant Skeleton,1,Melee: Short,,1.3,1313,108,83,,,,,,,269,,,,,,,,,,,,,,,,,,,,
Troop,Giant Skeleton,2,Melee: Short,,1.3,1444,118,90,,,,,,,295,,,,,,,,,,,,,,,,,,,,
Troop,Giant Skeleton,3,Melee: Short,,1.3,1588,130,100,,,,,,,325,,,,,,,,,,,,,,,,,,,,
Troop,Giant Skeleton,4,Melee: Short,,1.3,1746,143,110,,,,,,,357,,,,,,,,,,,,,,,,,,,,
Troop,Giant Skeleton,5,Melee: Short,,1.3,1916,157,120,,,,,,,392,,,,,,,,,,,,,,,,,,,,
Troop,Giant Skeleton,6,Melee: Short,,1.3,2100,172,132,,,,,,,430,,,,,,,,,,,,,,,,,,,,
Troop,Giant Skeleton,7,Melee: Short,,1.3,2310,190,146,,,,,,,473,,,,,,,,,,,,,,,,,,,,
Troop,Giant Skeleton,8,Melee: Short,,1.3,2534,208,160,,,,,,,519,,,,,,,,,,,,,,,,,,,,
Troop,Giant Skeleton,9,Melee: Short,,1.3,2783,228,175,,,,,,,570,,,,,,,,,,,,,,,,,,,,
Troop,Giant Skeleton,10,Melee: Short,,1.3,3059,251,193,,,,,,,626,,,,,,,,,,,,,,,,,,,,
Troop,Giant Skeleton,11,Melee: Short,,1.3,3361,276,212,,,,,,,688,,,,,,,,,,,,,,,,,,,,
Troop,Giant Skeleton,12,Melee: Short,,1.3,3689,303,233,,,,,,,755,,,,,,,,,,,,,,,,,,,,
Troop,Giant Skeleton,13,Melee: Short,,1.3,4057,333,256,,,,,,,831,,,,,,,,,,,,,,,,,,,,
Troop,Giant Skeleton,14,Melee: Short,,1.3,4451,366,281,,,,,,,911,,,,,,,,,,,,,,,,,,,,
Troop,Giant Skeleton,15,Melee: Short,,1.3,4884,401,308,,,,,,,1000,,,,,,,,,,,,,,,,,,,,
Troop,Giant Skeleton,16,Melee: Short,,1.3,5370,441,339,,,,,,,1100,,,,,,,,,,,,,,,,,,,,
Troop,Giant Skeleton,17,Melee: Short,,1.3,5908,486,373,,,,,,,1210,,,,,,,,,,,,,,,,,,,,
Troop,Giant Skeleton,18,Melee: Short,,1.3,6499,534,410,,,,,,,1331,,,,,,,,,,,,,,,,,,,,
Troop,Ice Spirit,1,2.5,,,90,43,,,,,,,,,,,,,,,,,,,,,,,,,,,,
Troop,Ice Spirit,2,2.5,,,99,47,,,,,,,,,,,,,,,,,,,,,,,,,,,,
Troop,Ice Spirit,3,2.5,,,108,52,,,,,,,,,,,,,,,,,,,,,,,,,,,,
Troop,Ice Spirit,4,2.5,,,119,57,,,,,,,,,,,,,,,,,,,,,,,,,,,,
Troop,Ice Spirit,5,2.5,,,131,62,,,,,,,,,,,,,,,,,,,,,,,,,,,,
Troop,Ice Spirit,6,2.5,,,144,68,,,,,,,,,,,,,,,,,,,,,,,,,,,,
Troop,Ice Spirit,7,2.5,,,158,75,,,,,,,,,,,,,,,,,,,,,,,,,,,,
Troop,Ice Spirit,8,2.5,,,173,82,,,,,,,,,,,,,,,,,,,,,,,,,,,,
Troop,Ice Spirit,9,2.5,,,190,91,,,,,,,,,,,,,,,,,,,,,,,,,,,,
Troop,Ice Spirit,10,2.5,,,209,100,,,,,,,,,,,,,,,,,,,,,,,,,,,,
Troop,Ice Spirit,11,2.5,,,230,110,,,,,,,,,,,,,,,,,,,,,,,,,,,,
Troop,Ice Spirit,12,2.5,,,252,120,,,,,,,,,,,,,,,,,,,,,,,,,,,,
Troop,Ice Spirit,13,2.5,,,278,132,,,,,,,,,,,,,,,,,,,,,,,,,,,,
Troop,Ice Spirit,14,2.5,,,305,145,,,,,,,,,,,,,,,,,,,,,,,,,,,,
Troop,Ice Spirit,15,2.5,,,334,159,,,,,,,,,,,,,,,,,,,,,,,,,,,,
Troop,Ice Spirit,16,2.5,,,368,175,,,,,,,,,,,,,,,,,,,,,,,,,,,,
Troop,Ice Spirit,17,2.5,,,405,193,,,,,,,,,,,,,,,,,,,,,,,,,,,,
Troop,Ice Spirit,18,2.5,,,445,212,,,,,,,,,,,,,,,,,,,,,,,,,,,,
Troop,Ice Golem,1,Melee: Short,,2.5,514,33,13,,,,,,,33,,,,,,,,,,,,,,,,,,,,
Troop,Ice Golem,2,Melee: Short,,2.5,565,36,14,,,,,,,36,,,,,,,,,,,,,,,,,,,,
Troop,Ice Golem,3,Melee: Short,,2.5,621,39,15,,,,,,,39,,,,,,,,,,,,,,,,,,,,
Troop,Ice Golem,4,Melee: Short,,2.5,683,43,17,,,,,,,43,,,,,,,,,,,,,,,,,,,,
Troop,Ice Golem,5,Melee: Short,,2.5,750,48,19,,,,,,,48,,,,,,,,,,,,,,,,,,,,
Troop,Ice Golem,6,Melee: Short,,2.5,822,52,20,,,,,,,52,,,,,,,,,,,,,,,,,,,,
Troop,Ice Golem,7,Melee: Short,,2.5,904,58,23,,,,,,,58,,,,,,,,,,,,,,,,,,,,
Troop,Ice Golem,8,Melee: Short,,2.5,992,63,25,,,,,,,63,,,,,,,,,,,,,,,,,,,,
Troop,Ice Golem,9,Melee: Short,,2.5,1089,69,27,,,,,,,69,,,,,,,,,,,,,,,,,,,,
Troop,Ice Golem,10,Melee: Short,,2.5,1197,76,30,,,,,,,76,,,,,,,,,,,,,,,,,,,,
Troop,Ice Golem,11,Melee: Short,,2.5,1315,84,33,,,,,,,84,,,,,,,,,,,,,,,,,,,,
Troop,Ice Golem,12,Melee: Short,,2.5,1444,92,36,,,,,,,92,,,,,,,,,,,,,,,,,,,,
Troop,Ice Golem,13,Melee: Short,,2.5,1588,101,40,,,,,,,101,,,,,,,,,,,,,,,,,,,,
Troop,Ice Golem,14,Melee: Short,,2.5,1742,111,44,,,,,,,111,,,,,,,,,,,,,,,,,,,,
Troop,Ice Golem,15,Melee: Short,,2.5,1912,122,48,,,,,,,122,,,,,,,,,,,,,,,,,,,,
Troop,Ice Golem,16,Melee: Short,,2.5,2102,134,53,,,,,,,134,,,,,,,,,,,,,,,,,,,,
Troop,Ice Golem,17,Melee: Short,,2.5,2313,148,59,,,,,,,148,,,,,,,,,,,,,,,,,,,,
Troop,Ice Golem,18,Melee: Short,,2.5,2544,163,65,,,,,,,163,,,,,,,,,,,,,,,,,,,,
Troop,Battle Healer,1,Melee: Long,,1.5,671,58,38,,,,,,,,40,79,,,,,,,,,,,,,,,,,,
Troop,Battle Healer,2,Melee: Long,,1.5,738,63,42,,,,,,,,44,86,,,,,,,,,,,,,,,,,,
Troop,Battle Healer,3,Melee: Long,,1.5,811,70,46,,,,,,,,48,95,,,,,,,,,,,,,,,,,,
Troop,Battle Healer,4,Melee: Long,,1.5,892,77,51,,,,,,,,53,105,,,,,,,,,,,,,,,,,,
Troop,Battle Healer,5,Melee: Long,,1.5,979,84,56,,,,,,,,58,115,,,,,,,,,,,,,,,,,,
Troop,Battle Healer,6,Melee: Long,,1.5,1073,92,61,,,,,,,,64,126,,,,,,,,,,,,,,,,,,
Troop,Battle Healer,7,Melee: Long,,1.5,1180,102,68,,,,,,,,70,139,,,,,,,,,,,,,,,,,,
Troop,Battle Healer,8,Melee: Long,,1.5,1295,111,74,,,,,,,,77,152,,,,,,,,,,,,,,,,,,
Troop,Battle Healer,9,Melee: Long,,1.5,1422,122,81,,,,,,,,84,167,,,,,,,,,,,,,,,,,,
Troop,Battle Healer,10,Melee: Long,,1.5,1563,135,90,,,,,,,,93,184,,,,,,,,,,,,,,,,,,
Troop,Battle Healer,11,Melee: Long,,1.5,1717,148,98,,,,,,,,102,202,,,,,,,,,,,,,,,,,,
Troop,Battle Healer,12,Melee: Long,,1.5,1885,162,108,,,,,,,,112,221,,,,,,,,,,,,,,,,,,
Troop,Battle Healer,13,Melee: Long,,1.5,2073,179,119,,,,,,,,123,244,,,,,,,,,,,,,,,,,,
Troop,Battle Healer,14,Melee: Long,,1.5,2274,196,130,,,,,,,,135,267,,,,,,,,,,,,,,,,,,
Troop,Battle Healer,15,Melee: Long,,1.5,2496,215,143,,,,,,,,148,293,,,,,,,,,,,,,,,,,,
Troop,Battle Healer,16,Melee: Long,,1.5,2744,237,158,,,,,,,,163,323,,,,,,,,,,,,,,,,,,
Troop,Battle Healer,17,Melee: Long,,1.5,3019,261,174,,,,,,,,180,355,,,,,,,,,,,,,,,,,,
Troop,Battle Healer,18,Melee: Long,,1.5,3321,287,191,,,,,,,,198,391,,,,,,,,,,,,,,,,,,
Spell,Freeze,1,,3,,,58,,18,,,,,,,,,,,,,,,,,,,,,,,,,,
Spell,Freeze,2,,3,,,63,,19,,,,,,,,,,,,,,,,,,,,,,,,,,
Spell,Freeze,3,,3,,,70,,21,,,,,,,,,,,,,,,,,,,,,,,,,,
Spell,Freeze,4,,3,,,77,,24,,,,,,,,,,,,,,,,,,,,,,,,,,
Spell,Freeze,5,,3,,,84,,26,,,,,,,,,,,,,,,,,,,,,,,,,,
Spell,Freeze,6,,3,,,92,,28,,,,,,,,,,,,,,,,,,,,,,,,,,
Spell,Freeze,7,,3,,,102,,31,,,,,,,,,,,,,,,,,,,,,,,,,,
Spell,Freeze,8,,3,,,111,,34,,,,,,,,,,,,,,,,,,,,,,,,,,
Spell,Freeze,9,,3,,,122,,37,,,,,,,,,,,,,,,,,,,,,,,,,,
Spell,Freeze,10,,3,,,135,,41,,,,,,,,,,,,,,,,,,,,,,,,,,
Spell,Freeze,11,,3,,,148,,45,,,,,,,,,,,,,,,,,,,,,,,,,,
Spell,Freeze,12,,3,,,162,,49,,,,,,,,,,,,,,,,,,,,,,,,,,
Spell,Freeze,13,,3,,,179,,54,,,,,,,,,,,,,,,,,,,,,,,,,,
Spell,Freeze,14,,3,,,196,,59,,,,,,,,,,,,,,,,,,,,,,,,,,
Spell,Freeze,15,,3,,,215,,65,,,,,,,,,,,,,,,,,,,,,,,,,,
Spell,Freeze,16,,3,,,237,,72,,,,,,,,,,,,,,,,,,,,,,,,,,
Spell,Freeze,17,,3,,,261,,79,,,,,,,,,,,,,,,,,,,,,,,,,,
Spell,Freeze,18,,3,,,287,,87,,,,,,,,,,,,,,,,,,,,,,,,,,
Spell,Lightning,1,,3.5,,,413,897,112,,,,,,,,,,,,,,,,,,,,,,,,,,
Spell,Lightning,2,,3.5,,,454,986,123,,,,,,,,,,,,,,,,,,,,,,,,,,
Spell,Lightning,3,,3.5,,,499,1084,135,,,,,,,,,,,,,,,,,,,,,,,,,,
Spell,Lightning,4,,3.5,,,549,1193,149,,,,,,,,,,,,,,,,,,,,,,,,,,
Spell,Lightning,5,,3.5,,,602,1308,163,,,,,,,,,,,,,,,,,,,,,,,,,,
Spell,Lightning,6,,3.5,,,660,1434,179,,,,,,,,,,,,,,,,,,,,,,,,,,
Spell,Lightning,7,,3.5,,,726,1578,197,,,,,,,,,,,,,,,,,,,,,,,,,,
Spell,Lightning,8,,3.5,,,797,1732,216,,,,,,,,,,,,,,,,,,,,,,,,,,
Spell,Lightning,9,,3.5,,,875,1902,237,,,,,,,,,,,,,,,,,,,,,,,,,,
Spell,Lightning,10,,3.5,,,962,2091,260,,,,,,,,,,,,,,,,,,,,,,,,,,
Spell,Lightning,11,,3.5,,,1057,2297,286,,,,,,,,,,,,,,,,,,,,,,,,,,
Spell,Lightning,12,,3.5,,,1160,2521,314,,,,,,,,,,,,,,,,,,,,,,,,,,
Spell,Lightning,13,,3.5,,,1276,2773,345,,,,,,,,,,,,,,,,,,,,,,,,,,
Spell,Lightning,14,,3.5,,,1400,3043,378,,,,,,,,,,,,,,,,,,,,,,,,,,
Spell,Lightning,15,,3.5,,,1536,3339,415,,,,,,,,,,,,,,,,,,,,,,,,,,
Spell,Lightning,16,,3.5,,,1689,3671,457,,,,,,,,,,,,,,,,,,,,,,,,,,
Spell,Lightning,17,,3.5,,,1858,4039,502,,,,,,,,,,,,,,,,,,,,,,,,,,
Spell,Lightning,18,,3.5,,,2044,4443,552,,,,,,,,,,,,,,,,,,,,,,,,,,
Spell,Giant Snowball,1,,2.5,,,70,,21,,,,,,,,,,,,,,,,,,,,,,,,,,
Spell,Giant Snowball,2,,2.5,,,77,,24,,,,,,,,,,,,,,,,,,,,,,,,,,
Spell,Giant Snowball,3,,2.5,,,84,,26,,,,,,,,,,,,,,,,,,,,,,,,,,
Spell,Giant Snowball,4,,2.5,,,93,,28,,,,,,,,,,,,,,,,,,,,,,,,,,
Spell,Giant Snowball,5,,2.5,,,102,,31,,,,,,,,,,,,,,,,,,,,,,,,,,
Spell,Giant Snowball,6,,2.5,,,112,,34,,,,,,,,,,,,,,,,,,,,,,,,,,
Spell,Giant Snowball,7,,2.5,,,123,,37,,,,,,,,,,,,,,,,,,,,,,,,,,
Spell,Giant Snowball,8,,2.5,,,135,,41,,,,,,,,,,,,,,,,,,,,,,,,,,
Spell,Giant Snowball,9,,2.5,,,148,,45,,,,,,,,,,,,,,,,,,,,,,,,,,
Spell,Giant Snowball,10,,2.5,,,163,,49,,,,,,,,,,,,,,,,,,,,,,,,,,
Spell,Giant Snowball,11,,2.5,,,179,,54,,,,,,,,,,,,,,,,,,,,,,,,,,
Spell,Giant Snowball,12,,2.5,,,196,,59,,,,,,,,,,,,,,,,,,,,,,,,,,
Spell,Giant Snowball,13,,2.5,,,216,,65,,,,,,,,,,,,,,,,,,,,,,,,,,
Spell,Giant Snowball,14,,2.5,,,237,,72,,,,,,,,,,,,,,,,,,,,,,,,,,
Spell,Giant Snowball,15,,2.5,,,260,,78,,,,,,,,,,,,,,,,,,,,,,,,,,
Spell,Giant Snowball,16,,2.5,,,286,,86,,,,,,,,,,,,,,,,,,,,,,,,,,
Spell,Giant Snowball,17,,2.5,,,315,,95,,,,,,,,,,,,,,,,,,,,,,,,,,
Spell,Giant Snowball,18,,2.5,,,346,,104,,,,,,,,,,,,,,,,,,,,,,,,,,
Troop,Dart Goblin,1,6.5,,0.8,102,59,73,,,,,,,,,,,,,,,,,,,,,,,,,,,
Troop,Dart Goblin,2,6.5,,0.8,112,64,80,,,,,,,,,,,,,,,,,,,,,,,,,,,
Troop,Dart Goblin,3,6.5,,0.8,123,71,88,,,,,,,,,,,,,,,,,,,,,,,,,,,
Troop,Dart Goblin,4,6.5,,0.8,135,78,97,,,,,,,,,,,,,,,,,,,,,,,,,,,
Troop,Dart Goblin,5,6.5,,0.8,148,86,107,,,,,,,,,,,,,,,,,,,,,,,,,,,
Troop,Dart Goblin,6,6.5,,0.8,163,94,117,,,,,,,,,,,,,,,,,,,,,,,,,,,
Troop,Dart Goblin,7,6.5,,0.8,179,103,128,,,,,,,,,,,,,,,,,,,,,,,,,,,
Troop,Dart Goblin,8,6.5,,0.8,196,113,141,,,,,,,,,,,,,,,,,,,,,,,,,,,
Troop,Dart Goblin,9,6.5,,0.8,216,125,156,,,,,,,,,,,,,,,,,,,,,,,,,,,
Troop,Dart Goblin,10,6.5,,0.8,237,137,171,,,,,,,,,,,,,,,,,,,,,,,,,,,
Troop,Dart Goblin,11,6.5,,0.8,261,151,188,,,,,,,,,,,,,,,,,,,,,,,,,,,
Troop,Dart Goblin,12,6.5,,0.8,286,165,206,,,,,,,,,,,,,,,,,,,,,,,,,,,
Troop,Dart Goblin,13,6.5,,0.8,315,182,227,,,,,,,,,,,,,,,,,,,,,,,,,,,
Troop,Dart Goblin,14,6.5,,0.8,345,200,250,,,,,,,,,,,,,,,,,,,,,,,,,,,
Troop,Dart Goblin,15,6.5,,0.8,379,219,273,,,,,,,,,,,,,,,,,,,,,,,,,,,
Troop,Dart Goblin,16,6.5,,0.8,417,241,301,,,,,,,,,,,,,,,,,,,,,,,,,,,
Troop,Dart Goblin,17,6.5,,0.8,459,265,331,,,,,,,,,,,,,,,,,,,,,,,,,,,
Troop,Dart Goblin,18,6.5,,0.8,504,292,365,,,,,,,,,,,,,,,,,,,,,,,,,,,
Troop,Skeleton Barrel,1,,,,208,,,,,,,,,,,,,,,,,,,,,,,,,,,,,
Troop,Skeleton Barrel,2,,,,228,,,,,,,,,,,,,,,,,,,,,,,,,,,,,
Troop,Skeleton Barrel,3,,,,251,,,,,,,,,,,,,,,,,,,,,,,,,,,,,
Troop,Skeleton Barrel,4,,,,276,,,,,,,,,,,,,,,,,,,,,,,,,,,,,
Troop,Skeleton Barrel,5,,,,303,,,,,,,,,,,,,,,,,,,,,,,,,,,,,
Troop,Skeleton Barrel,6,,,,332,,,,,,,,,,,,,,,,,,,,,,,,,,,,,
Troop,Skeleton Barrel,7,,,,366,,,,,,,,,,,,,,,,,,,,,,,,,,,,,
Troop,Skeleton Barrel,8,,,,401,,,,,,,,,,,,,,,,,,,,,,,,,,,,,
Troop,Skeleton Barrel,9,,,,440,,,,,,,,,,,,,,,,,,,,,,,,,,,,,
Troop,Skeleton Barrel,10,,,,484,,,,,,,,,,,,,,,,,,,,,,,,,,,,,
Troop,Skeleton Barrel,11,,,,532,,,,,,,,,,,,,,,,,,,,,,,,,,,,,
Troop,Skeleton Barrel,12,,,,584,,,,,,,,,,,,,,,,,,,,,,,,,,,,,
Troop,Skeleton Barrel,13,,,,642,,,,,,,,,,,,,,,,,,,,,,,,,,,,,
Troop,Skeleton Barrel,14,,,,705,,,,,,,,,,,,,,,,,,,,,,,,,,,,,
Troop,Skeleton Barrel,15,,,,773,,,,,,,,,,,,,,,,,,,,,,,,,,,,,
Troop,Skeleton Barrel,16,,,,850,,,,,,,,,,,,,,,,,,,,,,,,,,,,,
Troop,Skeleton Barrel,17,,,,936,,,,,,,,,,,,,,,,,,,,,,,,,,,,,
Troop,Skeleton Barrel,18,,,,1029,,,,,,,,,,,,,,,,,,,,,,,,,,,,,
Troop,Goblin Giant,1,Melee: Medium,,1.5,1180,69,46,,,,,,,,,,,,,,,,,,,,,,,,,,,
Troop,Goblin Giant,2,Melee: Medium,,1.5,1298,75,50,,,,,,,,,,,,,,,,,,,,,,,,,,,
Troop,Goblin Giant,3,Melee: Medium,,1.5,1427,83,55,,,,,,,,,,,,,,,,,,,,,,,,,,,
Troop,Goblin Giant,4,Melee: Medium,,1.5,1569,91,60,,,,,,,,,,,,,,,,,,,,,,,,,,,
Troop,Goblin Giant,5,Melee: Medium,,1.5,1722,100,66,,,,,,,,,,,,,,,,,,,,,,,,,,,
Troop,Goblin Giant,6,Melee: Medium,,1.5,1888,110,73,,,,,,,,,,,,,,,,,,,,,,,,,,,
Troop,Goblin Giant,7,Melee: Medium,,1.5,2076,121,80,,,,,,,,,,,,,,,,,,,,,,,,,,,
Troop,Goblin Giant,8,Melee: Medium,,1.5,2277,133,88,,,,,,,,,,,,,,,,,,,,,,,,,,,
Troop,Goblin Giant,9,Melee: Medium,,1.5,2501,146,97,,,,,,,,,,,,,,,,,,,,,,,,,,,
Troop,Goblin Giant,10,Melee: Medium,,1.5,2749,160,106,,,,,,,,,,,,,,,,,,,,,,,,,,,
Troop,Goblin Giant,11,Melee: Medium,,1.5,3020,176,117,,,,,,,,,,,,,,,,,,,,,,,,,,,
Troop,Goblin Giant,12,Melee: Medium,,1.5,3315,193,128,,,,,,,,,,,,,,,,,,,,,,,,,,,
Troop,Goblin Giant,13,Melee: Medium,,1.5,3646,213,142,,,,,,,,,,,,,,,,,,,,,,,,,,,
Troop,Goblin Giant,14,Melee: Medium,,1.5,4000,233,155,,,,,,,,,,,,,,,,,,,,,,,,,,,
Troop,Goblin Giant,15,Melee: Medium,,1.5,4389,256,170,,,,,,,,,,,,,,,,,,,,,,,,,,,
Troop,Goblin Giant,16,Melee: Medium,,1.5,4826,282,188,,,,,,,,,,,,,,,,,,,,,,,,,,,
Troop,Goblin Giant,17,Melee: Medium,,1.5,5310,310,206,,,,,,,,,,,,,,,,,,,,,,,,,,,
Troop,Goblin Giant,18,Melee: Medium,,1.5,5841,341,227,,,,,,,,,,,,,,,,,,,,,,,,,,,
Troop,Rune Giant,1,Melee: Medium,,1.5,1040,47,31,,,,,,,,,,86,,,,,,,,,,,,,,,,,
Troop,Rune Giant,2,Melee: Medium,,1.5,1144,51,34,,,,,,,,,,94,,,,,,,,,,,,,,,,,
Troop,Rune Giant,3,Melee: Medium,,1.5,1258,56,37,,,,,,,,,,104,,,,,,,,,,,,,,,,,
Troop,Rune Giant,4,Melee: Medium,,1.5,1383,62,41,,,,,,,,,,114,,,,,,,,,,,,,,,,,
Troop,Rune Giant,5,Melee: Medium,,1.5,1518,68,45,,,,,,,,,,125,,,,,,,,,,,,,,,,,
Troop,Rune Giant,6,Melee: Medium,,1.5,1664,75,50,,,,,,,,,,137,,,,,,,,,,,,,,,,,
Troop,Rune Giant,7,Melee: Medium,,1.5,1830,82,54,,,,,,,,,,151,,,,,,,,,,,,,,,,,
Troop,Rune Giant,8,Melee: Medium,,1.5,2007,90,60,,,,,,,,,,165,,,,,,,,,,,,,,,,,
Troop,Rune Giant,9,Melee: Medium,,1.5,2204,99,66,,,,,,,,,,182,,,,,,,,,,,,,,,,,
Troop,Rune Giant,10,Melee: Medium,,1.5,2423,109,72,,,,,,,,,,200,,,,,,,,,,,,,,,,,
Troop,Rune Giant,11,Melee: Medium,,1.5,2662,120,80,,,,,,,,,,220,,,,,,,,,,,,,,,,,
Troop,Rune Giant,12,Melee: Medium,,1.5,2922,132,88,,,,,,,,,,241,,,,,,,,,,,,,,,,,
Troop,Rune Giant,13,Melee: Medium,,1.5,3213,145,96,,,,,,,,,,265,,,,,,,,,,,,,,,,,
Troop,Rune Giant,14,Melee: Medium,,1.5,3525,159,106,,,,,,,,,,291,,,,,,,,,,,,,,,,,
Troop,Rune Giant,15,Melee: Medium,,1.5,3868,174,116,,,,,,,,,,319,,,,,,,,,,,,,,,,,
Troop,Rune Giant,16,Melee: Medium,,1.5,4253,192,128,,,,,,,,,,351,,,,,,,,,,,,,,,,,
Troop,Rune Giant,17,Melee: Medium,,1.5,4680,211,140,,,,,,,,,,387,,,,,,,,,,,,,,,,,
Troop,Rune Giant,18,Melee: Medium,,1.5,5148,232,154,,,,,,,,,,425,,,,,,,,,,,,,,,,,
Troop,Berserker,1,Melee: Short,,0.6,350,40,66,,,,,,,,,,,,,,,,,,,,,,,,,,,
Troop,Berserker,2,Melee: Short,,0.6,385,44,73,,,,,,,,,,,,,,,,,,,,,,,,,,,
Troop,Berserker,3,Melee: Short,,0.6,423,48,80,,,,,,,,,,,,,,,,,,,,,,,,,,,
Troop,Berserker,4,Melee: Short,,0.6,465,53,88,,,,,,,,,,,,,,,,,,,,,,,,,,,
Troop,Berserker,5,Melee: Short,,0.6,511,58,96,,,,,,,,,,,,,,,,,,,,,,,,,,,
Troop,Berserker,6,Melee: Short,,0.6,560,64,106,,,,,,,,,,,,,,,,,,,,,,,,,,,
Troop,Berserker,7,Melee: Short,,0.6,616,70,116,,,,,,,,,,,,,,,,,,,,,,,,,,,
Troop,Berserker,8,Melee: Short,,0.6,675,77,128,,,,,,,,,,,,,,,,,,,,,,,,,,,
Troop,Berserker,9,Melee: Short,,0.6,742,84,140,,,,,,,,,,,,,,,,,,,,,,,,,,,
Troop,Berserker,10,Melee: Short,,0.6,815,93,155,,,,,,,,,,,,,,,,,,,,,,,,,,,
Troop,Berserker,11,Melee: Short,,0.6,896,102,170,,,,,,,,,,,,,,,,,,,,,,,,,,,
Troop,Berserker,12,Melee: Short,,0.6,983,112,186,,,,,,,,,,,,,,,,,,,,,,,,,,,
Troop,Berserker,13,Melee: Short,,0.6,1081,123,205,,,,,,,,,,,,,,,,,,,,,,,,,,,
Troop,Berserker,14,Melee: Short,,0.6,1186,135,225,,,,,,,,,,,,,,,,,,,,,,,,,,,
Troop,Berserker,15,Melee: Short,,0.6,1302,148,246,,,,,,,,,,,,,,,,,,,,,,,,,,,
Troop,Berserker,16,Melee: Short,,0.6,1431,163,271,,,,,,,,,,,,,,,,,,,,,,,,,,,
Troop,Berserker,17,Melee: Short,,0.6,1575,180,300,,,,,,,,,,,,,,,,,,,,,,,,,,,
Troop,Berserker,18,Melee: Short,,0.6,1732,198,330,,,,,,,,,,,,,,,,,,,,,,,,,,,
Building,Barbarian Hut,1,,,,455,,,,,,,,,,,,,,,,,,,,,,,,,,,,,
Building,Barbarian Hut,2,,,,500,,,,,,,,,,,,,,,,,,,,,,,,,,,,,
Building,Barbarian Hut,3,,,,550,,,,,,,,,,,,,,,,,,,,,,,,,,,,,
Building,Barbarian Hut,4,,,,605,,,,,,,,,,,,,,,,,,,,,,,,,,,,,
Building,Barbarian Hut,5,,,,664,,,,,,,,,,,,,,,,,,,,,,,,,,,,,
Building,Barbarian Hut,6,,,,728,,,,,,,,,,,,,,,,,,,,,,,,,,,,,
Building,Barbarian Hut,7,,,,800,,,,,,,,,,,,,,,,,,,,,,,,,,,,,
Building,Barbarian Hut,8,,,,878,,,,,,,,,,,,,,,,,,,,,,,,,,,,,
Building,Barbarian Hut,9,,,,964,,,,,,,,,,,,,,,,,,,,,,,,,,,,,
Building,Barbarian Hut,10,,,,1060,,,,,,,,,,,,,,,,,,,,,,,,,,,,,
Building,Barbarian Hut,11,,,,1164,,,,,,,,,,,,,,,,,,,,,,,,,,,,,
Building,Barbarian Hut,12,,,,1278,,,,,,,,,,,,,,,,,,,,,,,,,,,,,
Building,Barbarian Hut,13,,,,1405,,,,,,,,,,,,,,,,,,,,,,,,,,,,,
Building,Barbarian Hut,14,,,,1542,,,,,,,,,,,,,,,,,,,,,,,,,,,,,
Building,Barbarian Hut,15,,,,1692,,,,,,,,,,,,,,,,,,,,,,,,,,,,,
Building,Barbarian Hut,16,,,,1860,,,,,,,,,,,,,,,,,,,,,,,,,,,,,
Building,Barbarian Hut,17,,,,2047,,,,,,,,,,,,,,,,,,,,,,,,,,,,,
Building,Barbarian Hut,18,,,,2252,,,,,,,,,,,,,,,,,,,,,,,,,,,,,
Spell,Poison,1,,3.5,,,,36,9,,,,,,,,,,,,,,,,,,,,,,,,,,
Spell,Poison,2,,3.5,,,,39,10,,,,,,,,,,,,,,,,,,,,,,,,,,
Spell,Poison,3,,3.5,,,,43,11,,,,,,,,,,,,,,,,,,,,,,,,,,
Spell,Poison,4,,3.5,,,,47,12,,,,,,,,,,,,,,,,,,,,,,,,,,
Spell,Poison,5,,3.5,,,,52,13,,,,,,,,,,,,,,,,,,,,,,,,,,
Spell,Poison,6,,3.5,,,,57,15,,,,,,,,,,,,,,,,,,,,,,,,,,
Spell,Poison,7,,3.5,,,,63,16,,,,,,,,,,,,,,,,,,,,,,,,,,
Spell,Poison,8,,3.5,,,,69,18,,,,,,,,,,,,,,,,,,,,,,,,,,
Spell,Poison,9,,3.5,,,,76,19,,,,,,,,,,,,,,,,,,,,,,,,,,
Spell,Poison,10,,3.5,,,,83,21,,,,,,,,,,,,,,,,,,,,,,,,,,
Spell,Poison,11,,3.5,,,,92,23,,,,,,,,,,,,,,,,,,,,,,,,,,
Spell,Poison,12,,3.5,,,,101,26,,,,,,,,,,,,,,,,,,,,,,,,,,
Spell,Poison,13,,3.5,,,,111,28,,,,,,,,,,,,,,,,,,,,,,,,,,
Spell,Poison,14,,3.5,,,,122,31,,,,,,,,,,,,,,,,,,,,,,,,,,
Spell,Poison,15,,3.5,,,,133,34,,,,,,,,,,,,,,,,,,,,,,,,,,
Spell,Poison,16,,3.5,,,,147,37,,,,,,,,,,,,,,,,,,,,,,,,,,
Spell,Poison,17,,3.5,,,,162,41,,,,,,,,,,,,,,,,,,,,,,,,,,
Spell,Poison,18,,3.5,,,,178,45,,,,,,,,,,,,,,,,,,,,,,,,,,
Spell,Barbarian Barrel,1,4.5,,,,91,,,,,,,,,,,,,,,,,,,,,,,,,,,,
Spell,Barbarian Barrel,2,4.5,,,,100,,,,,,,,,,,,,,,,,,,,,,,,,,,,
Spell,Barbarian Barrel,3,4.5,,,,110,,,,,,,,,,,,,,,,,,,,,,,,,,,,
Spell,Barbarian Barrel,4,4.5,,,,121,,,,,,,,,,,,,,,,,,,,,,,,,,,,
Spell,Barbarian Barrel,5,4.5,,,,132,,,,,,,,,,,,,,,,,,,,,,,,,,,,
Spell,Barbarian Barrel,6,4.5,,,,145,,,,,,,,,,,,,,,,,,,,,,,,,,,,
Spell,Barbarian Barrel,7,4.5,,,,160,,,,,,,,,,,,,,,,,,,,,,,,,,,,
Spell,Barbarian Barrel,8,4.5,,,,175,,,,,,,,,,,,,,,,,,,,,,,,,,,,
Spell,Barbarian Barrel,9,4.5,,,,192,,,,,,,,,,,,,,,,,,,,,,,,,,,,
Spell,Barbarian Barrel,10,4.5,,,,212,,,,,,,,,,,,,,,,,,,,,,,,,,,,
Spell,Barbarian Barrel,11,4.5,,,,232,,,,,,,,,,,,,,,,,,,,,,,,,,,,
Spell,Barbarian Barrel,12,4.5,,,,255,,,,,,,,,,,,,,,,,,,,,,,,,,,,
Spell,Barbarian Barrel,13,4.5,,,,281,,,,,,,,,,,,,,,,,,,,,,,,,,,,
Spell,Barbarian Barrel,14,4.5,,,,308,,,,,,,,,,,,,,,,,,,,,,,,,,,,
Spell,Barbarian Barrel,15,4.5,,,,338,,,,,,,,,,,,,,,,,,,,,,,,,,,,
Spell,Barbarian Barrel,16,4.5,,,,372,,,,,,,,,,,,,,,,,,,,,,,,,,,,
Spell,Barbarian Barrel,17,4.5,,,,409,,,,,,,,,,,,,,,,,,,,,,,,,,,,
Spell,Barbarian Barrel,18,4.5,,,,450,,,,,,,,,,,,,,,,,,,,,,,,,,,,
Troop,Golem,1,Melee: Short,,2.5,2000,122,48,,,,,,,88,,,,,,,,,,,,,,,,,,,,
Troop,Golem,2,Melee: Short,,2.5,2200,134,53,,,,,,,96,,,,,,,,,,,,,,,,,,,,
Troop,Golem,3,Melee: Short,,2.5,2420,147,58,,,,,,,106,,,,,,,,,,,,,,,,,,,,
Troop,Golem,4,Melee: Short,,2.5,2660,162,64,,,,,,,117,,,,,,,,,,,,,,,,,,,,
Troop,Golem,5,Melee: Short,,2.5,2920,178,71,,,,,,,128,,,,,,,,,,,,,,,,,,,,
Troop,Golem,6,Melee: Short,,2.5,3200,195,78,,,,,,,140,,,,,,,,,,,,,,,,,,,,
Troop,Golem,7,Melee: Short,,2.5,3520,214,85,,,,,,,154,,,,,,,,,,,,,,,,,,,,
Troop,Golem,8,Melee: Short,,2.5,3860,235,94,,,,,,,169,,,,,,,,,,,,,,,,,,,,
Troop,Golem,9,Melee: Short,,2.5,4240,258,103,,,,,,,186,,,,,,,,,,,,,,,,,,,,
Troop,Golem,10,Melee: Short,,2.5,4660,284,113,,,,,,,205,,,,,,,,,,,,,,,,,,,,
Troop,Golem,11,Melee: Short,,2.5,5120,312,124,,,,,,,225,,,,,,,,,,,,,,,,,,,,
Troop,Golem,12,Melee: Short,,2.5,5620,342,136,,,,,,,247,,,,,,,,,,,,,,,,,,,,
Troop,Golem,13,Melee: Short,,2.5,6180,376,150,,,,,,,271,,,,,,,,,,,,,,,,,,,,
Troop,Golem,14,Melee: Short,,2.5,6780,413,165,,,,,,,298,,,,,,,,,,,,,,,,,,,,
Troop,Golem,15,Melee: Short,,2.5,7440,453,181,,,,,,,327,,,,,,,,,,,,,,,,,,,,
Troop,Golem,16,Melee: Short,,2.5,8180,498,199,,,,,,,359,,,,,,,,,,,,,,,,,,,,
Troop,Golem,17,Melee: Short,,2.5,9000,549,219,,,,,,,396,,,,,,,,,,,,,,,,,,,,
Troop,Golem,18,Melee: Short,,2.5,9900,603,241,,,,,,,435,,,,,,,,,,,,,,,,,,,,
Troop,Golemite,1,Melee: Short,,2.5,406,33,13,,,,,,,39,,,,,,,,,,,,,,,,,,,,
Troop,Golemite,2,Melee: Short,,2.5,446,36,14,,,,,,,42,,,,,,,,,,,,,,,,,,,,
Troop,Golemite,3,Melee: Short,,2.5,491,39,15,,,,,,,47,,,,,,,,,,,,,,,,,,,,
Troop,Golemite,4,Melee: Short,,2.5,539,43,17,,,,,,,51,,,,,,,,,,,,,,,,,,,,
Troop,Golemite,5,Melee: Short,,2.5,592,48,19,,,,,,,56,,,,,,,,,,,,,,,,,,,,
Troop,Golemite,6,Melee: Short,,2.5,649,52,20,,,,,,,62,,,,,,,,,,,,,,,,,,,,
Troop,Golemite,7,Melee: Short,,2.5,714,58,23,,,,,,,68,,,,,,,,,,,,,,,,,,,,
Troop,Golemite,8,Melee: Short,,2.5,783,63,25,,,,,,,75,,,,,,,,,,,,,,,,,,,,
Troop,Golemite,9,Melee: Short,,2.5,860,69,27,,,,,,,82,,,,,,,,,,,,,,,,,,,,
Troop,Golemite,10,Melee: Short,,2.5,945,76,30,,,,,,,90,,,,,,,,,,,,,,,,,,,,
Troop,Golemite,11,Melee: Short,,2.5,1039,84,33,,,,,,,99,,,,,,,,,,,,,,,,,,,,
Troop,Golemite,12,Melee: Short,,2.5,1140,92,36,,,,,,,109,,,,,,,,,,,,,,,,,,,,
Troop,Golemite,13,Melee: Short,,2.5,1254,101,40,,,,,,,120,,,,,,,,,,,,,,,,,,,,
Troop,Golemite,14,Melee: Short,,2.5,1376,111,44,,,,,,,132,,,,,,,,,,,,,,,,,,,,
Troop,Golemite,15,Melee: Short,,2.5,1510,122,48,,,,,,,145,,,,,,,,,,,,,,,,,,,,
Troop,Golemite,16,Melee: Short,,2.5,1660,134,53,,,,,,,159,,,,,,,,,,,,,,,,,,,,
Troop,Golemite,17,Melee: Short,,2.5,1827,148,59,,,,,,,175,,,,,,,,,,,,,,,,,,,,
Troop,Golemite,18,Melee: Short,,2.5,2009,163,65,,,,,,,193,,,,,,,,,,,,,,,,,,,,
Troop,Elite Barbarian,1,Melee: Medium,,1.4,524,150,107,,,,,,,,,,,,,,,,,,,,,,,,,,,
Troop,Elite Barbarian,2,Melee: Medium,,1.4,576,165,117,,,,,,,,,,,,,,,,,,,,,,,,,,,
Troop,Elite Barbarian,3,Melee: Medium,,1.4,634,181,129,,,,,,,,,,,,,,,,,,,,,,,,,,,
Troop,Elite Barbarian,4,Melee: Medium,,1.4,696,199,142,,,,,,,,,,,,,,,,,,,,,,,,,,,
Troop,Elite Barbarian,5,Melee: Medium,,1.4,765,219,156,,,,,,,,,,,,,,,,,,,,,,,,,,,
Troop,Elite Barbarian,6,Melee: Medium,,1.4,838,240,171,,,,,,,,,,,,,,,,,,,,,,,,,,,
Troop,Elite Barbarian,7,Melee: Medium,,1.4,922,264,188,,,,,,,,,,,,,,,,,,,,,,,,,,,
Troop,Elite Barbarian,8,Melee: Medium,,1.4,1011,289,206,,,,,,,,,,,,,,,,,,,,,,,,,,,
Troop,Elite Barbarian,9,Melee: Medium,,1.4,1110,318,227,,,,,,,,,,,,,,,,,,,,,,,,,,,
Troop,Elite Barbarian,10,Melee: Medium,,1.4,1220,349,249,,,,,,,,,,,,,,,,,,,,,,,,,,,
Troop,Elite Barbarian,11,Melee: Medium,,1.4,1341,384,274,,,,,,,,,,,,,,,,,,,,,,,,,,,
Troop,Elite Barbarian,12,Melee: Medium,,1.4,1472,421,300,,,,,,,,,,,,,,,,,,,,,,,,,,,
Troop,Elite Barbarian,13,Melee: Medium,,1.4,1619,463,330,,,,,,,,,,,,,,,,,,,,,,,,,,,
Troop,Elite Barbarian,14,Melee: Medium,,1.4,1776,508,362,,,,,,,,,,,,,,,,,,,,,,,,,,,
Troop,Elite Barbarian,15,Melee: Medium,,1.4,1949,558,398,,,,,,,,,,,,,,,,,,,,,,,,,,,
Troop,Elite Barbarian,16,Melee: Medium,,1.4,2143,613,437,,,,,,,,,,,,,,,,,,,,,,,,,,,
Troop,Elite Barbarian,17,Melee: Medium,,1.4,2358,675,482,,,,,,,,,,,,,,,,,,,,,,,,,,,
Troop,Elite Barbarian,18,Melee: Medium,,1.4,2593,742,530,,,,,,,,,,,,,,,,,,,,,,,,,,,
Troop,Hunter,1,4,,2.2,346,33,15,,,,,,,,,,,10,,,,,,,,,,,,,,,,
Troop,Hunter,2,4,,2.2,380,36,16,,,,,,,,,,,10,,,,,,,,,,,,,,,,
Troop,Hunter,3,4,,2.2,418,39,17,,,,,,,,,,,10,,,,,,,,,,,,,,,,
Troop,Hunter,4,4,,2.2,460,43,19,,,,,,,,,,,10,,,,,,,,,,,,,,,,
Troop,Hunter,5,4,,2.2,505,48,21,,,,,,,,,,,10,,,,,,,,,,,,,,,,
Troop,Hunter,6,4,,2.2,553,52,23,,,,,,,,,,,10,,,,,,,,,,,,,,,,
Troop,Hunter,7,4,,2.2,608,58,26,,,,,,,,,,,10,,,,,,,,,,,,,,,,
Troop,Hunter,8,4,,2.2,667,63,28,,,,,,,,,,,10,,,,,,,,,,,,,,,,
Troop,Hunter,9,4,,2.2,733,69,31,,,,,,,,,,,10,,,,,,,,,,,,,,,,
Troop,Hunter,10,4,,2.2,806,76,34,,,,,,,,,,,10,,,,,,,,,,,,,,,,
Troop,Hunter,11,4,,2.2,885,84,38,,,,,,,,,,,10,,,,,,,,,,,,,,,,
Troop,Hunter,12,4,,2.2,972,92,41,,,,,,,,,,,10,,,,,,,,,,,,,,,,
Troop,Hunter,13,4,,2.2,1069,101,45,,,,,,,,,,,10,,,,,,,,,,,,,,,,
Troop,Hunter,14,4,,2.2,1172,111,50,,,,,,,,,,,10,,,,,,,,,,,,,,,,
Troop,Hunter,15,4,,2.2,1287,122,55,,,,,,,,,,,10,,,,,,,,,,,,,,,,
Troop,Hunter,16,4,,2.2,1415,134,60,,,,,,,,,,,10,,,,,,,,,,,,,,,,
Troop,Hunter,17,4,,2.2,1557,148,67,,,,,,,,,,,10,,,,,,,,,,,,,,,,
Troop,Hunter,18,4,,2.2,1712,163,74,,,,,,,,,,,10,,,,,,,,,,,,,,,,
Troop,Zappies,1,4.5,,2.1,207,46,21,,,,,,,,,,,,,,,,,,,,,,,,,,,
Troop,Zappies,2,4.5,,2.1,227,50,23,,,,,,,,,,,,,,,,,,,,,,,,,,,
Troop,Zappies,3,4.5,,2.1,250,55,26,,,,,,,,,,,,,,,,,,,,,,,,,,,
Troop,Zappies,4,4.5,,2.1,275,61,29,,,,,,,,,,,,,,,,,,,,,,,,,,,
Troop,Zappies,5,4.5,,2.1,302,67,31,,,,,,,,,,,,,,,,,,,,,,,,,,,
Troop,Zappies,6,4.5,,2.1,331,73,34,,,,,,,,,,,,,,,,,,,,,,,,,,,
Troop,Zappies,7,4.5,,2.1,364,80,38,,,,,,,,,,,,,,,,,,,,,,,,,,,
Troop,Zappies,8,4.5,,2.1,399,88,41,,,,,,,,,,,,,,,,,,,,,,,,,,,
Troop,Zappies,9,4.5,,2.1,438,97,46,,,,,,,,,,,,,,,,,,,,,,,,,,,
Troop,Zappies,10,4.5,,2.1,482,107,50,,,,,,,,,,,,,,,,,,,,,,,,,,,
Troop,Zappies,11,4.5,,2.1,529,117,55,,,,,,,,,,,,,,,,,,,,,,,,,,,
Troop,Zappies,12,4.5,,2.1,581,129,61,,,,,,,,,,,,,,,,,,,,,,,,,,,
Troop,Zappies,13,4.5,,2.1,639,142,67,,,,,,,,,,,,,,,,,,,,,,,,,,,
Troop,Zappies,14,4.5,,2.1,701,155,73,,,,,,,,,,,,,,,,,,,,,,,,,,,
Troop,Zappies,15,4.5,,2.1,770,171,81,,,,,,,,,,,,,,,,,,,,,,,,,,,
Troop,Zappies,16,4.5,,2.1,846,188,89,,,,,,,,,,,,,,,,,,,,,,,,,,,
Troop,Zappies,17,4.5,,2.1,931,207,98,,,,,,,,,,,,,,,,,,,,,,,,,,,
Troop,Zappies,18,4.5,,2.1,1024,227,108,,,,,,,,,,,,,,,,,,,,,,,,,,,
Building,Tesla,1,5.5,,1.1,450,86,78,,,,,,,,,,,,,,,,,,,,,,,,,,,
Building,Tesla,2,5.5,,1.1,495,94,85,,,,,,,,,,,,,,,,,,,,,,,,,,,
Building,Tesla,3,5.5,,1.1,544,104,94,,,,,,,,,,,,,,,,,,,,,,,,,,,
Building,Tesla,4,5.5,,1.1,598,114,103,,,,,,,,,,,,,,,,,,,,,,,,,,,
Building,Tesla,5,5.5,,1.1,657,125,113,,,,,,,,,,,,,,,,,,,,,,,,,,,
Building,Tesla,6,5.5,,1.1,720,137,124,,,,,,,,,,,,,,,,,,,,,,,,,,,
Building,Tesla,7,5.5,,1.1,792,151,137,,,,,,,,,,,,,,,,,,,,,,,,,,,
Building,Tesla,8,5.5,,1.1,868,165,150,,,,,,,,,,,,,,,,,,,,,,,,,,,
Building,Tesla,9,5.5,,1.1,954,182,165,,,,,,,,,,,,,,,,,,,,,,,,,,,
Building,Tesla,10,5.5,,1.1,1048,200,181,,,,,,,,,,,,,,,,,,,,,,,,,,,
Building,Tesla,11,5.5,,1.1,1152,220,200,,,,,,,,,,,,,,,,,,,,,,,,,,,
Building,Tesla,12,5.5,,1.1,1264,241,219,,,,,,,,,,,,,,,,,,,,,,,,,,,
Building,Tesla,13,5.5,,1.1,1390,265,240,,,,,,,,,,,,,,,,,,,,,,,,,,,
Building,Tesla,14,5.5,,1.1,1525,291,264,,,,,,,,,,,,,,,,,,,,,,,,,,,
Building,Tesla,15,5.5,,1.1,1674,319,290,,,,,,,,,,,,,,,,,,,,,,,,,,,
Building,Tesla,16,5.5,,1.1,1840,351,319,,,,,,,,,,,,,,,,,,,,,,,,,,,
Building,Tesla,17,5.5,,1.1,2025,387,351,,,,,,,,,,,,,,,,,,,,,,,,,,,
Building,Tesla,18,5.5,,1.1,2227,425,386,,,,,,,,,,,,,,,,,,,,,,,,,,,
Building,X-Bow,1,11.5,,0.3,625,17,56,,,,,,,,,,,,,,,,,,,,,,,,,,,
Building,X-Bow,2,11.5,,0.3,687,18,60,,,,,,,,,,,,,,,,,,,,,,,,,,,
Building,X-Bow,3,11.5,,0.3,756,20,66,,,,,,,,,,,,,,,,,,,,,,,,,,,
Building,X-Bow,4,11.5,,0.3,831,22,73,,,,,,,,,,,,,,,,,,,,,,,,,,,
Building,X-Bow,5,11.5,,0.3,912,24,80,,,,,,,,,,,,,,,,,,,,,,,,,,,
Building,X-Bow,6,11.5,,0.3,1000,27,90,,,,,,,,,,,,,,,,,,,,,,,,,,,
Building,X-Bow,7,11.5,,0.3,1100,29,96,,,,,,,,,,,,,,,,,,,,,,,,,,,
Building,X-Bow,8,11.5,,0.3,1206,32,106,,,,,,,,,,,,,,,,,,,,,,,,,,,
Building,X-Bow,9,11.5,,0.3,1325,36,120,,,,,,,,,,,,,,,,,,,,,,,,,,,
Building,X-Bow,10,11.5,,0.3,1456,39,130,,,,,,,,,,,,,,,,,,,,,,,,,,,
Building,X-Bow,11,11.5,,0.3,1600,43,143,,,,,,,,,,,,,,,,,,,,,,,,,,,
Building,X-Bow,12,11.5,,0.3,1756,47,156,,,,,,,,,,,,,,,,,,,,,,,,,,,
Building,X-Bow,13,11.5,,0.3,1931,52,173,,,,,,,,,,,,,,,,,,,,,,,,,,,
Building,X-Bow,14,11.5,,0.3,2118,57,190,,,,,,,,,,,,,,,,,,,,,,,,,,,
Building,X-Bow,15,11.5,,0.3,2325,63,210,,,,,,,,,,,,,,,,,,,,,,,,,,,
Building,X-Bow,16,11.5,,0.3,2556,69,230,,,,,,,,,,,,,,,,,,,,,,,,,,,
Building,X-Bow,17,11.5,,0.3,2812,76,253,,,,,,,,,,,,,,,,,,,,,,,,,,,
Building,X-Bow,18,11.5,,0.3,3093,84,280,,,,,,,,,,,,,,,,,,,,,,,,,,,
Building,Furnace,1,6,,1.7,284,70,41,,,,,,,,,,,,,,,,,,,,,,,,,,,
Building,Furnace,2,6,,1.7,312,77,45,,,,,,,,,,,,,,,,,,,,,,,,,,,
Building,Furnace,3,6,,1.7,343,84,49,,,,,,,,,,,,,,,,,,,,,,,,,,,
Building,Furnace,4,6,,1.7,377,93,54,,,,,,,,,,,,,,,,,,,,,,,,,,,
Building,Furnace,5,6,,1.7,414,102,60,,,,,,,,,,,,,,,,,,,,,,,,,,,
Building,Furnace,6,6,,1.7,454,112,65,,,,,,,,,,,,,,,,,,,,,,,,,,,
Building,Furnace,7,6,,1.7,499,123,72,,,,,,,,,,,,,,,,,,,,,,,,,,,
Building,Furnace,8,6,,1.7,548,135,79,,,,,,,,,,,,,,,,,,,,,,,,,,,
Building,Furnace,9,6,,1.7,602,148,87,,,,,,,,,,,,,,,,,,,,,,,,,,,
Building,Furnace,10,6,,1.7,661,163,95,,,,,,,,,,,,,,,,,,,,,,,,,,,
Building,Furnace,11,6,,1.7,727,179,105,,,,,,,,,,,,,,,,,,,,,,,,,,,
Building,Furnace,12,6,,1.7,798,196,115,,,,,,,,,,,,,,,,,,,,,,,,,,,
Building,Furnace,13,6,,1.7,877,216,127,,,,,,,,,,,,,,,,,,,,,,,,,,,
Building,Furnace,14,6,,1.7,962,237,139,,,,,,,,,,,,,,,,,,,,,,,,,,,
Building,Furnace,15,6,,1.7,1056,260,152,,,,,,,,,,,,,,,,,,,,,,,,,,,
Building,Furnace,16,6,,1.7,1161,286,168,,,,,,,,,,,,,,,,,,,,,,,,,,,
Building,Furnace,17,6,,1.7,1278,315,185,,,,,,,,,,,,,,,,,,,,,,,,,,,
Building,Furnace,18,6,,1.7,1405,346,203,,,,,,,,,,,,,,,,,,,,,,,,,,,
Tower Troop,Dagger Duchess,1,7.5,,0.5,1270,42,84,,,,,,,,,,,,,,,,,,,,,,,,,,,
Tower Troop,Dagger Duchess,2,7.5,,0.5,1371,46,92,,,,,,,,,,,,,,,,,,,,,,,,,,,
Tower Troop,Dagger Duchess,3,7.5,,0.5,1473,50,100,,,,,,,,,,,,,,,,,,,,,,,,,,,
Tower Troop,Dagger Duchess,4,7.5,,0.5,1587,55,110,,,,,,,,,,,,,,,,,,,,,,,,,,,
Tower Troop,Dagger Duchess,5,7.5,,0.5,1714,61,122,,,,,,,,,,,,,,,,,,,,,,,,,,,
Tower Troop,Dagger Duchess,6,7.5,,0.5,1841,67,134,,,,,,,,,,,,,,,,,,,,,,,,,,,
Tower Troop,Dagger Duchess,7,7.5,,0.5,1981,73,146,,,,,,,,,,,,,,,,,,,,,,,,,,,
Tower Troop,Dagger Duchess,8,7.5,,0.5,2133,81,162,,,,,,,,,,,,,,,,,,,,,,,,,,,
Tower Troop,Dagger Duchess,9,7.5,,0.5,2298,89,178,,,,,,,,,,,,,,,,,,,,,,,,,,,
Tower Troop,Dagger Duchess,10,7.5,,0.5,2527,97,194,,,,,,,,,,,,,,,,,,,,,,,,,,,
Tower Troop,Dagger Duchess,11,7.5,,0.5,2768,107,214,,,,,,,,,,,,,,,,,,,,,,,,,,,
Tower Troop,Dagger Duchess,12,7.5,,0.5,3035,118,236,,,,,,,,,,,,,,,,,,,,,,,,,,,
Tower Troop,Dagger Duchess,13,7.5,,0.5,3327,129,258,,,,,,,,,,,,,,,,,,,,,,,,,,,
Tower Troop,Dagger Duchess,14,7.5,,0.5,3657,142,284,,,,,,,,,,,,,,,,,,,,,,,,,,,
Tower Troop,Dagger Duchess,15,7.5,,0.5,4013,156,312,,,,,,,,,,,,,,,,,,,,,,,,,,,
Tower Troop,Dagger Duchess,16,7.5,,0.5,NaN,171,342,,,,,,,,,,,,,,,,,,,,,,,,,,,
Tower Troop,Dagger Duchess,17,7.5,,0.5,NaN,189,378,,,,,,,,,,,,,,,,,,,,,,,,,,,
Tower Troop,Dagger Duchess,18,7.5,,0.5,NaN,207,414,,,,,,,,,,,,,,,,,,,,,,,,,,,
Troop,Princess,1,9,,3,102,66,22,,,,,,,,,,,,,,,,,,,,,,,,,,,
Troop,Princess,2,9,,3,112,72,24,,,,,,,,,,,,,,,,,,,,,,,,,,,
Troop,Princess,3,9,,3,123,79,26,,,,,,,,,,,,,,,,,,,,,,,,,,,
Troop,Princess,4,9,,3,135,87,29,,,,,,,,,,,,,,,,,,,,,,,,,,,
Troop,Princess,5,9,,3,148,96,32,,,,,,,,,,,,,,,,,,,,,,,,,,,
Troop,Princess,6,9,,3,163,105,35,,,,,,,,,,,,,,,,,,,,,,,,,,,
Troop,Princess,7,9,,3,179,116,38,,,,,,,,,,,,,,,,,,,,,,,,,,,
Troop,Princess,8,9,,3,196,127,42,,,,,,,,,,,,,,,,,,,,,,,,,,,
Troop,Princess,9,9,,3,216,139,46,,,,,,,,,,,,,,,,,,,,,,,,,,,
Troop,Princess,10,9,,3,237,153,51,,,,,,,,,,,,,,,,,,,,,,,,,,,
Troop,Princess,11,9,,3,261,168,56,,,,,,,,,,,,,,,,,,,,,,,,,,,
Troop,Princess,12,9,,3,286,185,61,,,,,,,,,,,,,,,,,,,,,,,,,,,
Troop,Princess,13,9,,3,315,203,67,,,,,,,,,,,,,,,,,,,,,,,,,,,
Troop,Princess,14,9,,3,345,223,74,,,,,,,,,,,,,,,,,,,,,,,,,,,
Troop,Princess,15,9,,3,379,245,81,,,,,,,,,,,,,,,,,,,,,,,,,,,
Troop,Princess,16,9,,3,417,269,89,,,,,,,,,,,,,,,,,,,,,,,,,,,
Troop,Princess,17,9,,3,459,297,99,,,,,,,,,,,,,,,,,,,,,,,,,,,
Troop,Princess,18,9,,3,504,326,108,,,,,,,,,,,,,,,,,,,,,,,,,,,
Troop,Miner,1,Melee: Medium,,1.3,473,76,58,19,,,,,,,,,,,,,,,,,,,,,,,,,,
Troop,Miner,2,Melee: Medium,,1.3,520,83,63,21,,,,,,,,,,,,,,,,,,,,,,,,,,
Troop,Miner,3,Melee: Medium,,1.3,572,91,70,23,,,,,,,,,,,,,,,,,,,,,,,,,,
Troop,Miner,4,Melee: Medium,,1.3,629,101,77,26,,,,,,,,,,,,,,,,,,,,,,,,,,
Troop,Miner,5,Melee: Medium,,1.3,690,110,84,28,,,,,,,,,,,,,,,,,,,,,,,,,,
Troop,Miner,6,Melee: Medium,,1.3,756,121,93,31,,,,,,,,,,,,,,,,,,,,,,,,,,
Troop,Miner,7,Melee: Medium,,1.3,832,133,102,34,,,,,,,,,,,,,,,,,,,,,,,,,,
Troop,Miner,8,Melee: Medium,,1.3,912,146,112,37,,,,,,,,,,,,,,,,,,,,,,,,,,
Troop,Miner,9,Melee: Medium,,1.3,1002,161,123,41,,,,,,,,,,,,,,,,,,,,,,,,,,
Troop,Miner,10,Melee: Medium,,1.3,1102,177,136,45,,,,,,,,,,,,,,,,,,,,,,,,,,
Troop,Miner,11,Melee: Medium,,1.3,1210,194,149,49,,,,,,,,,,,,,,,,,,,,,,,,,,
Troop,Miner,12,Melee: Medium,,1.3,1329,213,163,54,,,,,,,,,,,,,,,,,,,,,,,,,,
Troop,Miner,13,Melee: Medium,,1.3,1461,234,180,59,,,,,,,,,,,,,,,,,,,,,,,,,,
Troop,Miner,14,Melee: Medium,,1.3,1603,257,197,65,,,,,,,,,,,,,,,,,,,,,,,,,,
Troop,Miner,15,Melee: Medium,,1.3,1759,282,216,71,,,,,,,,,,,,,,,,,,,,,,,,,,
Troop,Miner,16,Melee: Medium,,1.3,1934,310,238,78,,,,,,,,,,,,,,,,,,,,,,,,,,
Troop,Miner,17,Melee: Medium,,1.3,2128,342,263,86,,,,,,,,,,,,,,,,,,,,,,,,,,
Troop,Miner,18,Melee: Medium,,1.3,2341,376,289,94,,,,,,,,,,,,,,,,,,,,,,,,,,
Troop,Sparky,1,5,,4,567,520,130,,,,,,,,,,,,,,,,,,,,,,,,,,,
Troop,Sparky,2,5,,4,623,572,143,,,,,,,,,,,,,,,,,,,,,,,,,,,
Troop,Sparky,3,5,,4,686,629,157,,,,,,,,,,,,,,,,,,,,,,,,,,,
Troop,Sparky,4,5,,4,754,691,172,,,,,,,,,,,,,,,,,,,,,,,,,,,
Troop,Sparky,5,5,,4,827,759,189,,,,,,,,,,,,,,,,,,,,,,,,,,,
Troop,Sparky,6,5,,4,907,832,208,,,,,,,,,,,,,,,,,,,,,,,,,,,
Troop,Sparky,7,5,,4,997,915,228,,,,,,,,,,,,,,,,,,,,,,,,,,,
Troop,Sparky,8,5,,4,1094,1003,250,,,,,,,,,,,,,,,,,,,,,,,,,,,
Troop,Sparky,9,5,,4,1202,1102,275,,,,,,,,,,,,,,,,,,,,,,,,,,,
Troop,Sparky,10,5,,4,1321,1211,302,,,,,,,,,,,,,,,,,,,,,,,,,,,
Troop,Sparky,11,5,,4,1451,1331,332,,,,,,,,,,,,,,,,,,,,,,,,,,,
Troop,Sparky,12,5,,4,1593,1461,365,,,,,,,,,,,,,,,,,,,,,,,,,,,
Troop,Sparky,13,5,,4,1752,1606,401,,,,,,,,,,,,,,,,,,,,,,,,,,,
Troop,Sparky,14,5,,4,1922,1762,440,,,,,,,,,,,,,,,,,,,,,,,,,,,
Troop,Sparky,15,5,,4,2109,1934,483,,,,,,,,,,,,,,,,,,,,,,,,,,,
Troop,Sparky,16,5,,4,2319,2126,531,,,,,,,,,,,,,,,,,,,,,,,,,,,
Troop,Sparky,17,5,,4,2551,2340,585,,,,,,,,,,,,,,,,,,,,,,,,,,,
Troop,Sparky,18,5,,4,2806,2574,643,,,,,,,,,,,,,,,,,,,,,,,,,,,
Troop,Inferno Dragon,1,3.5,,0.4,506,,,,,14,165,412,,,,,,,,,,,,,,,,,,,,,,
Troop,Inferno Dragon,2,3.5,,0.4,556,,,,,15,181,452,,,,,,,,,,,,,,,,,,,,,,
Troop,Inferno Dragon,3,3.5,,0.4,612,,,,,16,199,497,,,,,,,,,,,,,,,,,,,,,,
Troop,Inferno Dragon,4,3.5,,0.4,672,,,,,18,219,547,,,,,,,,,,,,,,,,,,,,,,
Troop,Inferno Dragon,5,3.5,,0.4,738,,,,,20,240,600,,,,,,,,,,,,,,,,,,,,,,
Troop,Inferno Dragon,6,3.5,,0.4,809,,,,,22,264,660,,,,,,,,,,,,,,,,,,,,,,
Troop,Inferno Dragon,7,3.5,,0.4,890,,,,,24,290,725,,,,,,,,,,,,,,,,,,,,,,
Troop,Inferno Dragon,8,3.5,,0.4,976,,,,,27,318,795,,,,,,,,,,,,,,,,,,,,,,
Troop,Inferno Dragon,9,3.5,,0.4,1072,,,,,29,349,872,,,,,,,,,,,,,,,,,,,,,,
Troop,Inferno Dragon,10,3.5,,0.4,1178,,,,,32,384,960,,,,,,,,,,,,,,,,,,,,,,
Troop,Inferno Dragon,11,3.5,,0.4,1295,,,,,35,422,1055,,,,,,,,,,,,,,,,,,,,,,
Troop,Inferno Dragon,12,3.5,,0.4,1421,,,,,39,463,1157,,,,,,,,,,,,,,,,,,,,,,
Troop,Inferno Dragon,13,3.5,,0.4,1563,,,,,43,509,1272,,,,,,,,,,,,,,,,,,,,,,
Troop,Inferno Dragon,14,3.5,,0.4,1715,,,,,47,559,1397,,,,,,,,,,,,,,,,,,,,,,
Troop,Inferno Dragon,15,3.5,,0.4,1882,,,,,52,613,1532,,,,,,,,,,,,,,,,,,,,,,
Troop,Inferno Dragon,16,3.5,,0.4,2069,,,,,57,674,1685,,,,,,,,,,,,,,,,,,,,,,
Troop,Inferno Dragon,17,3.5,,0.4,2277,,,,,63,742,1855,,,,,,,,,,,,,,,,,,,,,,
Troop,Inferno Dragon,18,3.5,,0.4,2504,,,,,69,816,2040,,,,,,,,,,,,,,,,,,,,,,
Troop,Electro Wizard,1,,,,75,,,0,,,,,,,,,,,,,,,,,,,,,,,,,,
Troop,Electro Wizard,2,,,,82,,,0,,,,,,,,,,,,,,,,,,,,,,,,,,
Troop,Electro Wizard,3,,,,90,,,0,,,,,,,,,,,,,,,,,,,,,,,,,,
Troop,Electro Wizard,4,,,,99,,,0,,,,,,,,,,,,,,,,,,,,,,,,,,
Troop,Electro Wizard,5,,,,109,,,0,,,,,,,,,,,,,,,,,,,,,,,,,,
Troop,Electro Wizard,6,,,,120,,,0,,,,,,,,,,,,,,,,,,,,,,,,,,
Troop,Electro Wizard,7,,,,132,,,0,,,,,,,,,,,,,,,,,,,,,,,,,,
Troop,Electro Wizard,8,,,,144,,,0,,,,,,,,,,,,,,,,,,,,,,,,,,
Troop,Electro Wizard,9,,,,159,,,0,,,,,,,,,,,,,,,,,,,,,,,,,,
Troop,Electro Wizard,10,,,,174,,,0,,,,,,,,,,,,,,,,,,,,,,,,,,
Troop,Electro Wizard,11,,,,192,,,0,,,,,,,,,,,,,,,,,,,,,,,,,,
Troop,Electro Wizard,12,,,,210,,,0,,,,,,,,,,,,,,,,,,,,,,,,,,
Troop,Electro Wizard,13,,,,231,,,0,,,,,,,,,,,,,,,,,,,,,,,,,,
Troop,Electro Wizard,14,,,,254,,,0,,,,,,,,,,,,,,,,,,,,,,,,,,
Troop,Electro Wizard,15,,,,279,,,0,,,,,,,,,,,,,,,,,,,,,,,,,,
Troop,Electro Wizard,16,,,,306,,,0,,,,,,,,,,,,,,,,,,,,,,,,,,
Troop,Electro Wizard,17,,,,337,,,0,,,,,,,,,,,,,,,,,,,,,,,,,,
Troop,Electro Wizard,18,,,,371,,,0,,,,,,,,,,,,,,,,,,,,,,,,,,
Troop,Ram (Ram Rider),1,Melee: Short,,1.7,663,98,57,,196,,,,,,,,,,,,,,,,,,,,,,,,,
Troop,Ram (Ram Rider),2,Melee: Short,,1.7,729,107,62,,215,,,,,,,,,,,,,,,,,,,,,,,,,
Troop,Ram (Ram Rider),3,Melee: Short,,1.7,802,118,69,,237,,,,,,,,,,,,,,,,,,,,,,,,,
Troop,Ram (Ram Rider),4,Melee: Short,,1.7,881,130,76,,260,,,,,,,,,,,,,,,,,,,,,,,,,
Troop,Ram (Ram Rider),5,Melee: Short,,1.7,967,143,84,,286,,,,,,,,,,,,,,,,,,,,,,,,,
Troop,Ram (Ram Rider),6,Melee: Short,,1.7,1060,156,91,,313,,,,,,,,,,,,,,,,,,,,,,,,,
Troop,Ram (Ram Rider),7,Melee: Short,,1.7,1166,172,101,,344,,,,,,,,,,,,,,,,,,,,,,,,,
Troop,Ram (Ram Rider),8,Melee: Short,,1.7,1279,189,111,,378,,,,,,,,,,,,,,,,,,,,,,,,,
Troop,Ram (Ram Rider),9,Melee: Short,,1.7,1405,207,121,,415,,,,,,,,,,,,,,,,,,,,,,,,,
Troop,Ram (Ram Rider),10,Melee: Short,,1.7,1544,228,134,,456,,,,,,,,,,,,,,,,,,,,,,,,,
Troop,Ram (Ram Rider),11,Melee: Short,,1.7,1697,250,147,,501,,,,,,,,,,,,,,,,,,,,,,,,,
Troop,Ram (Ram Rider),12,Melee: Short,,1.7,1863,275,161,,550,,,,,,,,,,,,,,,,,,,,,,,,,
Troop,Ram (Ram Rider),13,Melee: Short,,1.7,2048,302,177,,605,,,,,,,,,,,,,,,,,,,,,,,,,
Troop,Ram (Ram Rider),14,Melee: Short,,1.7,2247,332,195,,664,,,,,,,,,,,,,,,,,,,,,,,,,
Troop,Ram (Ram Rider),15,Melee: Short,,1.7,2466,364,214,,729,,,,,,,,,,,,,,,,,,,,,,,,,
Troop,Ram (Ram Rider),16,Melee: Short,,1.7,2711,400,235,,801,,,,,,,,,,,,,,,,,,,,,,,,,
Troop,Ram (Ram Rider),17,Melee: Short,,1.7,2983,441,259,,882,,,,,,,,,,,,,,,,,,,,,,,,,
Troop,Ram (Ram Rider),18,Melee: Short,,1.7,3281,485,285,,970,,,,,,,,,,,,,,,,,,,,,,,,,
Troop,Rider (Ram Rider),1,5.5,,1.1,232,41,37,,,,,,,,,,,,,,,,,,,,,,,,,,,
Troop,Rider (Ram Rider),2,5.5,,1.1,255,45,40,,,,,,,,,,,,,,,,,,,,,,,,,,,
Troop,Rider (Ram Rider),3,5.5,,1.1,280,49,44,,,,,,,,,,,,,,,,,,,,,,,,,,,
Troop,Rider (Ram Rider),4,5.5,,1.1,308,54,49,,,,,,,,,,,,,,,,,,,,,,,,,,,
Troop,Rider (Ram Rider),5,5.5,,1.1,338,59,53,,,,,,,,,,,,,,,,,,,,,,,,,,,
Troop,Rider (Ram Rider),6,5.5,,1.1,371,65,59,,,,,,,,,,,,,,,,,,,,,,,,,,,
Troop,Rider (Ram Rider),7,5.5,,1.1,408,72,65,,,,,,,,,,,,,,,,,,,,,,,,,,,
Troop,Rider (Ram Rider),8,5.5,,1.1,447,79,71,,,,,,,,,,,,,,,,,,,,,,,,,,,
Troop,Rider (Ram Rider),9,5.5,,1.1,491,86,78,,,,,,,,,,,,,,,,,,,,,,,,,,,
Troop,Rider (Ram Rider),10,5.5,,1.1,540,95,86,,,,,,,,,,,,,,,,,,,,,,,,,,,
Troop,Rider (Ram Rider),11,5.5,,1.1,593,104,94,,,,,,,,,,,,,,,,,,,,,,,,,,,
Troop,Rider (Ram Rider),12,5.5,,1.1,651,115,104,,,,,,,,,,,,,,,,,,,,,,,,,,,
Troop,Rider (Ram Rider),13,5.5,,1.1,716,126,114,,,,,,,,,,,,,,,,,,,,,,,,,,,
Troop,Rider (Ram Rider),14,5.5,,1.1,786,138,125,,,,,,,,,,,,,,,,,,,,,,,,,,,
Troop,Rider (Ram Rider),15,5.5,,1.1,863,152,138,,,,,,,,,,,,,,,,,,,,,,,,,,,
Troop,Rider (Ram Rider),16,5.5,,1.1,948,167,151,,,,,,,,,,,,,,,,,,,,,,,,,,,
Troop,Rider (Ram Rider),17,5.5,,1.1,1044,184,167,,,,,,,,,,,,,,,,,,,,,,,,,,,
Troop,Rider (Ram Rider),18,5.5,,1.1,1148,202,183,,,,,,,,,,,,,,,,,,,,,,,,,,,
Troop,Mega Knight,1,Melee: Medium,,1.7,1560,105,61,,,,,,,,,,,,168,210,,,,,,,,,,,,,,
Troop,Mega Knight,2,Melee: Medium,,1.7,1716,115,67,,,,,,,,,,,,184,231,,,,,,,,,,,,,,
Troop,Mega Knight,3,Melee: Medium,,1.7,1887,127,74,,,,,,,,,,,,203,254,,,,,,,,,,,,,,
Troop,Mega Knight,4,Melee: Medium,,1.7,2074,139,81,,,,,,,,,,,,223,279,,,,,,,,,,,,,,
Troop,Mega Knight,5,Melee: Medium,,1.7,2277,153,90,,,,,,,,,,,,245,306,,,,,,,,,,,,,,
Troop,Mega Knight,6,Melee: Medium,,1.7,2496,168,98,,,,,,,,,,,,268,336,,,,,,,,,,,,,,
Troop,Mega Knight,7,Melee: Medium,,1.7,2745,184,108,,,,,,,,,,,,295,369,,,,,,,,,,,,,,
Troop,Mega Knight,8,Melee: Medium,,1.7,3010,202,118,,,,,,,,,,,,324,405,,,,,,,,,,,,,,
Troop,Mega Knight,9,Melee: Medium,,1.7,3307,222,130,,,,,,,,,,,,356,445,,,,,,,,,,,,,,
Troop,Mega Knight,10,Melee: Medium,,1.7,3634,244,143,,,,,,,,,,,,391,489,,,,,,,,,,,,,,
Troop,Mega Knight,11,Melee: Medium,,1.7,3993,268,157,,,,,,,,,,,,430,537,,,,,,,,,,,,,,
Troop,Mega Knight,12,Melee: Medium,,1.7,4383,295,173,,,,,,,,,,,,472,590,,,,,,,,,,,,,,
Troop,Mega Knight,13,Melee: Medium,,1.7,4820,324,190,,,,,,,,,,,,519,648,,,,,,,,,,,,,,
Troop,Mega Knight,14,Melee: Medium,,1.7,5288,355,208,,,,,,,,,,,,569,711,,,,,,,,,,,,,,
Troop,Mega Knight,15,Melee: Medium,,1.7,5803,390,229,,,,,,,,,,,,624,781,,,,,,,,,,,,,,
Troop,Mega Knight,16,Melee: Medium,,1.7,6380,429,252,,,,,,,,,,,,687,858,,,,,,,,,,,,,,
Troop,Mega Knight,17,Melee: Medium,,1.7,7020,472,277,,,,,,,,,,,,756,945,,,,,,,,,,,,,,
Troop,Mega Knight,18,Melee: Medium,,1.7,7722,519,305,,,,,,,,,,,,831,1039,,,,,,,,,,,,,,
Spell,The Log,1,10.1,,,,105,,16,,,,,,,,,,,,,,,,,,,,,,,,,,
Spell,The Log,2,10.1,,,,115,,18,,,,,,,,,,,,,,,,,,,,,,,,,,
Spell,The Log,3,10.1,,,,127,,20,,,,,,,,,,,,,,,,,,,,,,,,,,
Spell,The Log,4,10.1,,,,139,,21,,,,,,,,,,,,,,,,,,,,,,,,,,
Spell,The Log,5,10.1,,,,153,,23,,,,,,,,,,,,,,,,,,,,,,,,,,
Spell,The Log,6,10.1,,,,168,,26,,,,,,,,,,,,,,,,,,,,,,,,,,
Spell,The Log,7,10.1,,,,184,,28,,,,,,,,,,,,,,,,,,,,,,,,,,
Spell,The Log,8,10.1,,,,202,,31,,,,,,,,,,,,,,,,,,,,,,,,,,
Spell,The Log,9,10.1,,,,222,,34,,,,,,,,,,,,,,,,,,,,,,,,,,
Spell,The Log,10,10.1,,,,244,,37,,,,,,,,,,,,,,,,,,,,,,,,,,
Spell,The Log,11,10.1,,,,268,,41,,,,,,,,,,,,,,,,,,,,,,,,,,
Spell,The Log,12,10.1,,,,295,,45,,,,,,,,,,,,,,,,,,,,,,,,,,
Spell,The Log,13,10.1,,,,324,,49,,,,,,,,,,,,,,,,,,,,,,,,,,
Spell,The Log,14,10.1,,,,355,,54,,,,,,,,,,,,,,,,,,,,,,,,,,
Spell,The Log,15,10.1,,,,390,,59,,,,,,,,,,,,,,,,,,,,,,,,,,
Spell,The Log,16,10.1,,,,429,,65,,,,,,,,,,,,,,,,,,,,,,,,,,
Spell,The Log,17,10.1,,,,472,,71,,,,,,,,,,,,,,,,,,,,,,,,,,
Spell,The Log,18,10.1,,,,519,,78,,,,,,,,,,,,,,,,,,,,,,,,,,
Troop,Royal Ghost,1,Melee: Medium,,1.8,473,102,56,,,,,,,,,,,,,,,,,,,,,,,,,,,
Troop,Royal Ghost,2,Melee: Medium,,1.8,520,112,62,,,,,,,,,,,,,,,,,,,,,,,,,,,
Troop,Royal Ghost,3,Melee: Medium,,1.8,572,123,68,,,,,,,,,,,,,,,,,,,,,,,,,,,
Troop,Royal Ghost,4,Melee: Medium,,1.8,629,135,75,,,,,,,,,,,,,,,,,,,,,,,,,,,
Troop,Royal Ghost,5,Melee: Medium,,1.8,690,148,82,,,,,,,,,,,,,,,,,,,,,,,,,,,
Troop,Royal Ghost,6,Melee: Medium,,1.8,756,163,90,,,,,,,,,,,,,,,,,,,,,,,,,,,
Troop,Royal Ghost,7,Melee: Medium,,1.8,832,179,99,,,,,,,,,,,,,,,,,,,,,,,,,,,
Troop,Royal Ghost,8,Melee: Medium,,1.8,912,196,108,,,,,,,,,,,,,,,,,,,,,,,,,,,
Troop,Royal Ghost,9,Melee: Medium,,1.8,1002,216,120,,,,,,,,,,,,,,,,,,,,,,,,,,,
Troop,Royal Ghost,10,Melee: Medium,,1.8,1102,237,131,,,,,,,,,,,,,,,,,,,,,,,,,,,
Troop,Royal Ghost,11,Melee: Medium,,1.8,1210,261,145,,,,,,,,,,,,,,,,,,,,,,,,,,,
Troop,Royal Ghost,12,Melee: Medium,,1.8,1329,286,158,,,,,,,,,,,,,,,,,,,,,,,,,,,
Troop,Royal Ghost,13,Melee: Medium,,1.8,1461,315,175,,,,,,,,,,,,,,,,,,,,,,,,,,,
Troop,Royal Ghost,14,Melee: Medium,,1.8,1603,345,191,,,,,,,,,,,,,,,,,,,,,,,,,,,
Troop,Royal Ghost,15,Melee: Medium,,1.8,1759,379,210,,,,,,,,,,,,,,,,,,,,,,,,,,,
Troop,Royal Ghost,16,Melee: Medium,,1.8,1934,417,231,,,,,,,,,,,,,,,,,,,,,,,,,,,
Troop,Royal Ghost,17,Melee: Medium,,1.8,2128,459,255,,,,,,,,,,,,,,,,,,,,,,,,,,,
Troop,Royal Ghost,18,Melee: Medium,,1.8,2341,504,280,,,,,,,,,,,,,,,,,,,,,,,,,,,
Troop,Electro Dragon,1,3.5,,2.1,390,75,35,,,,,,,,,,,,,,,,,,,,,,,,,,,
Troop,Electro Dragon,2,3.5,,2.1,429,82,39,,,,,,,,,,,,,,,,,,,,,,,,,,,
Troop,Electro Dragon,3,3.5,,2.1,471,90,42,,,,,,,,,,,,,,,,,,,,,,,,,,,
Troop,Electro Dragon,4,3.5,,2.1,518,99,47,,,,,,,,,,,,,,,,,,,,,,,,,,,
Troop,Electro Dragon,5,3.5,,2.1,569,109,51,,,,,,,,,,,,,,,,,,,,,,,,,,,
Troop,Electro Dragon,6,3.5,,2.1,624,120,57,,,,,,,,,,,,,,,,,,,,,,,,,,,
Troop,Electro Dragon,7,3.5,,2.1,686,132,62,,,,,,,,,,,,,,,,,,,,,,,,,,,
Troop,Electro Dragon,8,3.5,,2.1,752,144,68,,,,,,,,,,,,,,,,,,,,,,,,,,,
Troop,Electro Dragon,9,3.5,,2.1,826,159,75,,,,,,,,,,,,,,,,,,,,,,,,,,,
Troop,Electro Dragon,10,3.5,,2.1,908,174,82,,,,,,,,,,,,,,,,,,,,,,,,,,,
Troop,Electro Dragon,11,3.5,,2.1,998,192,91,,,,,,,,,,,,,,,,,,,,,,,,,,,
Troop,Electro Dragon,12,3.5,,2.1,1095,210,100,,,,,,,,,,,,,,,,,,,,,,,,,,,
Troop,Electro Dragon,13,3.5,,2.1,1205,231,110,,,,,,,,,,,,,,,,,,,,,,,,,,,
Troop,Electro Dragon,14,3.5,,2.1,1322,254,120,,,,,,,,,,,,,,,,,,,,,,,,,,,
Troop,Electro Dragon,15,3.5,,2.1,1450,279,132,,,,,,,,,,,,,,,,,,,,,,,,,,,
Troop,Electro Dragon,16,3.5,,2.1,1595,306,145,,,,,,,,,,,,,,,,,,,,,,,,,,,
Troop,Electro Dragon,17,3.5,,2.1,1755,337,160,,,,,,,,,,,,,,,,,,,,,,,,,,,
Troop,Electro Dragon,18,3.5,,2.1,1930,371,176,,,,,,,,,,,,,,,,,,,,,,,,,,,
Troop,Wall Breakers,1,Melee: Short,,,129,,,,,,,,,137,,,,,,,,,,,,,,,,,,,,
Troop,Wall Breakers,2,Melee: Short,,,141,,,,,,,,,150,,,,,,,,,,,,,,,,,,,,
Troop,Wall Breakers,3,Melee: Short,,,156,,,,,,,,,165,,,,,,,,,,,,,,,,,,,,
Troop,Wall Breakers,4,Melee: Short,,,171,,,,,,,,,182,,,,,,,,,,,,,,,,,,,,
Troop,Wall Breakers,5,Melee: Short,,,188,,,,,,,,,200,,,,,,,,,,,,,,,,,,,,
Troop,Wall Breakers,6,Melee: Short,,,206,,,,,,,,,219,,,,,,,,,,,,,,,,,,,,
Troop,Wall Breakers,7,Melee: Short,,,227,,,,,,,,,241,,,,,,,,,,,,,,,,,,,,
Troop,Wall Breakers,8,Melee: Short,,,248,,,,,,,,,264,,,,,,,,,,,,,,,,,,,,
Troop,Wall Breakers,9,Melee: Short,,,273,,,,,,,,,290,,,,,,,,,,,,,,,,,,,,
Troop,Wall Breakers,10,Melee: Short,,,300,,,,,,,,,319,,,,,,,,,,,,,,,,,,,,
Troop,Wall Breakers,11,Melee: Short,,,330,,,,,,,,,350,,,,,,,,,,,,,,,,,,,,
Troop,Wall Breakers,12,Melee: Short,,,362,,,,,,,,,384,,,,,,,,,,,,,,,,,,,,
Troop,Wall Breakers,13,Melee: Short,,,398,,,,,,,,,423,,,,,,,,,,,,,,,,,,,,
Troop,Wall Breakers,14,Melee: Short,,,437,,,,,,,,,464,,,,,,,,,,,,,,,,,,,,
Troop,Wall Breakers,15,Melee: Short,,,479,,,,,,,,,509,,,,,,,,,,,,,,,,,,,,
Troop,Wall Breakers,16,Melee: Short,,,527,,,,,,,,,560,,,,,,,,,,,,,,,,,,,,
Troop,Wall Breakers,17,Melee: Short,,,580,,,,,,,,,616,,,,,,,,,,,,,,,,,,,,
Troop,Wall Breakers,18,Melee: Short,,,638,,,,,,,,,678,,,,,,,,,,,,,,,,,,,,
Troop,Ice Wizard,1,,3,,,33,,0,,,,,,,,,,,,,,,,,,,,,,,,,,
Troop,Ice Wizard,2,,3,,,36,,0,,,,,,,,,,,,,,,,,,,,,,,,,,
Troop,Ice Wizard,3,,3,,,39,,0,,,,,,,,,,,,,,,,,,,,,,,,,,
Troop,Ice Wizard,4,,3,,,43,,0,,,,,,,,,,,,,,,,,,,,,,,,,,
Troop,Ice Wizard,5,,3,,,48,,0,,,,,,,,,,,,,,,,,,,,,,,,,,
Troop,Ice Wizard,6,,3,,,52,,0,,,,,,,,,,,,,,,,,,,,,,,,,,
Troop,Ice Wizard,7,,3,,,58,,0,,,,,,,,,,,,,,,,,,,,,,,,,,
Troop,Ice Wizard,8,,3,,,63,,0,,,,,,,,,,,,,,,,,,,,,,,,,,
Troop,Ice Wizard,9,,3,,,69,,0,,,,,,,,,,,,,,,,,,,,,,,,,,
Troop,Ice Wizard,10,,3,,,76,,0,,,,,,,,,,,,,,,,,,,,,,,,,,
Troop,Ice Wizard,11,,3,,,84,,0,,,,,,,,,,,,,,,,,,,,,,,,,,
Troop,Ice Wizard,12,,3,,,92,,0,,,,,,,,,,,,,,,,,,,,,,,,,,
Troop,Ice Wizard,13,,3,,,101,,0,,,,,,,,,,,,,,,,,,,,,,,,,,
Troop,Ice Wizard,14,,3,,,111,,0,,,,,,,,,,,,,,,,,,,,,,,,,,
Troop,Ice Wizard,15,,3,,,122,,0,,,,,,,,,,,,,,,,,,,,,,,,,,
Troop,Ice Wizard,16,,3,,,134,,0,,,,,,,,,,,,,,,,,,,,,,,,,,
Troop,Ice Wizard,17,,3,,,148,,0,,,,,,,,,,,,,,,,,,,,,,,,,,
Troop,Ice Wizard,18,,3,,,163,,0,,,,,,,,,,,,,,,,,,,,,,,,,,
Troop,Firecracker,1,6,,3,119,25,8,,,,,,,,,,,,,,5,,,,,,,,,,,,,
Troop,Firecracker,2,6,,3,130,27,9,,,,,,,,,,,,,,5,,,,,,,,,,,,,
Troop,Firecracker,3,6,,3,143,30,10,,,,,,,,,,,,,,5,,,,,,,,,,,,,
Troop,Firecracker,4,6,,3,158,33,11,,,,,,,,,,,,,,5,,,,,,,,,,,,,
Troop,Firecracker,5,6,,3,173,36,12,,,,,,,,,,,,,,5,,,,,,,,,,,,,
Troop,Firecracker,6,6,,3,190,40,13,,,,,,,,,,,,,,5,,,,,,,,,,,,,
Troop,Firecracker,7,6,,3,209,44,14,,,,,,,,,,,,,,5,,,,,,,,,,,,,
Troop,Firecracker,8,6,,3,229,48,16,,,,,,,,,,,,,,5,,,,,,,,,,,,,
Troop,Firecracker,9,6,,3,252,53,17,,,,,,,,,,,,,,5,,,,,,,,,,,,,
Troop,Firecracker,10,6,,3,277,58,19,,,,,,,,,,,,,,5,,,,,,,,,,,,,
Troop,Firecracker,11,6,,3,304,64,21,,,,,,,,,,,,,,5,,,,,,,,,,,,,
Troop,Firecracker,12,6,,3,334,70,23,,,,,,,,,,,,,,5,,,,,,,,,,,,,
Troop,Firecracker,13,6,,3,367,77,25,,,,,,,,,,,,,,5,,,,,,,,,,,,,
Troop,Firecracker,14,6,,3,403,84,28,,,,,,,,,,,,,,5,,,,,,,,,,,,,
Troop,Firecracker,15,6,,3,442,93,31,,,,,,,,,,,,,,5,,,,,,,,,,,,,
Troop,Firecracker,16,6,,3,486,102,34,,,,,,,,,,,,,,5,,,,,,,,,,,,,
Troop,Firecracker,17,6,,3,535,112,37,,,,,,,,,,,,,,5,,,,,,,,,,,,,
Troop,Firecracker,18,6,,3,589,123,41,,,,,,,,,,,,,,5,,,,,,,,,,,,,
Troop,Phoenix,1,Melee: Long,,1,411,85,85,,,,,,,64,,,,,,,,,,,,,,,,,,,,
Troop,Phoenix,2,Melee: Long,,1,452,93,93,,,,,,,70,,,,,,,,,,,,,,,,,,,,
Troop,Phoenix,3,Melee: Long,,1,497,102,102,,,,,,,77,,,,,,,,,,,,,,,,,,,,
Troop,Phoenix,4,Melee: Long,,1,546,113,113,,,,,,,85,,,,,,,,,,,,,,,,,,,,
Troop,Phoenix,5,Melee: Long,,1,600,124,124,,,,,,,93,,,,,,,,,,,,,,,,,,,,
Troop,Phoenix,6,Melee: Long,,1,657,136,136,,,,,,,102,,,,,,,,,,,,,,,,,,,,
Troop,Phoenix,7,Melee: Long,,1,723,149,149,,,,,,,112,,,,,,,,,,,,,,,,,,,,
Troop,Phoenix,8,Melee: Long,,1,793,164,164,,,,,,,123,,,,,,,,,,,,,,,,,,,,
Troop,Phoenix,9,Melee: Long,,1,871,180,180,,,,,,,135,,,,,,,,,,,,,,,,,,,,
Troop,Phoenix,10,Melee: Long,,1,957,198,198,,,,,,,149,,,,,,,,,,,,,,,,,,,,
Troop,Phoenix,11,Melee: Long,,1,1052,217,217,,,,,,,163,,,,,,,,,,,,,,,,,,,,
Troop,Phoenix,12,Melee: Long,,1,1154,238,238,,,,,,,179,,,,,,,,,,,,,,,,,,,,
Troop,Phoenix,13,Melee: Long,,1,1269,262,262,,,,,,,197,,,,,,,,,,,,,,,,,,,,
Troop,Phoenix,14,Melee: Long,,1,1393,288,288,,,,,,,216,,,,,,,,,,,,,,,,,,,,
Troop,Phoenix,15,Melee: Long,,1,1528,316,316,,,,,,,238,,,,,,,,,,,,,,,,,,,,
Troop,Phoenix,16,Melee: Long,,1,1680,347,347,,,,,,,261,,,,,,,,,,,,,,,,,,,,
Troop,Phoenix,17,Melee: Long,,1,1849,382,382,,,,,,,288,,,,,,,,,,,,,,,,,,,,
Troop,Phoenix,18,Melee: Long,,1,2034,420,420,,,,,,,316,,,,,,,,,,,,,,,,,,,,
Troop,Phoenix Egg,1,,,,124,,,,,,,,,,,,,,,,,,,,,,,,,,,,,
Troop,Phoenix Egg,2,,,,136,,,,,,,,,,,,,,,,,,,,,,,,,,,,,
Troop,Phoenix Egg,3,,,,150,,,,,,,,,,,,,,,,,,,,,,,,,,,,,
Troop,Phoenix Egg,4,,,,164,,,,,,,,,,,,,,,,,,,,,,,,,,,,,
Troop,Phoenix Egg,5,,,,181,,,,,,,,,,,,,,,,,,,,,,,,,,,,,
Troop,Phoenix Egg,6,,,,198,,,,,,,,,,,,,,,,,,,,,,,,,,,,,
Troop,Phoenix Egg,7,,,,218,,,,,,,,,,,,,,,,,,,,,,,,,,,,,
Troop,Phoenix Egg,8,,,,239,,,,,,,,,,,,,,,,,,,,,,,,,,,,,
Troop,Phoenix Egg,9,,,,262,,,,,,,,,,,,,,,,,,,,,,,,,,,,,
Troop,Phoenix Egg,10,,,,288,,,,,,,,,,,,,,,,,,,,,,,,,,,,,
Troop,Phoenix Egg,11,,,,317,,,,,,,,,,,,,,,,,,,,,,,,,,,,,
Troop,Phoenix Egg,12,,,,348,,,,,,,,,,,,,,,,,,,,,,,,,,,,,
Troop,Phoenix Egg,13,,,,383,,,,,,,,,,,,,,,,,,,,,,,,,,,,,
Troop,Phoenix Egg,14,,,,420,,,,,,,,,,,,,,,,,,,,,,,,,,,,,
Troop,Phoenix Egg,15,,,,461,,,,,,,,,,,,,,,,,,,,,,,,,,,,,
Troop,Phoenix Egg,16,,,,507,,,,,,,,,,,,,,,,,,,,,,,,,,,,,
Troop,Phoenix Egg,17,,,,558,,,,,,,,,,,,,,,,,,,,,,,,,,,,,
Troop,Phoenix Egg,18,,,,613,,,,,,,,,,,,,,,,,,,,,,,,,,,,,
Troop,Goblin Demolisher,1,5,,1.1,508,73,66,,,,,,,158,,,,,,,,,,,,,,,,,,,,
Troop,Goblin Demolisher,2,5,,1.1,558,80,72,,,,,,,173,,,,,,,,,,,,,,,,,,,,
Troop,Goblin Demolisher,3,5,,1.1,614,88,80,,,,,,,191,,,,,,,,,,,,,,,,,,,,
Troop,Goblin Demolisher,4,5,,1.1,675,97,88,,,,,,,210,,,,,,,,,,,,,,,,,,,,
Troop,Goblin Demolisher,5,5,,1.1,741,106,96,,,,,,,230,,,,,,,,,,,,,,,,,,,,
Troop,Goblin Demolisher,6,5,,1.1,812,116,105,,,,,,,252,,,,,,,,,,,,,,,,,,,,
Troop,Goblin Demolisher,7,5,,1.1,894,128,116,,,,,,,278,,,,,,,,,,,,,,,,,,,,
Troop,Goblin Demolisher,8,5,,1.1,980,140,127,,,,,,,304,,,,,,,,,,,,,,,,,,,,
Troop,Goblin Demolisher,9,5,,1.1,1076,154,140,,,,,,,334,,,,,,,,,,,,,,,,,,,,
Troop,Goblin Demolisher,10,5,,1.1,1183,170,154,,,,,,,368,,,,,,,,,,,,,,,,,,,,
Troop,Goblin Demolisher,11,5,,1.1,1300,186,169,,,,,,,404,,,,,,,,,,,,,,,,,,,,
Troop,Goblin Demolisher,12,5,,1.1,1427,205,186,,,,,,,443,,,,,,,,,,,,,,,,,,,,
Troop,Goblin Demolisher,13,5,,1.1,1569,225,204,,,,,,,488,,,,,,,,,,,,,,,,,,,,
Troop,Goblin Demolisher,14,5,,1.1,1722,247,224,,,,,,,535,,,,,,,,,,,,,,,,,,,,
Troop,Goblin Demolisher,15,5,,1.1,1889,271,246,,,,,,,587,,,,,,,,,,,,,,,,,,,,
Troop,Goblin Demolisher,16,5,,1.1,2077,298,270,,,,,,,646,,,,,,,,,,,,,,,,,,,,
Troop,Goblin Demolisher,17,5,,1.1,2286,328,298,,,,,,,711,,,,,,,,,,,,,,,,,,,,
Troop,Goblin Demolisher,18,5,,1.1,2514,361,328,,,,,,,782,,,,,,,,,,,,,,,,,,,,
Spell,Earthquake,1,,3.5,,,,32,21,,,,,,,,,,,,,,112,,,,,,,,,,,,
Spell,Earthquake,2,,3.5,,,,35,23,,,,,,,,,,,,,,122,,,,,,,,,,,,
Spell,Earthquake,3,,3.5,,,,38,25,,,,,,,,,,,,,,133,,,,,,,,,,,,
Spell,Earthquake,4,,3.5,,,,42,28,,,,,,,,,,,,,,147,,,,,,,,,,,,
Spell,Earthquake,5,,3.5,,,,46,30,,,,,,,,,,,,,,161,,,,,,,,,,,,
Spell,Earthquake,6,,3.5,,,,51,34,,,,,,,,,,,,,,178,,,,,,,,,,,,
Spell,Earthquake,7,,3.5,,,,56,37,,,,,,,,,,,,,,196,,,,,,,,,,,,
Spell,Earthquake,8,,3.5,,,,61,40,,,,,,,,,,,,,,213,,,,,,,,,,,,
Spell,Earthquake,9,,3.5,,,,67,44,,,,,,,,,,,,,,234,,,,,,,,,,,,
Spell,Earthquake,10,,3.5,,,,74,49,,,,,,,,,,,,,,259,,,,,,,,,,,,
Spell,Earthquake,11,,3.5,,,,81,53,,,,,,,,,,,,,,283,,,,,,,,,,,,
Spell,Earthquake,12,,3.5,,,,89,58,,,,,,,,,,,,,,311,,,,,,,,,,,,
Spell,Earthquake,13,,3.5,,,,98,64,,,,,,,,,,,,,,343,,,,,,,,,,,,
Spell,Earthquake,14,,3.5,,,,108,71,,,,,,,,,,,,,,378,,,,,,,,,,,,
Spell,Earthquake,15,,3.5,,,,119,78,,,,,,,,,,,,,,416,,,,,,,,,,,,
Spell,Earthquake,16,,3.5,,,,130,85,,,,,,,,,,,,,,455,,,,,,,,,,,,
Spell,Earthquake,17,,3.5,,,,144,94,,,,,,,,,,,,,,504,,,,,,,,,,,,
Spell,Earthquake,18,,3.5,,,,158,103,,,,,,,,,,,,,,553,,,,,,,,,,,,
Tower Troop,Royal Chef,1,7.5,,1,1240,50,50,,,,,,,,,,,,,,,,,,,,,,,,,,,
Tower Troop,Royal Chef,2,7.5,,1,1339,54,54,,,,,,,,,,,,,,,,,,,,,,,,,,,
Tower Troop,Royal Chef,3,7.5,,1,1438,58,58,,,,,,,,,,,,,,,,,,,,,,,,,,,
Tower Troop,Royal Chef,4,7.5,,1,1550,62,62,,,,,,,,,,,,,,,,,,,,,,,,,,,
Tower Troop,Royal Chef,5,7.5,,1,1674,67,67,,,,,,,,,,,,,,,,,,,,,,,,,,,
Tower Troop,Royal Chef,6,7.5,,1,1798,72,72,,,,,,,,,,,,,,,,,,,,,,,,,,,
Tower Troop,Royal Chef,7,7.5,,1,1934,78,78,,,,,,,,,,,,,,,,,,,,,,,,,,,
Tower Troop,Royal Chef,8,7.5,,1,2083,84,84,,,,,,,,,,,,,,,,,,,,,,,,,,,
Tower Troop,Royal Chef,9,7.5,,1,2244,90,90,,,,,,,,,,,,,,,,,,,,,,,,,,,
Tower Troop,Royal Chef,10,7.5,,1,2467,99,99,,,,,,,,,,,,,,,,,,,,,,,,,,,
Tower Troop,Royal Chef,11,7.5,,1,2703,109,109,,,,,,,,,,,,,,,,,,,,,,,,,,,
Tower Troop,Royal Chef,12,7.5,,1,2963,119,119,,,,,,,,,,,,,,,,,,,,,,,,,,,
Tower Troop,Royal Chef,13,7.5,,1,3248,131,131,,,,,,,,,,,,,,,,,,,,,,,,,,,
Tower Troop,Royal Chef,14,7.5,,1,3571,144,144,,,,,,,,,,,,,,,,,,,,,,,,,,,
Tower Troop,Royal Chef,15,7.5,,1,3918,158,158,,,,,,,,,,,,,,,,,,,,,,,,,,,
Tower Troop,Royal Chef,16,7.5,,1,NaN,NaN,NaN,,,,,,,,,,,,,,,,,,,,,,,,,,,
Tower Troop,Royal Chef,17,7.5,,1,NaN,NaN,NaN,,,,,,,,,,,,,,,,,,,,,,,,,,,
Tower Troop,Royal Chef,18,7.5,,1,NaN,NaN,NaN,,,,,,,,,,,,,,,,,,,,,,,,,,,
Troop,Lava Hound,1,3.5,,1.3,1399,21,16,,,,,,,,,,,,,,,,,,,,,,,,,,,
Troop,Lava Hound,2,3.5,,1.3,1538,23,17,,,,,,,,,,,,,,,,,,,,,,,,,,,
Troop,Lava Hound,3,3.5,,1.3,1692,25,19,,,,,,,,,,,,,,,,,,,,,,,,,,,
Troop,Lava Hound,4,3.5,,1.3,1860,27,20,,,,,,,,,,,,,,,,,,,,,,,,,,,
Troop,Lava Hound,5,3.5,,1.3,2042,30,23,,,,,,,,,,,,,,,,,,,,,,,,,,,
Troop,Lava Hound,6,3.5,,1.3,2238,33,25,,,,,,,,,,,,,,,,,,,,,,,,,,,
Troop,Lava Hound,7,3.5,,1.3,2462,36,27,,,,,,,,,,,,,,,,,,,,,,,,,,,
Troop,Lava Hound,8,3.5,,1.3,2700,40,30,,,,,,,,,,,,,,,,,,,,,,,,,,,
Troop,Lava Hound,9,3.5,,1.3,2965,44,33,,,,,,,,,,,,,,,,,,,,,,,,,,,
Troop,Lava Hound,10,3.5,,1.3,3259,48,36,,,,,,,,,,,,,,,,,,,,,,,,,,,
Troop,Lava Hound,11,3.5,,1.3,3581,53,40,,,,,,,,,,,,,,,,,,,,,,,,,,,
Troop,Lava Hound,12,3.5,,1.3,3931,59,45,,,,,,,,,,,,,,,,,,,,,,,,,,,
Troop,Lava Hound,13,3.5,,1.3,4322,64,49,,,,,,,,,,,,,,,,,,,,,,,,,,,
Troop,Lava Hound,14,3.5,,1.3,4742,71,54,,,,,,,,,,,,,,,,,,,,,,,,,,,
Troop,Lava Hound,15,3.5,,1.3,5204,78,60,,,,,,,,,,,,,,,,,,,,,,,,,,,
Troop,Lava Hound,16,3.5,,1.3,5721,85,65,,,,,,,,,,,,,,,,,,,,,,,,,,,
Troop,Lava Hound,17,3.5,,1.3,6295,94,72,,,,,,,,,,,,,,,,,,,,,,,,,,,
Troop,Lava Hound,18,3.5,,1.3,6925,103,79,,,,,,,,,,,,,,,,,,,,,,,,,,,
Troop,Lava Pups,1,Melee: Long,,1.7,84,32,18,,,,,,,,,,,,,,,,,,,,,,,,,,,
Troop,Lava Pups,2,Melee: Long,,1.7,92,35,20,,,,,,,,,,,,,,,,,,,,,,,,,,,
Troop,Lava Pups,3,Melee: Long,,1.7,101,38,22,,,,,,,,,,,,,,,,,,,,,,,,,,,
Troop,Lava Pups,4,Melee: Long,,1.7,111,42,24,,,,,,,,,,,,,,,,,,,,,,,,,,,
Troop,Lava Pups,5,Melee: Long,,1.7,122,46,27,,,,,,,,,,,,,,,,,,,,,,,,,,,
Troop,Lava Pups,6,Melee: Long,,1.7,134,51,30,,,,,,,,,,,,,,,,,,,,,,,,,,,
Troop,Lava Pups,7,Melee: Long,,1.7,147,56,32,,,,,,,,,,,,,,,,,,,,,,,,,,,
Troop,Lava Pups,8,Melee: Long,,1.7,162,61,35,,,,,,,,,,,,,,,,,,,,,,,,,,,
Troop,Lava Pups,9,Melee: Long,,1.7,178,67,39,,,,,,,,,,,,,,,,,,,,,,,,,,,
Troop,Lava Pups,10,Melee: Long,,1.7,195,74,43,,,,,,,,,,,,,,,,,,,,,,,,,,,
Troop,Lava Pups,11,Melee: Long,,1.7,215,81,47,,,,,,,,,,,,,,,,,,,,,,,,,,,
Troop,Lava Pups,12,Melee: Long,,1.7,236,89,52,,,,,,,,,,,,,,,,,,,,,,,,,,,
Troop,Lava Pups,13,Melee: Long,,1.7,259,98,57,,,,,,,,,,,,,,,,,,,,,,,,,,,
Troop,Lava Pups,14,Melee: Long,,1.7,284,108,63,,,,,,,,,,,,,,,,,,,,,,,,,,,
Troop,Lava Pups,15,Melee: Long,,1.7,312,119,70,,,,,,,,,,,,,,,,,,,,,,,,,,,
Troop,Lava Pups,16,Melee: Long,,1.7,343,130,76,,,,,,,,,,,,,,,,,,,,,,,,,,,
Troop,Lava Pups,17,Melee: Long,,1.7,378,144,84,,,,,,,,,,,,,,,,,,,,,,,,,,,
Troop,Lava Pups,18,Melee: Long,,1.7,415,158,92,,,,,,,,,,,,,,,,,,,,,,,,,,,
Troop,Bowler,1,4,,2.5,813,113,45,,,,,,,,,,,,,,,,,,,,,,,,,,,
Troop,Bowler,2,4,,2.5,894,124,49,,,,,,,,,,,,,,,,,,,,,,,,,,,
Troop,Bowler,3,4,,2.5,983,136,54,,,,,,,,,,,,,,,,,,,,,,,,,,,
Troop,Bowler,4,4,,2.5,1081,150,60,,,,,,,,,,,,,,,,,,,,,,,,,,,
Troop,Bowler,5,4,,2.5,1186,164,65,,,,,,,,,,,,,,,,,,,,,,,,,,,
Troop,Bowler,6,4,,2.5,1300,180,72,,,,,,,,,,,,,,,,,,,,,,,,,,,
Troop,Bowler,7,4,,2.5,1430,198,79,,,,,,,,,,,,,,,,,,,,,,,,,,,
Troop,Bowler,8,4,,2.5,1569,218,87,,,,,,,,,,,,,,,,,,,,,,,,,,,
Troop,Bowler,9,4,,2.5,1723,239,95,,,,,,,,,,,,,,,,,,,,,,,,,,,
Troop,Bowler,10,4,,2.5,1894,263,105,,,,,,,,,,,,,,,,,,,,,,,,,,,
Troop,Bowler,11,4,,2.5,2081,289,115,,,,,,,,,,,,,,,,,,,,,,,,,,,
Troop,Bowler,12,4,,2.5,2284,317,126,,,,,,,,,,,,,,,,,,,,,,,,,,,
Troop,Bowler,13,4,,2.5,2512,349,139,,,,,,,,,,,,,,,,,,,,,,,,,,,
Troop,Bowler,14,4,,2.5,2756,383,153,,,,,,,,,,,,,,,,,,,,,,,,,,,
Troop,Bowler,15,4,,2.5,3024,420,168,,,,,,,,,,,,,,,,,,,,,,,,,,,
Troop,Bowler,16,4,,2.5,3325,462,184,,,,,,,,,,,,,,,,,,,,,,,,,,,
Troop,Bowler,17,4,,2.5,3658,508,203,,,,,,,,,,,,,,,,,,,,,,,,,,,
Troop,Bowler,18,4,,2.5,4024,559,223,,,,,,,,,,,,,,,,,,,,,,,,,,,
Troop,Bandit,1,Melee: Short,,1,354,76,76,,,,,,,,,,,,,,,,152,,,,,,,,,,,
Troop,Bandit,2,Melee: Short,,1,389,83,83,,,,,,,,,,,,,,,,167,,,,,,,,,,,
Troop,Bandit,3,Melee: Short,,1,428,91,91,,,,,,,,,,,,,,,,183,,,,,,,,,,,
Troop,Bandit,4,Melee: Short,,1,470,101,101,,,,,,,,,,,,,,,,202,,,,,,,,,,,
Troop,Bandit,5,Melee: Short,,1,516,110,110,,,,,,,,,,,,,,,,221,,,,,,,,,,,
Troop,Bandit,6,Melee: Short,,1,566,121,121,,,,,,,,,,,,,,,,243,,,,,,,,,,,
Troop,Bandit,7,Melee: Short,,1,623,133,133,,,,,,,,,,,,,,,,267,,,,,,,,,,,
Troop,Bandit,8,Melee: Short,,1,683,146,146,,,,,,,,,,,,,,,,293,,,,,,,,,,,
Troop,Bandit,9,Melee: Short,,1,750,161,161,,,,,,,,,,,,,,,,322,,,,,,,,,,,
Troop,Bandit,10,Melee: Short,,1,824,177,177,,,,,,,,,,,,,,,,354,,,,,,,,,,,
Troop,Bandit,11,Melee: Short,,1,906,194,194,,,,,,,,,,,,,,,,389,,,,,,,,,,,
Troop,Bandit,12,Melee: Short,,1,994,213,213,,,,,,,,,,,,,,,,427,,,,,,,,,,,
Troop,Bandit,13,Melee: Short,,1,1093,234,234,,,,,,,,,,,,,,,,469,,,,,,,,,,,
Troop,Bandit,14,Melee: Short,,1,1200,257,257,,,,,,,,,,,,,,,,515,,,,,,,,,,,
Troop,Bandit,15,Melee: Short,,1,1316,282,282,,,,,,,,,,,,,,,,565,,,,,,,,,,,
Troop,Bandit,16,Melee: Short,,1,1447,310,310,,,,,,,,,,,,,,,,621,,,,,,,,,,,
Troop,Bandit,17,Melee: Short,,1,1593,342,342,,,,,,,,,,,,,,,,684,,,,,,,,,,,
Troop,Bandit,18,Melee: Short,,1,1752,376,376,,,,,,,,,,,,,,,,752,,,,,,,,,,,
Troop,Rascal Boy,1,Melee: Short,,1.5,758,85,56,,,,,,,,,,,,,,,,,,,,,,,,,,,
Troop,Rascal Boy,2,Melee: Short,,1.5,833,93,62,,,,,,,,,,,,,,,,,,,,,,,,,,,
Troop,Rascal Boy,3,Melee: Short,,1.5,917,102,68,,,,,,,,,,,,,,,,,,,,,,,,,,,
Troop,Rascal Boy,4,Melee: Short,,1.5,1008,113,75,,,,,,,,,,,,,,,,,,,,,,,,,,,
Troop,Rascal Boy,5,Melee: Short,,1.5,1106,124,82,,,,,,,,,,,,,,,,,,,,,,,,,,,
Troop,Rascal Boy,6,Melee: Short,,1.5,1212,136,90,,,,,,,,,,,,,,,,,,,,,,,,,,,
Troop,Rascal Boy,7,Melee: Short,,1.5,1334,149,99,,,,,,,,,,,,,,,,,,,,,,,,,,,
Troop,Rascal Boy,8,Melee: Short,,1.5,1462,164,109,,,,,,,,,,,,,,,,,,,,,,,,,,,
Troop,Rascal Boy,9,Melee: Short,,1.5,1606,180,120,,,,,,,,,,,,,,,,,,,,,,,,,,,
Troop,Rascal Boy,10,Melee: Short,,1.5,1766,198,132,,,,,,,,,,,,,,,,,,,,,,,,,,,
Troop,Rascal Boy,11,Melee: Short,,1.5,1940,217,144,,,,,,,,,,,,,,,,,,,,,,,,,,,
Troop,Rascal Boy,12,Melee: Short,,1.5,2129,238,158,,,,,,,,,,,,,,,,,,,,,,,,,,,
Troop,Rascal Boy,13,Melee: Short,,1.5,2342,262,174,,,,,,,,,,,,,,,,,,,,,,,,,,,
Troop,Rascal Boy,14,Melee: Short,,1.5,2569,288,192,,,,,,,,,,,,,,,,,,,,,,,,,,,
Troop,Rascal Boy,15,Melee: Short,,1.5,2819,316,210,,,,,,,,,,,,,,,,,,,,,,,,,,,
Troop,Rascal Boy,16,Melee: Short,,1.5,3100,347,231,,,,,,,,,,,,,,,,,,,,,,,,,,,
Troop,Rascal Boy,17,Melee: Short,,1.5,3411,382,254,,,,,,,,,,,,,,,,,,,,,,,,,,,
Troop,Rascal Boy,18,Melee: Short,,1.5,3752,420,280,,,,,,,,,,,,,,,,,,,,,,,,,,,
Troop,Rascal Girl,1,5,,1,102,49,49,,,,,,,,,,,,,,,,,,,,,,,,,,,
Troop,Rascal Girl,2,5,,1,112,53,53,,,,,,,,,,,,,,,,,,,,,,,,,,,
Troop,Rascal Girl,3,5,,1,123,59,59,,,,,,,,,,,,,,,,,,,,,,,,,,,
Troop,Rascal Girl,4,5,,1,135,65,65,,,,,,,,,,,,,,,,,,,,,,,,,,,
Troop,Rascal Girl,5,5,,1,148,71,71,,,,,,,,,,,,,,,,,,,,,,,,,,,
Troop,Rascal Girl,6,5,,1,163,78,78,,,,,,,,,,,,,,,,,,,,,,,,,,,
Troop,Rascal Girl,7,5,,1,179,86,86,,,,,,,,,,,,,,,,,,,,,,,,,,,
Troop,Rascal Girl,8,5,,1,196,94,94,,,,,,,,,,,,,,,,,,,,,,,,,,,
Troop,Rascal Girl,9,5,,1,216,103,103,,,,,,,,,,,,,,,,,,,,,,,,,,,
Troop,Rascal Girl,10,5,,1,237,114,114,,,,,,,,,,,,,,,,,,,,,,,,,,,
Troop,Rascal Girl,11,5,,1,261,125,125,,,,,,,,,,,,,,,,,,,,,,,,,,,
Troop,Rascal Girl,12,5,,1,286,137,137,,,,,,,,,,,,,,,,,,,,,,,,,,,
Troop,Rascal Girl,13,5,,1,315,151,151,,,,,,,,,,,,,,,,,,,,,,,,,,,
Troop,Rascal Girl,14,5,,1,345,166,166,,,,,,,,,,,,,,,,,,,,,,,,,,,
Troop,Rascal Girl,15,5,,1,379,182,182,,,,,,,,,,,,,,,,,,,,,,,,,,,
Troop,Rascal Girl,16,5,,1,417,200,200,,,,,,,,,,,,,,,,,,,,,,,,,,,
Troop,Rascal Girl,17,5,,1,459,220,220,,,,,,,,,,,,,,,,,,,,,,,,,,,
Troop,Rascal Girl,18,5,,1,504,242,242,,,,,,,,,,,,,,,,,,,,,,,,,,,
Troop,Magic Archer,1,7,,1.1,207,56,50,,,,,,,,,,,,,,,,,,,,,,,,,,,
Troop,Magic Archer,2,7,,1.1,227,61,55,,,,,,,,,,,,,,,,,,,,,,,,,,,
Troop,Magic Archer,3,7,,1.1,250,67,60,,,,,,,,,,,,,,,,,,,,,,,,,,,
Troop,Magic Archer,4,7,,1.1,275,74,67,,,,,,,,,,,,,,,,,,,,,,,,,,,
Troop,Magic Archer,5,7,,1.1,302,81,73,,,,,,,,,,,,,,,,,,,,,,,,,,,
Troop,Magic Archer,6,7,,1.1,331,89,80,,,,,,,,,,,,,,,,,,,,,,,,,,,
Troop,Magic Archer,7,7,,1.1,364,98,89,,,,,,,,,,,,,,,,,,,,,,,,,,,
Troop,Magic Archer,8,7,,1.1,399,108,98,,,,,,,,,,,,,,,,,,,,,,,,,,,
Troop,Magic Archer,9,7,,1.1,438,118,107,,,,,,,,,,,,,,,,,,,,,,,,,,,
Troop,Magic Archer,10,7,,1.1,482,130,118,,,,,,,,,,,,,,,,,,,,,,,,,,,
Troop,Magic Archer,11,7,,1.1,529,143,130,,,,,,,,,,,,,,,,,,,,,,,,,,,
Troop,Magic Archer,12,7,,1.1,581,157,142,,,,,,,,,,,,,,,,,,,,,,,,,,,
Troop,Magic Archer,13,7,,1.1,639,173,157,,,,,,,,,,,,,,,,,,,,,,,,,,,
Troop,Magic Archer,14,7,,1.1,701,189,171,,,,,,,,,,,,,,,,,,,,,,,,,,,
Troop,Magic Archer,15,7,,1.1,770,208,189,,,,,,,,,,,,,,,,,,,,,,,,,,,
Troop,Magic Archer,16,7,,1.1,846,229,208,,,,,,,,,,,,,,,,,,,,,,,,,,,
Troop,Magic Archer,17,7,,1.1,931,252,229,,,,,,,,,,,,,,,,,,,,,,,,,,,
Troop,Magic Archer,18,7,,1.1,1024,277,251,,,,,,,,,,,,,,,,,,,,,,,,,,,
Troop,Electro Giant,1,Melee: Medium,,1.8,1506,64,35,,,,,,,,,,,,,,,,,75,38,,,,,,,,,
Troop,Electro Giant,2,Melee: Medium,,1.8,1656,70,38,,,,,,,,,,,,,,,,,82,41,,,,,,,,,
Troop,Electro Giant,3,Melee: Medium,,1.8,1822,77,42,,,,,,,,,,,,,,,,,90,45,,,,,,,,,
Troop,Electro Giant,4,Melee: Medium,,1.8,2002,85,47,,,,,,,,,,,,,,,,,99,50,,,,,,,,,
Troop,Electro Giant,5,Melee: Medium,,1.8,2198,93,51,,,,,,,,,,,,,,,,,109,55,,,,,,,,,
Troop,Electro Giant,6,Melee: Medium,,1.8,2409,102,56,,,,,,,,,,,,,,,,,120,60,,,,,,,,,
Troop,Electro Giant,7,Melee: Medium,,1.8,2650,112,62,,,,,,,,,,,,,,,,,132,66,,,,,,,,,
Troop,Electro Giant,8,Melee: Medium,,1.8,2906,123,68,,,,,,,,,,,,,,,,,144,73,,,,,,,,,
Troop,Electro Giant,9,Melee: Medium,,1.8,3192,135,75,,,,,,,,,,,,,,,,,159,80,,,,,,,,,
Troop,Electro Giant,10,Melee: Medium,,1.8,3508,149,82,,,,,,,,,,,,,,,,,174,88,,,,,,,,,
Troop,Electro Giant,11,Melee: Medium,,1.8,3855,163,90,,,,,,,,,,,,,,,,,192,97,,,,,,,,,
Troop,Electro Giant,12,Melee: Medium,,1.8,4231,179,99,,,,,,,,,,,,,,,,,210,106,,,,,,,,,
Troop,Electro Giant,13,Melee: Medium,,1.8,4653,197,109,,,,,,,,,,,,,,,,,231,117,,,,,,,,,
Troop,Electro Giant,14,Melee: Medium,,1.8,5105,216,120,,,,,,,,,,,,,,,,,254,128,,,,,,,,,
Troop,Electro Giant,15,Melee: Medium,,1.8,5602,238,132,,,,,,,,,,,,,,,,,279,141,,,,,,,,,
Troop,Electro Giant,16,Melee: Medium,,1.8,6159,261,145,,,,,,,,,,,,,,,,,306,155,,,,,,,,,
Troop,Electro Giant,17,Melee: Medium,,1.8,6777,288,160,,,,,,,,,,,,,,,,,337,171,,,,,,,,,
Troop,Electro Giant,18,Melee: Medium,,1.8,7454,316,175,,,,,,,,,,,,,,,,,371,188,,,,,,,,,
Troop,Suspicious Bush,1,,,,32,,,,,,,,,,,,,,,,,,,,,,,,,,,,,
Troop,Suspicious Bush,2,,,,35,,,,,,,,,,,,,,,,,,,,,,,,,,,,,
Troop,Suspicious Bush,3,,,,38,,,,,,,,,,,,,,,,,,,,,,,,,,,,,
Troop,Suspicious Bush,4,,,,42,,,,,,,,,,,,,,,,,,,,,,,,,,,,,
Troop,Suspicious Bush,5,,,,46,,,,,,,,,,,,,,,,,,,,,,,,,,,,,
Troop,Suspicious Bush,6,,,,51,,,,,,,,,,,,,,,,,,,,,,,,,,,,,
Troop,Suspicious Bush,7,,,,56,,,,,,,,,,,,,,,,,,,,,,,,,,,,,
Troop,Suspicious Bush,8,,,,61,,,,,,,,,,,,,,,,,,,,,,,,,,,,,
Troop,Suspicious Bush,9,,,,67,,,,,,,,,,,,,,,,,,,,,,,,,,,,,
Troop,Suspicious Bush,10,,,,74,,,,,,,,,,,,,,,,,,,,,,,,,,,,,
Troop,Suspicious Bush,11,,,,81,,,,,,,,,,,,,,,,,,,,,,,,,,,,,
Troop,Suspicious Bush,12,,,,89,,,,,,,,,,,,,,,,,,,,,,,,,,,,,
Troop,Suspicious Bush,13,,,,98,,,,,,,,,,,,,,,,,,,,,,,,,,,,,
Troop,Suspicious Bush,14,,,,108,,,,,,,,,,,,,,,,,,,,,,,,,,,,,
Troop,Suspicious Bush,15,,,,119,,,,,,,,,,,,,,,,,,,,,,,,,,,,,
Troop,Suspicious Bush,16,,,,130,,,,,,,,,,,,,,,,,,,,,,,,,,,,,
Troop,Suspicious Bush,17,,,,144,,,,,,,,,,,,,,,,,,,,,,,,,,,,,
Troop,Suspicious Bush,18,,,,158,,,,,,,,,,,,,,,,,,,,,,,,,,,,,
Troop,Bush Goblin,1,Melee: Short,,1.4,119,100,71,,,,,,,,,,,,,,,,,,,,,,,,,,,
Troop,Bush Goblin,2,Melee: Short,,1.4,130,110,78,,,,,,,,,,,,,,,,,,,,,,,,,,,
Troop,Bush Goblin,3,Melee: Short,,1.4,143,121,86,,,,,,,,,,,,,,,,,,,,,,,,,,,
Troop,Bush Goblin,4,Melee: Short,,1.4,158,133,95,,,,,,,,,,,,,,,,,,,,,,,,,,,
Troop,Bush Goblin,5,Melee: Short,,1.4,173,146,104,,,,,,,,,,,,,,,,,,,,,,,,,,,
Troop,Bush Goblin,6,Melee: Short,,1.4,190,160,114,,,,,,,,,,,,,,,,,,,,,,,,,,,
Troop,Bush Goblin,7,Melee: Short,,1.4,209,176,125,,,,,,,,,,,,,,,,,,,,,,,,,,,
Troop,Bush Goblin,8,Melee: Short,,1.4,229,193,137,,,,,,,,,,,,,,,,,,,,,,,,,,,
Troop,Bush Goblin,9,Melee: Short,,1.4,252,212,151,,,,,,,,,,,,,,,,,,,,,,,,,,,
Troop,Bush Goblin,10,Melee: Short,,1.4,277,233,166,,,,,,,,,,,,,,,,,,,,,,,,,,,
Troop,Bush Goblin,11,Melee: Short,,1.4,304,256,182,,,,,,,,,,,,,,,,,,,,,,,,,,,
Troop,Bush Goblin,12,Melee: Short,,1.4,334,281,200,,,,,,,,,,,,,,,,,,,,,,,,,,,
Troop,Bush Goblin,13,Melee: Short,,1.4,367,309,220,,,,,,,,,,,,,,,,,,,,,,,,,,,
Troop,Bush Goblin,14,Melee: Short,,1.4,403,339,242,,,,,,,,,,,,,,,,,,,,,,,,,,,
Troop,Bush Goblin,15,Melee: Short,,1.4,442,372,265,,,,,,,,,,,,,,,,,,,,,,,,,,,
Troop,Bush Goblin,16,Melee: Short,,1.4,486,409,292,,,,,,,,,,,,,,,,,,,,,,,,,,,
Troop,Bush Goblin,17,Melee: Short,,1.4,535,450,321,,,,,,,,,,,,,,,,,,,,,,,,,,,
Troop,Bush Goblin,18,Melee: Short,,1.4,589,495,353,,,,,,,,,,,,,,,,,,,,,,,,,,,
Spell,Heal Spirit,1,2.5,,,90,43,,,,,,,,,157,,,,,,,,,,,,,,,,,,,
Spell,Heal Spirit,2,2.5,,,99,47,,,,,,,,,172,,,,,,,,,,,,,,,,,,,
Spell,Heal Spirit,3,2.5,,,108,52,,,,,,,,,189,,,,,,,,,,,,,,,,,,,
Spell,Heal Spirit,4,2.5,,,119,57,,,,,,,,,208,,,,,,,,,,,,,,,,,,,
Spell,Heal Spirit,5,2.5,,,131,62,,,,,,,,,229,,,,,,,,,,,,,,,,,,,
Spell,Heal Spirit,6,2.5,,,144,68,,,,,,,,,251,,,,,,,,,,,,,,,,,,,
Spell,Heal Spirit,7,2.5,,,158,75,,,,,,,,,276,,,,,,,,,,,,,,,,,,,
Spell,Heal Spirit,8,2.5,,,173,82,,,,,,,,,303,,,,,,,,,,,,,,,,,,,
Spell,Heal Spirit,9,2.5,,,190,91,,,,,,,,,332,,,,,,,,,,,,,,,,,,,
Spell,Heal Spirit,10,2.5,,,209,100,,,,,,,,,365,,,,,,,,,,,,,,,,,,,
Spell,Heal Spirit,11,2.5,,,230,110,,,,,,,,,401,,,,,,,,,,,,,,,,,,,
Spell,Heal Spirit,12,2.5,,,252,120,,,,,,,,,441,,,,,,,,,,,,,,,,,,,
Spell,Heal Spirit,13,2.5,,,278,132,,,,,,,,,485,,,,,,,,,,,,,,,,,,,
Spell,Heal Spirit,14,2.5,,,305,145,,,,,,,,,532,,,,,,,,,,,,,,,,,,,
Spell,Heal Spirit,15,2.5,,,334,159,,,,,,,,,584,,,,,,,,,,,,,,,,,,,
Spell,Heal Spirit,16,2.5,,,368,175,,,,,,,,,642,,,,,,,,,,,,,,,,,,,
Spell,Heal Spirit,17,2.5,,,405,193,,,,,,,,,706,,,,,,,,,,,,,,,,,,,
Spell,Heal Spirit,18,2.5,,,445,212,,,,,,,,,777,,,,,,,,,,,,,,,,,,,
Troop,Lumberjack,1,Melee: Short,,0.8,501,100,125,,,,,,,,,,,,,,,,,,,,,,,,,,,
Troop,Lumberjack,2,Melee: Short,,0.8,551,110,137,,,,,,,,,,,,,,,,,,,,,,,,,,,
Troop,Lumberjack,3,Melee: Short,,0.8,606,121,151,,,,,,,,,,,,,,,,,,,,,,,,,,,
Troop,Lumberjack,4,Melee: Short,,0.8,666,133,166,,,,,,,,,,,,,,,,,,,,,,,,,,,
Troop,Lumberjack,5,Melee: Short,,0.8,731,146,182,,,,,,,,,,,,,,,,,,,,,,,,,,,
Troop,Lumberjack,6,Melee: Short,,0.8,801,160,200,,,,,,,,,,,,,,,,,,,,,,,,,,,
Troop,Lumberjack,7,Melee: Short,,0.8,881,176,220,,,,,,,,,,,,,,,,,,,,,,,,,,,
Troop,Lumberjack,8,Melee: Short,,0.8,966,193,241,,,,,,,,,,,,,,,,,,,,,,,,,,,
Troop,Lumberjack,9,Melee: Short,,0.8,1062,212,265,,,,,,,,,,,,,,,,,,,,,,,,,,,
Troop,Lumberjack,10,Melee: Short,,0.8,1167,233,291,,,,,,,,,,,,,,,,,,,,,,,,,,,
Troop,Lumberjack,11,Melee: Short,,0.8,1282,256,320,,,,,,,,,,,,,,,,,,,,,,,,,,,
Troop,Lumberjack,12,Melee: Short,,0.8,1407,281,351,,,,,,,,,,,,,,,,,,,,,,,,,,,
Troop,Lumberjack,13,Melee: Short,,0.8,1548,309,386,,,,,,,,,,,,,,,,,,,,,,,,,,,
Troop,Lumberjack,14,Melee: Short,,0.8,1698,339,423,,,,,,,,,,,,,,,,,,,,,,,,,,,
Troop,Lumberjack,15,Melee: Short,,0.8,1863,372,465,,,,,,,,,,,,,,,,,,,,,,,,,,,
Troop,Lumberjack,16,Melee: Short,,0.8,2049,409,511,,,,,,,,,,,,,,,,,,,,,,,,,,,
Troop,Lumberjack,17,Melee: Short,,0.8,2254,450,562,,,,,,,,,,,,,,,,,,,,,,,,,,,
Troop,Lumberjack,18,Melee: Short,,0.8,2479,495,618,,,,,,,,,,,,,,,,,,,,,,,,,,,
Troop,Executioner,1,4.5,,2.4,500,70,77,,,,,,,,,,,,,,,,,,,2,,,,,,,,
Troop,Executioner,2,4.5,,2.4,550,77,85,,,,,,,,,,,,,,,,,,,2,,,,,,,,
Troop,Executioner,3,4.5,,2.4,605,84,93,,,,,,,,,,,,,,,,,,,2,,,,,,,,
Troop,Executioner,4,4.5,,2.4,665,93,103,,,,,,,,,,,,,,,,,,,2,,,,,,,,
Troop,Executioner,5,4.5,,2.4,730,102,113,,,,,,,,,,,,,,,,,,,2,,,,,,,,
Troop,Executioner,6,4.5,,2.4,800,112,124,,,,,,,,,,,,,,,,,,,2,,,,,,,,
Troop,Executioner,7,4.5,,2.4,880,123,136,,,,,,,,,,,,,,,,,,,2,,,,,,,,
Troop,Executioner,8,4.5,,2.4,965,135,150,,,,,,,,,,,,,,,,,,,2,,,,,,,,
Troop,Executioner,9,4.5,,2.4,1060,148,164,,,,,,,,,,,,,,,,,,,2,,,,,,,,
Troop,Executioner,10,4.5,,2.4,1165,163,181,,,,,,,,,,,,,,,,,,,2,,,,,,,,
Troop,Executioner,11,4.5,,2.4,1280,179,198,,,,,,,,,,,,,,,,,,,2,,,,,,,,
Troop,Executioner,12,4.5,,2.4,1405,196,217,,,,,,,,,,,,,,,,,,,2,,,,,,,,
Troop,Executioner,13,4.5,,2.4,1545,216,240,,,,,,,,,,,,,,,,,,,2,,,,,,,,
Troop,Executioner,14,4.5,,2.4,1695,237,263,,,,,,,,,,,,,,,,,,,2,,,,,,,,
Troop,Executioner,15,4.5,,2.4,1860,260,288,,,,,,,,,,,,,,,,,,,2,,,,,,,,
Troop,Executioner,16,4.5,,2.4,2045,286,317,,,,,,,,,,,,,,,,,,,2,,,,,,,,
Troop,Executioner,17,4.5,,2.4,2250,315,350,,,,,,,,,,,,,,,,,,,2,,,,,,,,
Troop,Executioner,18,4.5,,2.4,2475,346,384,,,,,,,,,,,,,,,,,,,2,,,,,,,,
Troop,Night Witch,1,Melee: Long,,1.3,354,123,94,,,,,,,,,,,,,,,,,,,,,,,,,,,
Troop,Night Witch,2,Melee: Long,,1.3,389,135,103,,,,,,,,,,,,,,,,,,,,,,,,,,,
Troop,Night Witch,3,Melee: Long,,1.3,428,148,113,,,,,,,,,,,,,,,,,,,,,,,,,,,
Troop,Night Witch,4,Melee: Long,,1.3,470,163,125,,,,,,,,,,,,,,,,,,,,,,,,,,,
Troop,Night Witch,5,Melee: Long,,1.3,516,179,137,,,,,,,,,,,,,,,,,,,,,,,,,,,
Troop,Night Witch,6,Melee: Long,,1.3,566,196,150,,,,,,,,,,,,,,,,,,,,,,,,,,,
Troop,Night Witch,7,Melee: Long,,1.3,623,216,166,,,,,,,,,,,,,,,,,,,,,,,,,,,
Troop,Night Witch,8,Melee: Long,,1.3,683,237,182,,,,,,,,,,,,,,,,,,,,,,,,,,,
Troop,Night Witch,9,Melee: Long,,1.3,750,260,200,,,,,,,,,,,,,,,,,,,,,,,,,,,
Troop,Night Witch,10,Melee: Long,,1.3,824,286,220,,,,,,,,,,,,,,,,,,,,,,,,,,,
Troop,Night Witch,11,Melee: Long,,1.3,906,314,241,,,,,,,,,,,,,,,,,,,,,,,,,,,
Troop,Night Witch,12,Melee: Long,,1.3,994,345,265,,,,,,,,,,,,,,,,,,,,,,,,,,,
Troop,Night Witch,13,Melee: Long,,1.3,1093,380,292,,,,,,,,,,,,,,,,,,,,,,,,,,,
Troop,Night Witch,14,Melee: Long,,1.3,1200,416,320,,,,,,,,,,,,,,,,,,,,,,,,,,,
Troop,Night Witch,15,Melee: Long,,1.3,1316,457,351,,,,,,,,,,,,,,,,,,,,,,,,,,,
Troop,Night Witch,16,Melee: Long,,1.3,1447,503,386,,,,,,,,,,,,,,,,,,,,,,,,,,,
Troop,Night Witch,17,Melee: Long,,1.3,1593,553,425,,,,,,,,,,,,,,,,,,,,,,,,,,,
Troop,Night Witch,18,Melee: Long,,1.3,1752,608,467,,,,,,,,,,,,,,,,,,,,,,,,,,,
Troop,Elixir Golem,1,Melee: Short,,1.1,613,99,90,,,,,,,,,,,,,,,,,,,,,,,,,,,
Troop,Elixir Golem,2,Melee: Short,,1.1,674,108,98,,,,,,,,,,,,,,,,,,,,,,,,,,,
Troop,Elixir Golem,3,Melee: Short,,1.1,741,119,108,,,,,,,,,,,,,,,,,,,,,,,,,,,
Troop,Elixir Golem,4,Melee: Short,,1.1,815,131,119,,,,,,,,,,,,,,,,,,,,,,,,,,,
Troop,Elixir Golem,5,Melee: Short,,1.1,894,144,130,,,,,,,,,,,,,,,,,,,,,,,,,,,
Troop,Elixir Golem,6,Melee: Short,,1.1,980,158,143,,,,,,,,,,,,,,,,,,,,,,,,,,,
Troop,Elixir Golem,7,Melee: Short,,1.1,1078,174,158,,,,,,,,,,,,,,,,,,,,,,,,,,,
Troop,Elixir Golem,8,Melee: Short,,1.1,1183,191,173,,,,,,,,,,,,,,,,,,,,,,,,,,,
Troop,Elixir Golem,9,Melee: Short,,1.1,1299,209,190,,,,,,,,,,,,,,,,,,,,,,,,,,,
Troop,Elixir Golem,10,Melee: Short,,1.1,1428,230,209,,,,,,,,,,,,,,,,,,,,,,,,,,,
Troop,Elixir Golem,11,Melee: Short,,1.1,1569,253,230,,,,,,,,,,,,,,,,,,,,,,,,,,,
Troop,Elixir Golem,12,Melee: Short,,1.1,1722,278,252,,,,,,,,,,,,,,,,,,,,,,,,,,,
Troop,Elixir Golem,13,Melee: Short,,1.1,1894,305,277,,,,,,,,,,,,,,,,,,,,,,,,,,,
Troop,Elixir Golem,14,Melee: Short,,1.1,2078,335,304,,,,,,,,,,,,,,,,,,,,,,,,,,,
Troop,Elixir Golem,15,Melee: Short,,1.1,2280,368,334,,,,,,,,,,,,,,,,,,,,,,,,,,,
Troop,Elixir Golem,16,Melee: Short,,1.1,2507,404,367,,,,,,,,,,,,,,,,,,,,,,,,,,,
Troop,Elixir Golem,17,Melee: Short,,1.1,2758,445,404,,,,,,,,,,,,,,,,,,,,,,,,,,,
Troop,Elixir Golem,18,Melee: Short,,1.1,3034,490,445,,,,,,,,,,,,,,,,,,,,,,,,,,,
Troop,Elixir Golemite,1,Melee: Short,,1.1,298,50,45,,,,,,,,,,,,,,,,,,,,,,,,,,,
Troop,Elixir Golemite,2,Melee: Short,,1.1,327,55,50,,,,,,,,,,,,,,,,,,,,,,,,,,,
Troop,Elixir Golemite,3,Melee: Short,,1.1,360,60,54,,,,,,,,,,,,,,,,,,,,,,,,,,,
Troop,Elixir Golemite,4,Melee: Short,,1.1,396,66,60,,,,,,,,,,,,,,,,,,,,,,,,,,,
Troop,Elixir Golemite,5,Melee: Short,,1.1,435,73,66,,,,,,,,,,,,,,,,,,,,,,,,,,,
Troop,Elixir Golemite,6,Melee: Short,,1.1,476,80,72,,,,,,,,,,,,,,,,,,,,,,,,,,,
Troop,Elixir Golemite,7,Melee: Short,,1.1,524,88,80,,,,,,,,,,,,,,,,,,,,,,,,,,,
Troop,Elixir Golemite,8,Melee: Short,,1.1,575,96,87,,,,,,,,,,,,,,,,,,,,,,,,,,,
Troop,Elixir Golemite,9,Melee: Short,,1.1,631,106,96,,,,,,,,,,,,,,,,,,,,,,,,,,,
Troop,Elixir Golemite,10,Melee: Short,,1.1,694,116,105,,,,,,,,,,,,,,,,,,,,,,,,,,,
Troop,Elixir Golemite,11,Melee: Short,,1.1,762,128,116,,,,,,,,,,,,,,,,,,,,,,,,,,,
Troop,Elixir Golemite,12,Melee: Short,,1.1,837,140,127,,,,,,,,,,,,,,,,,,,,,,,,,,,
Troop,Elixir Golemite,13,Melee: Short,,1.1,920,154,140,,,,,,,,,,,,,,,,,,,,,,,,,,,
Troop,Elixir Golemite,14,Melee: Short,,1.1,1010,169,153,,,,,,,,,,,,,,,,,,,,,,,,,,,
Troop,Elixir Golemite,15,Melee: Short,,1.1,1108,186,169,,,,,,,,,,,,,,,,,,,,,,,,,,,
Troop,Elixir Golemite,16,Melee: Short,,1.1,1218,204,185,,,,,,,,,,,,,,,,,,,,,,,,,,,
Troop,Elixir Golemite,17,Melee: Short,,1.1,1341,225,204,,,,,,,,,,,,,,,,,,,,,,,,,,,
Troop,Elixir Golemite,18,Melee: Short,,1.1,1475,247,224,,,,,,,,,,,,,,,,,,,,,,,,,,,
Troop,Elixir Blob,1,Melee: Short,,1.1,141,25,22,,,,,,,,,,,,,,,,,,,,,,,,,,,
Troop,Elixir Blob,2,Melee: Short,,1.1,155,27,24,,,,,,,,,,,,,,,,,,,,,,,,,,,
Troop,Elixir Blob,3,Melee: Short,,1.1,170,30,27,,,,,,,,,,,,,,,,,,,,,,,,,,,
Troop,Elixir Blob,4,Melee: Short,,1.1,187,33,30,,,,,,,,,,,,,,,,,,,,,,,,,,,
Troop,Elixir Blob,5,Melee: Short,,1.1,205,36,32,,,,,,,,,,,,,,,,,,,,,,,,,,,
Troop,Elixir Blob,6,Melee: Short,,1.1,225,40,36,,,,,,,,,,,,,,,,,,,,,,,,,,,
Troop,Elixir Blob,7,Melee: Short,,1.1,248,44,40,,,,,,,,,,,,,,,,,,,,,,,,,,,
Troop,Elixir Blob,8,Melee: Short,,1.1,272,48,43,,,,,,,,,,,,,,,,,,,,,,,,,,,
Troop,Elixir Blob,9,Melee: Short,,1.1,298,53,48,,,,,,,,,,,,,,,,,,,,,,,,,,,
Troop,Elixir Blob,10,Melee: Short,,1.1,328,58,52,,,,,,,,,,,,,,,,,,,,,,,,,,,
Troop,Elixir Blob,11,Melee: Short,,1.1,360,64,58,,,,,,,,,,,,,,,,,,,,,,,,,,,
Troop,Elixir Blob,12,Melee: Short,,1.1,396,70,63,,,,,,,,,,,,,,,,,,,,,,,,,,,
Troop,Elixir Blob,13,Melee: Short,,1.1,435,77,70,,,,,,,,,,,,,,,,,,,,,,,,,,,
Troop,Elixir Blob,14,Melee: Short,,1.1,477,84,76,,,,,,,,,,,,,,,,,,,,,,,,,,,
Troop,Elixir Blob,15,Melee: Short,,1.1,524,93,84,,,,,,,,,,,,,,,,,,,,,,,,,,,
Troop,Elixir Blob,16,Melee: Short,,1.1,576,102,92,,,,,,,,,,,,,,,,,,,,,,,,,,,
Troop,Elixir Blob,17,Melee: Short,,1.1,634,112,101,,,,,,,,,,,,,,,,,,,,,,,,,,,
Troop,Elixir Blob,18,Melee: Short,,1.1,697,123,111,,,,,,,,,,,,,,,,,,,,,,,,,,,
Building,Goblin Drill,1,,,,513,33,10,,,,,,,,,,,,,,,,,,,,,,,,,,,
Building,Goblin Drill,2,,,,564,36,11,,,,,,,,,,,,,,,,,,,,,,,,,,,
Building,Goblin Drill,3,,,,620,39,12,,,,,,,,,,,,,,,,,,,,,,,,,,,
Building,Goblin Drill,4,,,,682,43,13,,,,,,,,,,,,,,,,,,,,,,,,,,,
Building,Goblin Drill,5,,,,748,48,15,,,,,,,,,,,,,,,,,,,,,,,,,,,
Building,Goblin Drill,6,,,,820,52,16,,,,,,,,,,,,,,,,,,,,,,,,,,,
Building,Goblin Drill,7,,,,902,58,18,,,,,,,,,,,,,,,,,,,,,,,,,,,
Building,Goblin Drill,8,,,,990,63,19,,,,,,,,,,,,,,,,,,,,,,,,,,,
Building,Goblin Drill,9,,,,1087,69,21,,,,,,,,,,,,,,,,,,,,,,,,,,,
Building,Goblin Drill,10,,,,1195,76,23,,,,,,,,,,,,,,,,,,,,,,,,,,,
Building,Goblin Drill,11,,,,1313,84,26,,,,,,,,,,,,,,,,,,,,,,,,,,,
Building,Goblin Drill,12,,,,1441,92,28,,,,,,,,,,,,,,,,,,,,,,,,,,,
Building,Goblin Drill,13,,,,1585,101,31,,,,,,,,,,,,,,,,,,,,,,,,,,,
Building,Goblin Drill,14,,,,1739,111,34,,,,,,,,,,,,,,,,,,,,,,,,,,,
Building,Goblin Drill,15,,,,1908,122,37,,,,,,,,,,,,,,,,,,,,,,,,,,,
Building,Goblin Drill,16,,,,2098,134,41,,,,,,,,,,,,,,,,,,,,,,,,,,,
Building,Goblin Drill,17,,,,2308,148,45,,,,,,,,,,,,,,,,,,,,,,,,,,,
Building,Goblin Drill,18,,,,2539,163,49,,,,,,,,,,,,,,,,,,,,,,,,,,,
Spell,Royal Delivery,1,,3,,,171,,,,,,,,,,,,,,,,,,,,,,,,,,,,
Spell,Royal Delivery,2,,3,,,188,,,,,,,,,,,,,,,,,,,,,,,,,,,,
Spell,Royal Delivery,3,,3,,,206,,,,,,,,,,,,,,,,,,,,,,,,,,,,
Spell,Royal Delivery,4,,3,,,227,,,,,,,,,,,,,,,,,,,,,,,,,,,,
Spell,Royal Delivery,5,,3,,,249,,,,,,,,,,,,,,,,,,,,,,,,,,,,
Spell,Royal Delivery,6,,3,,,273,,,,,,,,,,,,,,,,,,,,,,,,,,,,
Spell,Royal Delivery,7,,3,,,300,,,,,,,,,,,,,,,,,,,,,,,,,,,,
Spell,Royal Delivery,8,,3,,,330,,,,,,,,,,,,,,,,,,,,,,,,,,,,
Spell,Royal Delivery,9,,3,,,362,,,,,,,,,,,,,,,,,,,,,,,,,,,,
Spell,Royal Delivery,10,,3,,,398,,,,,,,,,,,,,,,,,,,,,,,,,,,,
Spell,Royal Delivery,11,,3,,,437,,,,,,,,,,,,,,,,,,,,,,,,,,,,
Spell,Royal Delivery,12,,3,,,480,,,,,,,,,,,,,,,,,,,,,,,,,,,,
Spell,Royal Delivery,13,,3,,,528,,,,,,,,,,,,,,,,,,,,,,,,,,,,
Spell,Royal Delivery,14,,3,,,579,,,,,,,,,,,,,,,,,,,,,,,,,,,,
Spell,Royal Delivery,15,,3,,,636,,,,,,,,,,,,,,,,,,,,,,,,,,,,
Spell,Royal Delivery,16,,3,,,699,,,,,,,,,,,,,,,,,,,,,,,,,,,,
Spell,Royal Delivery,17,,3,,,769,,,,,,,,,,,,,,,,,,,,,,,,,,,,
Spell,Royal Delivery,18,,3,,,846,,,,,,,,,,,,,,,,,,,,,,,,,,,,
Spell,Rage,1,,3,,,70,,21,,,,,,,,,,,,,,,,,,,,,,,,,,
Spell,Rage,2,,3,,,77,,24,,,,,,,,,,,,,,,,,,,,,,,,,,
Spell,Rage,3,,3,,,84,,26,,,,,,,,,,,,,,,,,,,,,,,,,,
Spell,Rage,4,,3,,,93,,28,,,,,,,,,,,,,,,,,,,,,,,,,,
Spell,Rage,5,,3,,,102,,31,,,,,,,,,,,,,,,,,,,,,,,,,,
Spell,Rage,6,,3,,,112,,34,,,,,,,,,,,,,,,,,,,,,,,,,,
Spell,Rage,7,,3,,,123,,37,,,,,,,,,,,,,,,,,,,,,,,,,,
Spell,Rage,8,,3,,,135,,41,,,,,,,,,,,,,,,,,,,,,,,,,,
Spell,Rage,9,,3,,,148,,45,,,,,,,,,,,,,,,,,,,,,,,,,,
Spell,Rage,10,,3,,,163,,49,,,,,,,,,,,,,,,,,,,,,,,,,,
Spell,Rage,11,,3,,,179,,54,,,,,,,,,,,,,,,,,,,,,,,,,,
Spell,Rage,12,,3,,,196,,59,,,,,,,,,,,,,,,,,,,,,,,,,,
Spell,Rage,13,,3,,,216,,65,,,,,,,,,,,,,,,,,,,,,,,,,,
Spell,Rage,14,,3,,,237,,72,,,,,,,,,,,,,,,,,,,,,,,,,,
Spell,Rage,15,,3,,,260,,78,,,,,,,,,,,,,,,,,,,,,,,,,,
Spell,Rage,16,,3,,,286,,86,,,,,,,,,,,,,,,,,,,,,,,,,,
Spell,Rage,17,,3,,,315,,95,,,,,,,,,,,,,,,,,,,,,,,,,,
Spell,Rage,18,,3,,,346,,104,,,,,,,,,,,,,,,,,,,,,,,,,,
Spell,Goblin Curse,1,,3,,,,100,,,,,,,,,,,,,,,,,,,,,,,,,,,
Spell,Goblin Curse,2,,3,,,,110,,,,,,,,,,,,,,,,,,,,,,,,,,,
Spell,Goblin Curse,3,,3,,,,121,,,,,,,,,,,,,,,,,,,,,,,,,,,
Spell,Goblin Curse,4,,3,,,,133,,,,,,,,,,,,,,,,,,,,,,,,,,,
Spell,Goblin Curse,5,,3,,,,146,,,,,,,,,,,,,,,,,,,,,,,,,,,
Spell,Goblin Curse,6,,3,,,,160,,,,,,,,,,,,,,,,,,,,,,,,,,,
Spell,Goblin Curse,7,,3,,,,176,,,,,,,,,,,,,,,,,,,,,,,,,,,
Spell,Goblin Curse,8,,3,,,,193,,,,,,,,,,,,,,,,,,,,,,,,,,,
Spell,Goblin Curse,9,,3,,,,212,,,,,,,,,,,,,,,,,,,,,,,,,,,
Spell,Goblin Curse,10,,3,,,,233,,,,,,,,,,,,,,,,,,,,,,,,,,,
Spell,Goblin Curse,11,,3,,,,256,,,,,,,,,,,,,,,,,,,,,,,,,,,
Spell,Goblin Curse,12,,3,,,,281,,,,,,,,,,,,,,,,,,,,,,,,,,,
Spell,Goblin Curse,13,,3,,,,309,,,,,,,,,,,,,,,,,,,,,,,,,,,
Spell,Goblin Curse,14,,3,,,,339,,,,,,,,,,,,,,,,,,,,,,,,,,,
Spell,Goblin Curse,15,,3,,,,372,,,,,,,,,,,,,,,,,,,,,,,,,,,
Spell,Goblin Curse,16,,3,,,,409,,,,,,,,,,,,,,,,,,,,,,,,,,,
Spell,Goblin Curse,17,,3,,,,450,,,,,,,,,,,,,,,,,,,,,,,,,,,
Spell,Goblin Curse,18,,3,,,,495,,,,,,,,,,,,,,,,,,,,,,,,,,,
Troop,Cannon Cart,1,5.5,,0.9,707,83,92,,,,,,,,,,,,,,,,,,,,,,,,,,,
Troop,Cannon Cart,2,5.5,,0.9,777,91,101,,,,,,,,,,,,,,,,,,,,,,,,,,,
Troop,Cannon Cart,3,5.5,,0.9,855,100,111,,,,,,,,,,,,,,,,,,,,,,,,,,,
Troop,Cannon Cart,4,5.5,,0.9,940,110,122,,,,,,,,,,,,,,,,,,,,,,,,,,,
Troop,Cannon Cart,5,5.5,,0.9,1032,121,134,,,,,,,,,,,,,,,,,,,,,,,,,,,
Troop,Cannon Cart,6,5.5,,0.9,1131,132,146,,,,,,,,,,,,,,,,,,,,,,,,,,,
Troop,Cannon Cart,7,5.5,,0.9,1244,146,162,,,,,,,,,,,,,,,,,,,,,,,,,,,
Troop,Cannon Cart,8,5.5,,0.9,1364,160,177,,,,,,,,,,,,,,,,,,,,,,,,,,,
Troop,Cannon Cart,9,5.5,,0.9,1498,175,194,,,,,,,,,,,,,,,,,,,,,,,,,,,
Troop,Cannon Cart,10,5.5,,0.9,1647,193,214,,,,,,,,,,,,,,,,,,,,,,,,,,,
Troop,Cannon Cart,11,5.5,,0.9,1809,212,235,,,,,,,,,,,,,,,,,,,,,,,,,,,
Troop,Cannon Cart,12,5.5,,0.9,1986,233,258,,,,,,,,,,,,,,,,,,,,,,,,,,,
Troop,Cannon Cart,13,5.5,,0.9,2184,256,284,,,,,,,,,,,,,,,,,,,,,,,,,,,
Troop,Cannon Cart,14,5.5,,0.9,2396,281,312,,,,,,,,,,,,,,,,,,,,,,,,,,,
Troop,Cannon Cart,15,5.5,,0.9,2630,308,342,,,,,,,,,,,,,,,,,,,,,,,,,,,
Troop,Cannon Cart,16,5.5,,0.9,2891,339,376,,,,,,,,,,,,,,,,,,,,,,,,,,,
Troop,Cannon Cart,17,5.5,,0.9,3181,373,414,,,,,,,,,,,,,,,,,,,,,,,,,,,
Troop,Cannon Cart,18,5.5,,0.9,3499,410,455,,,,,,,,,,,,,,,,,,,,,,,,,,,
Troop,Fisherman,1,Melee: Medium,,1.3,340,76,58,,,,,,,,,,,,,,,,,,,,,,,,,,,
Troop,Fisherman,2,Melee: Medium,,1.3,374,83,63,,,,,,,,,,,,,,,,,,,,,,,,,,,
Troop,Fisherman,3,Melee: Medium,,1.3,411,91,70,,,,,,,,,,,,,,,,,,,,,,,,,,,
Troop,Fisherman,4,Melee: Medium,,1.3,452,101,77,,,,,,,,,,,,,,,,,,,,,,,,,,,
Troop,Fisherman,5,Melee: Medium,,1.3,496,110,84,,,,,,,,,,,,,,,,,,,,,,,,,,,
Troop,Fisherman,6,Melee: Medium,,1.3,544,121,93,,,,,,,,,,,,,,,,,,,,,,,,,,,
Troop,Fisherman,7,Melee: Medium,,1.3,598,133,102,,,,,,,,,,,,,,,,,,,,,,,,,,,
Troop,Fisherman,8,Melee: Medium,,1.3,656,146,112,,,,,,,,,,,,,,,,,,,,,,,,,,,
Troop,Fisherman,9,Melee: Medium,,1.3,720,161,123,,,,,,,,,,,,,,,,,,,,,,,,,,,
Troop,Fisherman,10,Melee: Medium,,1.3,792,177,136,,,,,,,,,,,,,,,,,,,,,,,,,,,
Troop,Fisherman,11,Melee: Medium,,1.3,870,194,149,,,,,,,,,,,,,,,,,,,,,,,,,,,
Troop,Fisherman,12,Melee: Medium,,1.3,955,213,163,,,,,,,,,,,,,,,,,,,,,,,,,,,
Troop,Fisherman,13,Melee: Medium,,1.3,1050,234,180,,,,,,,,,,,,,,,,,,,,,,,,,,,
Troop,Fisherman,14,Melee: Medium,,1.3,1152,257,197,,,,,,,,,,,,,,,,,,,,,,,,,,,
Troop,Fisherman,15,Melee: Medium,,1.3,1264,282,216,,,,,,,,,,,,,,,,,,,,,,,,,,,
Troop,Fisherman,16,Melee: Medium,,1.3,1390,310,238,,,,,,,,,,,,,,,,,,,,,,,,,,,
Troop,Fisherman,17,Melee: Medium,,1.3,1530,342,263,,,,,,,,,,,,,,,,,,,,,,,,,,,
Troop,Fisherman,18,Melee: Medium,,1.3,1683,376,289,,,,,,,,,,,,,,,,,,,,,,,,,,,
Troop,Mother Witch,1,5.5,,1,207,52,52,,,,,,,,,,,,,,,,,,,,,,,,,,,
Troop,Mother Witch,2,5.5,,1,227,57,57,,,,,,,,,,,,,,,,,,,,,,,,,,,
Troop,Mother Witch,3,5.5,,1,250,62,62,,,,,,,,,,,,,,,,,,,,,,,,,,,
Troop,Mother Witch,4,5.5,,1,275,69,69,,,,,,,,,,,,,,,,,,,,,,,,,,,
Troop,Mother Witch,5,5.5,,1,302,75,75,,,,,,,,,,,,,,,,,,,,,,,,,,,
Troop,Mother Witch,6,5.5,,1,331,83,83,,,,,,,,,,,,,,,,,,,,,,,,,,,
Troop,Mother Witch,7,5.5,,1,364,91,91,,,,,,,,,,,,,,,,,,,,,,,,,,,
Troop,Mother Witch,8,5.5,,1,399,100,100,,,,,,,,,,,,,,,,,,,,,,,,,,,
Troop,Mother Witch,9,5.5,,1,438,110,110,,,,,,,,,,,,,,,,,,,,,,,,,,,
Troop,Mother Witch,10,5.5,,1,482,121,121,,,,,,,,,,,,,,,,,,,,,,,,,,,
Troop,Mother Witch,11,5.5,,1,529,133,133,,,,,,,,,,,,,,,,,,,,,,,,,,,
Troop,Mother Witch,12,5.5,,1,581,146,146,,,,,,,,,,,,,,,,,,,,,,,,,,,
Troop,Mother Witch,13,5.5,,1,639,160,160,,,,,,,,,,,,,,,,,,,,,,,,,,,
Troop,Mother Witch,14,5.5,,1,701,176,176,,,,,,,,,,,,,,,,,,,,,,,,,,,
Troop,Mother Witch,15,5.5,,1,770,193,193,,,,,,,,,,,,,,,,,,,,,,,,,,,
Troop,Mother Witch,16,5.5,,1,846,212,212,,,,,,,,,,,,,,,,,,,,,,,,,,,
Troop,Mother Witch,17,5.5,,1,931,234,234,,,,,,,,,,,,,,,,,,,,,,,,,,,
Troop,Mother Witch,18,5.5,,1,1024,257,257,,,,,,,,,,,,,,,,,,,,,,,,,,,
Troop,Cursed Hog,1,Melee: Short,,1.2,246,21,17,,,,,,,,,,,,,,,,,,,,,,,,,,,
Troop,Cursed Hog,2,Melee: Short,,1.2,270,23,19,,,,,,,,,,,,,,,,,,,,,,,,,,,
Troop,Cursed Hog,3,Melee: Short,,1.2,297,25,20,,,,,,,,,,,,,,,,,,,,,,,,,,,
Troop,Cursed Hog,4,Melee: Short,,1.2,327,27,22,,,,,,,,,,,,,,,,,,,,,,,,,,,
Troop,Cursed Hog,5,Melee: Short,,1.2,359,30,25,,,,,,,,,,,,,,,,,,,,,,,,,,,
Troop,Cursed Hog,6,Melee: Short,,1.2,393,33,27,,,,,,,,,,,,,,,,,,,,,,,,,,,
Troop,Cursed Hog,7,Melee: Short,,1.2,432,36,30,,,,,,,,,,,,,,,,,,,,,,,,,,,
Troop,Cursed Hog,8,Melee: Short,,1.2,474,40,33,,,,,,,,,,,,,,,,,,,,,,,,,,,
Troop,Cursed Hog,9,Melee: Short,,1.2,521,44,36,,,,,,,,,,,,,,,,,,,,,,,,,,,
Troop,Cursed Hog,10,Melee: Short,,1.2,573,48,40,,,,,,,,,,,,,,,,,,,,,,,,,,,
Troop,Cursed Hog,11,Melee: Short,,1.2,629,53,44,,,,,,,,,,,,,,,,,,,,,,,,,,,
Troop,Cursed Hog,12,Melee: Short,,1.2,691,59,49,,,,,,,,,,,,,,,,,,,,,,,,,,,
Troop,Cursed Hog,13,Melee: Short,,1.2,760,64,53,,,,,,,,,,,,,,,,,,,,,,,,,,,
Troop,Cursed Hog,14,Melee: Short,,1.2,833,71,59,,,,,,,,,,,,,,,,,,,,,,,,,,,
Troop,Cursed Hog,15,Melee: Short,,1.2,915,78,65,,,,,,,,,,,,,,,,,,,,,,,,,,,
Troop,Cursed Hog,16,Melee: Short,,1.2,1006,85,70,,,,,,,,,,,,,,,,,,,,,,,,,,,
Troop,Cursed Hog,17,Melee: Short,,1.2,1107,94,78,,,,,,,,,,,,,,,,,,,,,,,,,,,
Troop,Cursed Hog,18,Melee: Short,,1.2,1217,103,85,,,,,,,,,,,,,,,,,,,,,,,,,,,
Troop,Goblin Machine,1,Melee: Medium,,1.2,840,83,69,,,,,,,,,,,,,,,,,,,,,,,,,,,
Troop,Goblin Machine,2,Melee: Medium,,1.2,924,91,75,,,,,,,,,,,,,,,,,,,,,,,,,,,
Troop,Goblin Machine,3,Melee: Medium,,1.2,1016,100,83,,,,,,,,,,,,,,,,,,,,,,,,,,,
Troop,Goblin Machine,4,Melee: Medium,,1.2,1117,110,91,,,,,,,,,,,,,,,,,,,,,,,,,,,
Troop,Goblin Machine,5,Melee: Medium,,1.2,1226,121,100,,,,,,,,,,,,,,,,,,,,,,,,,,,
Troop,Goblin Machine,6,Melee: Medium,,1.2,1344,132,110,,,,,,,,,,,,,,,,,,,,,,,,,,,
Troop,Goblin Machine,7,Melee: Medium,,1.2,1478,146,121,,,,,,,,,,,,,,,,,,,,,,,,,,,
Troop,Goblin Machine,8,Melee: Medium,,1.2,1621,160,133,,,,,,,,,,,,,,,,,,,,,,,,,,,
Troop,Goblin Machine,9,Melee: Medium,,1.2,1780,175,145,,,,,,,,,,,,,,,,,,,,,,,,,,,
Troop,Goblin Machine,10,Melee: Medium,,1.2,1957,193,160,,,,,,,,,,,,,,,,,,,,,,,,,,,
Troop,Goblin Machine,11,Melee: Medium,,1.2,2150,212,176,,,,,,,,,,,,,,,,,,,,,,,,,,,
Troop,Goblin Machine,12,Melee: Medium,,1.2,2360,233,194,,,,,,,,,,,,,,,,,,,,,,,,,,,
Troop,Goblin Machine,13,Melee: Medium,,1.2,2595,256,213,,,,,,,,,,,,,,,,,,,,,,,,,,,
Troop,Goblin Machine,14,Melee: Medium,,1.2,2847,281,234,,,,,,,,,,,,,,,,,,,,,,,,,,,
Troop,Goblin Machine,15,Melee: Medium,,1.2,3124,308,256,,,,,,,,,,,,,,,,,,,,,,,,,,,
Troop,Goblin Machine,16,Melee: Medium,,1.2,3435,339,282,,,,,,,,,,,,,,,,,,,,,,,,,,,
Troop,Goblin Machine,17,Melee: Medium,,1.2,3780,373,310,,,,,,,,,,,,,,,,,,,,,,,,,,,
Troop,Goblin Machine,18,Melee: Medium,,1.2,4158,410,341,,,,,,,,,,,,,,,,,,,,,,,,,,,
Troop,Goblin Machine Rocket,1,,1.5,,,119,,60,,,,,,,,,,,,,,,,,,,,,,,,,,
Troop,Goblin Machine Rocket,2,,1.5,,,130,,65,,,,,,,,,,,,,,,,,,,,,,,,,,
Troop,Goblin Machine Rocket,3,,1.5,,,143,,72,,,,,,,,,,,,,,,,,,,,,,,,,,
Troop,Goblin Machine Rocket,4,,1.5,,,158,,79,,,,,,,,,,,,,,,,,,,,,,,,,,
Troop,Goblin Machine Rocket,5,,1.5,,,173,,87,,,,,,,,,,,,,,,,,,,,,,,,,,
Troop,Goblin Machine Rocket,6,,1.5,,,190,,95,,,,,,,,,,,,,,,,,,,,,,,,,,
Troop,Goblin Machine Rocket,7,,1.5,,,209,,105,,,,,,,,,,,,,,,,,,,,,,,,,,
Troop,Goblin Machine Rocket,8,,1.5,,,229,,115,,,,,,,,,,,,,,,,,,,,,,,,,,
Troop,Goblin Machine Rocket,9,,1.5,,,252,,126,,,,,,,,,,,,,,,,,,,,,,,,,,
Troop,Goblin Machine Rocket,10,,1.5,,,277,,139,,,,,,,,,,,,,,,,,,,,,,,,,,
Troop,Goblin Machine Rocket,11,,1.5,,,304,,152,,,,,,,,,,,,,,,,,,,,,,,,,,
Troop,Goblin Machine Rocket,12,,1.5,,,334,,167,,,,,,,,,,,,,,,,,,,,,,,,,,
Troop,Goblin Machine Rocket,13,,1.5,,,367,,184,,,,,,,,,,,,,,,,,,,,,,,,,,
Troop,Goblin Machine Rocket,14,,1.5,,,403,,202,,,,,,,,,,,,,,,,,,,,,,,,,,
Troop,Goblin Machine Rocket,15,,1.5,,,442,,221,,,,,,,,,,,,,,,,,,,,,,,,,,
Troop,Goblin Machine Rocket,16,,1.5,,,486,,243,,,,,,,,,,,,,,,,,,,,,,,,,,
Troop,Goblin Machine Rocket,17,,1.5,,,535,,268,,,,,,,,,,,,,,,,,,,,,,,,,,
Troop,Goblin Machine Rocket,18,,1.5,,,589,,295,,,,,,,,,,,,,,,,,,,,,,,,,,
Building,Elixir Collector,1,,,,418,,,,,,,,,,,,,,,,,,,,,,,,,,,,,
Building,Elixir Collector,2,,,,459,,,,,,,,,,,,,,,,,,,,,,,,,,,,,
Building,Elixir Collector,3,,,,505,,,,,,,,,,,,,,,,,,,,,,,,,,,,,
Building,Elixir Collector,4,,,,555,,,,,,,,,,,,,,,,,,,,,,,,,,,,,
Building,Elixir Collector,5,,,,610,,,,,,,,,,,,,,,,,,,,,,,,,,,,,
Building,Elixir Collector,6,,,,668,,,,,,,,,,,,,,,,,,,,,,,,,,,,,
Building,Elixir Collector,7,,,,735,,,,,,,,,,,,,,,,,,,,,,,,,,,,,
Building,Elixir Collector,8,,,,806,,,,,,,,,,,,,,,,,,,,,,,,,,,,,
Building,Elixir Collector,9,,,,886,,,,,,,,,,,,,,,,,,,,,,,,,,,,,
Building,Elixir Collector,10,,,,973,,,,,,,,,,,,,,,,,,,,,,,,,,,,,
Building,Elixir Collector,11,,,,1070,,,,,,,,,,,,,,,,,,,,,,,,,,,,,
Building,Elixir Collector,12,,,,1174,,,,,,,,,,,,,,,,,,,,,,,,,,,,,
Building,Elixir Collector,13,,,,1291,,,,,,,,,,,,,,,,,,,,,,,,,,,,,
Building,Elixir Collector,14,,,,1417,,,,,,,,,,,,,,,,,,,,,,,,,,,,,
Building,Elixir Collector,15,,,,1554,,,,,,,,,,,,,,,,,,,,,,,,,,,,,
Building,Elixir Collector,16,,,,1709,,,,,,,,,,,,,,,,,,,,,,,,,,,,,
Building,Elixir Collector,17,,,,1881,,,,,,,,,,,,,,,,,,,,,,,,,,,,,
Building,Elixir Collector,18,,,,2069,,,,,,,,,,,,,,,,,,,,,,,,,,,,,
Spell,Tornado,1,,5.5,,,,60,36,,,,,,,,,,,,,,,,,,,,,,,,,,
Spell,Tornado,2,,5.5,,,,65,40,,,,,,,,,,,,,,,,,,,,,,,,,,
Spell,Tornado,3,,5.5,,,,70,42,,,,,,,,,,,,,,,,,,,,,,,,,,
Spell,Tornado,4,,5.5,,,,78,48,,,,,,,,,,,,,,,,,,,,,,,,,,
Spell,Tornado,5,,5.5,,,,85,52,,,,,,,,,,,,,,,,,,,,,,,,,,
Spell,Tornado,6,,5.5,,,,94,58,,,,,,,,,,,,,,,,,,,,,,,,,,
Spell,Tornado,7,,5.5,,,,103,62,,,,,,,,,,,,,,,,,,,,,,,,,,
Spell,Tornado,8,,5.5,,,,114,70,,,,,,,,,,,,,,,,,,,,,,,,,,
Spell,Tornado,9,,5.5,,,,125,76,,,,,,,,,,,,,,,,,,,,,,,,,,
Spell,Tornado,10,,5.5,,,,138,84,,,,,,,,,,,,,,,,,,,,,,,,,,
Spell,Tornado,11,,5.5,,,,152,92,,,,,,,,,,,,,,,,,,,,,,,,,,
Spell,Tornado,12,,5.5,,,,167,102,,,,,,,,,,,,,,,,,,,,,,,,,,
Spell,Tornado,13,,5.5,,,,183,110,,,,,,,,,,,,,,,,,,,,,,,,,,
Spell,Tornado,14,,5.5,,,,201,122,,,,,,,,,,,,,,,,,,,,,,,,,,
Spell,Tornado,15,,5.5,,,,221,134,,,,,,,,,,,,,,,,,,,,,,,,,,
Spell,Tornado,16,,5.5,,,,243,146,,,,,,,,,,,,,,,,,,,,,,,,,,
Spell,Tornado,17,,5.5,,,,269,162,,,,,,,,,,,,,,,,,,,,,,,,,,
Spell,Tornado,18,,5.5,,,,296,178,,,,,,,,,,,,,,,,,,,,,,,,,,
Spell,Void,1,,2.5,,,133,,19,,,,,,,,,,,,,,,,,,,62,10,29,7,,,,
Spell,Void,2,,2.5,,,146,,20,,,,,,,,,,,,,,,,,,,68,11,32,7,,,,
Spell,Void,3,,2.5,,,160,,22,,,,,,,,,,,,,,,,,,,75,12,35,8,,,,
Spell,Void,4,,2.5,,,176,,25,,,,,,,,,,,,,,,,,,,83,13,39,9,,,,
Spell,Void,5,,2.5,,,194,,27,,,,,,,,,,,,,,,,,,,91,14,43,10,,,,
Spell,Void,6,,2.5,,,212,,30,,,,,,,,,,,,,,,,,,,100,16,47,11,,,,
Spell,Void,7,,2.5,,,234,,33,,,,,,,,,,,,,,,,,,,110,17,52,12,,,,
Spell,Void,8,,2.5,,,256,,36,,,,,,,,,,,,,,,,,,,120,19,57,13,,,,
Spell,Void,9,,2.5,,,281,,40,,,,,,,,,,,,,,,,,,,132,21,62,14,,,,
Spell,Void,10,,2.5,,,309,,44,,,,,,,,,,,,,,,,,,,145,23,69,16,,,,
Spell,Void,11,,2.5,,,340,,48,,,,,,,,,,,,,,,,,,,160,25,76,17,,,,
Spell,Void,12,,2.5,,,373,,53,,,,,,,,,,,,,,,,,,,175,28,83,19,,,,
Spell,Void,13,,2.5,,,410,,58,,,,,,,,,,,,,,,,,,,193,30,91,21,,,,
Spell,Void,14,,2.5,,,450,,64,,,,,,,,,,,,,,,,,,,211,33,100,23,,,,
Spell,Void,15,,2.5,,,494,,70,,,,,,,,,,,,,,,,,,,232,37,110,26,,,,
Spell,Void,16,,2.5,,,543,,77,,,,,,,,,,,,,,,,,,,255,40,121,28,,,,
Spell,Void,17,,2.5,,,598,,85,,,,,,,,,,,,,,,,,,,281,45,133,31,,,,
Spell,Void,18,,2.5,,,658,,94,,,,,,,,,,,,,,,,,,,309,49,147,34,,,,
Champion,Skeleton King,1,Melee: Medium,,1.6,898,80,50,,,,,,,,,,,,,,,,,,,,,,,,,,,
Champion,Skeleton King,2,Melee: Medium,,1.6,987,88,55,,,,,,,,,,,,,,,,,,,,,,,,,,,
Champion,Skeleton King,3,Melee: Medium,,1.6,1086,96,60,,,,,,,,,,,,,,,,,,,,,,,,,,,
Champion,Skeleton King,4,Melee: Medium,,1.6,1194,106,66,,,,,,,,,,,,,,,,,,,,,,,,,,,
Champion,Skeleton King,5,Melee: Medium,,1.6,1311,116,72,,,,,,,,,,,,,,,,,,,,,,,,,,,
Champion,Skeleton King,6,Melee: Medium,,1.6,1436,128,80,,,,,,,,,,,,,,,,,,,,,,,,,,,
Champion,Skeleton King,7,Melee: Medium,,1.6,1580,140,87,,,,,,,,,,,,,,,,,,,,,,,,,,,
Champion,Skeleton King,8,Melee: Medium,,1.6,1733,154,96,,,,,,,,,,,,,,,,,,,,,,,,,,,
Champion,Skeleton King,9,Melee: Medium,,1.6,1903,169,105,,,,,,,,,,,,,,,,,,,,,,,,,,,
Champion,Skeleton King,10,Melee: Medium,,1.6,2092,186,116,,,,,,,,,,,,,,,,,,,,,,,,,,,
Champion,Skeleton King,11,Melee: Medium,,1.6,2298,204,127,,,,,,,,,,,,,,,,,,,,,,,,,,,
Champion,Skeleton King,12,Melee: Medium,,1.6,2523,224,140,,,,,,,,,,,,,,,,,,,,,,,,,,,
Champion,Skeleton King,13,Melee: Medium,,1.6,2774,247,154,,,,,,,,,,,,,,,,,,,,,,,,,,,
Champion,Skeleton King,14,Melee: Medium,,1.6,3044,271,169,,,,,,,,,,,,,,,,,,,,,,,,,,,
Champion,Skeleton King,15,Melee: Medium,,1.6,3340,297,185,,,,,,,,,,,,,,,,,,,,,,,,,,,
Champion,Skeleton King,16,Melee: Medium,,1.6,3672,327,204,,,,,,,,,,,,,,,,,,,,,,,,,,,
Champion,Skeleton King,17,Melee: Medium,,1.6,4041,360,225,,,,,,,,,,,,,,,,,,,,,,,,,,,
Champion,Skeleton King,18,Melee: Medium,,1.6,4445,396,247,,,,,,,,,,,,,,,,,,,,,,,,,,,
Champion,Golden Knight,1,Melee: Medium,,0.9,703,63,70,,,,,,,,,,,,,,,,131,,,,,,,,,,,
Champion,Golden Knight,2,Melee: Medium,,0.9,773,69,76,,,,,,,,,,,,,,,,144,,,,,,,,,,,
Champion,Golden Knight,3,Melee: Medium,,0.9,850,76,84,,,,,,,,,,,,,,,,158,,,,,,,,,,,
Champion,Golden Knight,4,Melee: Medium,,0.9,934,83,92,,,,,,,,,,,,,,,,174,,,,,,,,,,,
Champion,Golden Knight,5,Melee: Medium,,0.9,1026,91,101,,,,,,,,,,,,,,,,191,,,,,,,,,,,
Champion,Golden Knight,6,Melee: Medium,,0.9,1124,100,111,,,,,,,,,,,,,,,,209,,,,,,,,,,,
Champion,Golden Knight,7,Melee: Medium,,0.9,1237,110,122,,,,,,,,,,,,,,,,230,,,,,,,,,,,
Champion,Golden Knight,8,Melee: Medium,,0.9,1356,121,134,,,,,,,,,,,,,,,,252,,,,,,,,,,,
Champion,Golden Knight,9,Melee: Medium,,0.9,1490,133,147,,,,,,,,,,,,,,,,277,,,,,,,,,,,
Champion,Golden Knight,10,Melee: Medium,,0.9,1637,146,162,,,,,,,,,,,,,,,,305,,,,,,,,,,,
Champion,Golden Knight,11,Melee: Medium,,0.9,1799,161,178,,,,,,,,,,,,,,,,335,,,,,,,,,,,
Champion,Golden Knight,12,Melee: Medium,,0.9,1975,177,196,,,,,,,,,,,,,,,,368,,,,,,,,,,,
Champion,Golden Knight,13,Melee: Medium,,0.9,2172,194,215,,,,,,,,,,,,,,,,404,,,,,,,,,,,
Champion,Golden Knight,14,Melee: Medium,,0.9,2383,213,236,,,,,,,,,,,,,,,,444,,,,,,,,,,,
Champion,Golden Knight,15,Melee: Medium,,0.9,2615,234,260,,,,,,,,,,,,,,,,487,,,,,,,,,,,
Champion,Golden Knight,16,Melee: Medium,,0.9,2875,257,285,,,,,,,,,,,,,,,,535,,,,,,,,,,,
Champion,Golden Knight,17,Melee: Medium,,0.9,3163,283,314,,,,,,,,,,,,,,,,589,,,,,,,,,,,
Champion,Golden Knight,18,Melee: Medium,,0.9,3479,311,345,,,,,,,,,,,,,,,,648,,,,,,,,,,,
Champion,Mighty Miner,1,Melee: Long,,0.4,879,16,160,,,,,,,,,,,,,,,,,,,,,,,,130,,,
Champion,Mighty Miner,2,Melee: Long,,0.4,966,17,176,,,,,,,,,,,,,,,,,,,,,,,,143,,,
Champion,Mighty Miner,3,Melee: Long,,0.4,1063,19,193,,,,,,,,,,,,,,,,,,,,,,,,157,,,
Champion,Mighty Miner,4,Melee: Long,,0.4,1169,21,212,,,,,,,,,,,,,,,,,,,,,,,,172,,,
Champion,Mighty Miner,5,Melee: Long,,0.4,1283,23,233,,,,,,,,,,,,,,,,,,,,,,,,189,,,
Champion,Mighty Miner,6,Melee: Long,,0.4,1406,25,256,,,,,,,,,,,,,,,,,,,,,,,,208,,,
Champion,Mighty Miner,7,Melee: Long,,0.4,1547,28,281,,,,,,,,,,,,,,,,,,,,,,,,228,,,
Champion,Mighty Miner,8,Melee: Long,,0.4,1696,30,308,,,,,,,,,,,,,,,,,,,,,,,,250,,,
Champion,Mighty Miner,9,Melee: Long,,0.4,1863,33,339,,,,,,,,,,,,,,,,,,,,,,,,275,,,
Champion,Mighty Miner,10,Melee: Long,,0.4,2048,37,372,,,,,,,,,,,,,,,,,,,,,,,,302,,,
Champion,Mighty Miner,11,Melee: Long,,0.4,2250,40,409,,,,,,,,,,,,,,,,,,,,,,,,332,,,
Champion,Mighty Miner,12,Melee: Long,,0.4,2469,44,449,,,,,,,,,,,,,,,,,,,,,,,,365,,,
Champion,Mighty Miner,13,Melee: Long,,0.4,2716,49,494,,,,,,,,,,,,,,,,,,,,,,,,401,,,
Champion,Mighty Miner,14,Melee: Long,,0.4,2979,54,542,,,,,,,,,,,,,,,,,,,,,,,,440,,,
Champion,Mighty Miner,15,Melee: Long,,0.4,3269,59,595,,,,,,,,,,,,,,,,,,,,,,,,483,,,
Champion,Mighty Miner,16,Melee: Long,,0.4,3595,65,654,,,,,,,,,,,,,,,,,,,,,,,,531,,,
Champion,Mighty Miner,17,Melee: Long,,0.4,3955,72,720,,,,,,,,,,,,,,,,,,,,,,,,585,,,
Champion,Mighty Miner,18,Melee: Long,,0.4,4351,79,792,,,,,,,,,,,,,,,,,,,,,,,,643,,,
Champion,Archer Queen,1,5,,1.2,391,88,73,,,,,,,,,,,,,,,,,,,,,,,,,,,
Champion,Archer Queen,2,5,,1.2,430,96,80,,,,,,,,,,,,,,,,,,,,,,,,,,,
Champion,Archer Queen,3,5,,1.2,473,106,88,,,,,,,,,,,,,,,,,,,,,,,,,,,
Champion,Archer Queen,4,5,,1.2,520,117,97,,,,,,,,,,,,,,,,,,,,,,,,,,,
Champion,Archer Queen,5,5,,1.2,570,128,106,,,,,,,,,,,,,,,,,,,,,,,,,,,
Champion,Archer Queen,6,5,,1.2,625,140,116,,,,,,,,,,,,,,,,,,,,,,,,,,,
Champion,Archer Queen,7,5,,1.2,688,154,128,,,,,,,,,,,,,,,,,,,,,,,,,,,
Champion,Archer Queen,8,5,,1.2,754,169,140,,,,,,,,,,,,,,,,,,,,,,,,,,,
Champion,Archer Queen,9,5,,1.2,828,186,155,,,,,,,,,,,,,,,,,,,,,,,,,,,
Champion,Archer Queen,10,5,,1.2,911,205,170,,,,,,,,,,,,,,,,,,,,,,,,,,,
Champion,Archer Queen,11,5,,1.2,1000,225,187,,,,,,,,,,,,,,,,,,,,,,,,,,,
Champion,Archer Queen,12,5,,1.2,1098,247,205,,,,,,,,,,,,,,,,,,,,,,,,,,,
Champion,Archer Queen,13,5,,1.2,1208,271,225,,,,,,,,,,,,,,,,,,,,,,,,,,,
Champion,Archer Queen,14,5,,1.2,1325,298,248,,,,,,,,,,,,,,,,,,,,,,,,,,,
Champion,Archer Queen,15,5,,1.2,1454,327,272,,,,,,,,,,,,,,,,,,,,,,,,,,,
Champion,Archer Queen,16,5,,1.2,1599,359,299,,,,,,,,,,,,,,,,,,,,,,,,,,,
Champion,Archer Queen,17,5,,1.2,1759,396,330,,,,,,,,,,,,,,,,,,,,,,,,,,,
Champion,Archer Queen,18,5,,1.2,1935,435,362,,,,,,,,,,,,,,,,,,,,,,,,,,,
Champion,Boss Bandit,1,Melee: Short,,1.1,1025,96,87,,,,,,,,,,,,,,,,192,,,,,,,,,,,
Champion,Boss Bandit,2,Melee: Short,,1.1,1127,105,95,,,,,,,,,,,,,,,,211,,,,,,,,,,,
Champion,Boss Bandit,3,Melee: Short,,1.1,1240,116,105,,,,,,,,,,,,,,,,232,,,,,,,,,,,
Champion,Boss Bandit,4,Melee: Short,,1.1,1363,127,115,,,,,,,,,,,,,,,,255,,,,,,,,,,,
Champion,Boss Bandit,5,Melee: Short,,1.1,1496,140,127,,,,,,,,,,,,,,,,280,,,,,,,,,,,
Champion,Boss Bandit,6,Melee: Short,,1.1,1640,153,139,,,,,,,,,,,,,,,,307,,,,,,,,,,,
Champion,Boss Bandit,7,Melee: Short,,1.1,1804,168,152,,,,,,,,,,,,,,,,337,,,,,,,,,,,
Champion,Boss Bandit,8,Melee: Short,,1.1,1978,185,168,,,,,,,,,,,,,,,,370,,,,,,,,,,,
Champion,Boss Bandit,9,Melee: Short,,1.1,2173,203,184,,,,,,,,,,,,,,,,407,,,,,,,,,,,
Champion,Boss Bandit,10,Melee: Short,,1.1,2388,223,202,,,,,,,,,,,,,,,,447,,,,,,,,,,,
Champion,Boss Bandit,11,Melee: Short,,1.1,2624,245,222,,,,,,,,,,,,,,,,491,,,,,,,,,,,
Champion,Boss Bandit,12,Melee: Short,,1.1,2880,269,244,,,,,,,,,,,,,,,,539,,,,,,,,,,,
Champion,Boss Bandit,13,Melee: Short,,1.1,3167,296,269,,,,,,,,,,,,,,,,593,,,,,,,,,,,
Champion,Boss Bandit,14,Melee: Short,,1.1,3474,325,295,,,,,,,,,,,,,,,,650,,,,,,,,,,,
Champion,Boss Bandit,15,Melee: Short,,1.1,3813,357,324,,,,,,,,,,,,,,,,714,,,,,,,,,,,
Champion,Boss Bandit,16,Melee: Short,,1.1,4192,392,356,,,,,,,,,,,,,,,,785,,,,,,,,,,,
Champion,Boss Bandit,17,Melee: Short,,1.1,4612,432,392,,,,,,,,,,,,,,,,864,,,,,,,,,,,
Champion,Boss Bandit,18,Melee: Short,,1.1,5073,475,431,,,,,,,,,,,,,,,,950,,,,,,,,,,,
Champion,Monk,1,Melee: Medium,,0.8,865,55,68,,,,,,,,,,,,,,,,,,,,,,,,,165,,
Champion,Monk,2,Melee: Medium,,0.8,951,60,75,,,,,,,,,,,,,,,,,,,,,,,,,181,,
Champion,Monk,3,Melee: Medium,,0.8,1046,66,82,,,,,,,,,,,,,,,,,,,,,,,,,199,,
Champion,Monk,4,Melee: Medium,,0.8,1150,73,91,,,,,,,,,,,,,,,,,,,,,,,,,219,,
Champion,Monk,5,Melee: Medium,,0.8,1262,80,100,,,,,,,,,,,,,,,,,,,,,,,,,240,,
Champion,Monk,6,Melee: Medium,,0.8,1384,88,110,,,,,,,,,,,,,,,,,,,,,,,,,264,,
Champion,Monk,7,Melee: Medium,,0.8,1522,96,120,,,,,,,,,,,,,,,,,,,,,,,,,290,,
Champion,Monk,8,Melee: Medium,,0.8,1669,106,132,,,,,,,,,,,,,,,,,,,,,,,,,318,,
Champion,Monk,9,Melee: Medium,,0.8,1833,116,145,,,,,,,,,,,,,,,,,,,,,,,,,349,,
Champion,Monk,10,Melee: Medium,,0.8,2015,128,160,,,,,,,,,,,,,,,,,,,,,,,,,384,,
Champion,Monk,11,Melee: Medium,,0.8,2214,140,175,,,,,,,,,,,,,,,,,,,,,,,,,422,,
Champion,Monk,12,Melee: Medium,,0.8,2430,154,192,,,,,,,,,,,,,,,,,,,,,,,,,463,,
Champion,Monk,13,Melee: Medium,,0.8,2672,169,211,,,,,,,,,,,,,,,,,,,,,,,,,509,,
Champion,Monk,14,Melee: Medium,,0.8,2932,186,232,,,,,,,,,,,,,,,,,,,,,,,,,559,,
Champion,Monk,15,Melee: Medium,,0.8,3217,204,255,,,,,,,,,,,,,,,,,,,,,,,,,613,,
Champion,Monk,16,Melee: Medium,,0.8,3537,224,280,,,,,,,,,,,,,,,,,,,,,,,,,674,,
Champion,Monk,17,Melee: Medium,,0.8,3892,247,308,,,,,,,,,,,,,,,,,,,,,,,,,742,,
Champion,Monk,18,Melee: Medium,,0.8,4281,272,340,,,,,,,,,,,,,,,,,,,,,,,,,816,,
Champion,Little Prince,1,5.5,,1.2,273,41,34,,,,,,,,,,,,,,,,,,,,,,,,,,,
Champion,Little Prince,2,5.5,,1.2,300,45,37,,,,,,,,,,,,,,,,,,,,,,,,,,,
Champion,Little Prince,3,5.5,,1.2,330,49,40,,,,,,,,,,,,,,,,,,,,,,,,,,,
Champion,Little Prince,4,5.5,,1.2,363,54,45,,,,,,,,,,,,,,,,,,,,,,,,,,,
Champion,Little Prince,5,5.5,,1.2,398,59,49,,,,,,,,,,,,,,,,,,,,,,,,,,,
Champion,Little Prince,6,5.5,,1.2,436,65,54,,,,,,,,,,,,,,,,,,,,,,,,,,,
Champion,Little Prince,7,5.5,,1.2,480,72,60,,,,,,,,,,,,,,,,,,,,,,,,,,,
Champion,Little Prince,8,5.5,,1.2,526,79,65,,,,,,,,,,,,,,,,,,,,,,,,,,,
Champion,Little Prince,9,5.5,,1.2,578,86,71,,,,,,,,,,,,,,,,,,,,,,,,,,,
Champion,Little Prince,10,5.5,,1.2,636,95,79,,,,,,,,,,,,,,,,,,,,,,,,,,,
Champion,Little Prince,11,5.5,,1.2,698,104,86,,,,,,,,,,,,,,,,,,,,,,,,,,,
Champion,Little Prince,12,5.5,,1.2,767,115,95,,,,,,,,,,,,,,,,,,,,,,,,,,,
Champion,Little Prince,13,5.5,,1.2,843,126,105,,,,,,,,,,,,,,,,,,,,,,,,,,,
Champion,Little Prince,14,5.5,,1.2,925,138,115,,,,,,,,,,,,,,,,,,,,,,,,,,,
Champion,Little Prince,15,5.5,,1.2,1015,152,126,,,,,,,,,,,,,,,,,,,,,,,,,,,
Champion,Little Prince,16,5.5,,1.2,1116,167,139,,,,,,,,,,,,,,,,,,,,,,,,,,,
Champion,Little Prince,17,5.5,,1.2,1228,184,153,,,,,,,,,,,,,,,,,,,,,,,,,,,
Champion,Little Prince,18,5.5,,1.2,1351,202,168,,,,,,,,,,,,,,,,,,,,,,,,,,,
Troop,Guardian (Little Prince),1,Melee: Medium,,1.2,625,85,70,,100,,,,,,,,,,,,,,,,,,,,,,,,,
Troop,Guardian (Little Prince),2,Melee: Medium,,1.2,687,93,77,,110,,,,,,,,,,,,,,,,,,,,,,,,,
Troop,Guardian (Little Prince),3,Melee: Medium,,1.2,756,102,85,,121,,,,,,,,,,,,,,,,,,,,,,,,,
Troop,Guardian (Little Prince),4,Melee: Medium,,1.2,831,113,94,,133,,,,,,,,,,,,,,,,,,,,,,,,,
Troop,Guardian (Little Prince),5,Melee: Medium,,1.2,912,124,103,,146,,,,,,,,,,,,,,,,,,,,,,,,,
Troop,Guardian (Little Prince),6,Melee: Medium,,1.2,1000,136,113,,160,,,,,,,,,,,,,,,,,,,,,,,,,
Troop,Guardian (Little Prince),7,Melee: Medium,,1.2,1100,149,124,,176,,,,,,,,,,,,,,,,,,,,,,,,,
Troop,Guardian (Little Prince),8,Melee: Medium,,1.2,1206,164,136,,193,,,,,,,,,,,,,,,,,,,,,,,,,
Troop,Guardian (Little Prince),9,Melee: Medium,,1.2,1325,180,150,,212,,,,,,,,,,,,,,,,,,,,,,,,,
Troop,Guardian (Little Prince),10,Melee: Medium,,1.2,1456,198,165,,233,,,,,,,,,,,,,,,,,,,,,,,,,
Troop,Guardian (Little Prince),11,Melee: Medium,,1.2,1600,217,180,,256,,,,,,,,,,,,,,,,,,,,,,,,,
Troop,Guardian (Little Prince),12,Melee: Medium,,1.2,1756,238,198,,281,,,,,,,,,,,,,,,,,,,,,,,,,
Troop,Guardian (Little Prince),13,Melee: Medium,,1.2,1931,262,218,,309,,,,,,,,,,,,,,,,,,,,,,,,,
Troop,Guardian (Little Prince),14,Melee: Medium,,1.2,2118,288,240,,339,,,,,,,,,,,,,,,,,,,,,,,,,
Troop,Guardian (Little Prince),15,Melee: Medium,,1.2,2325,316,263,,372,,,,,,,,,,,,,,,,,,,,,,,,,
Troop,Guardian (Little Prince),16,Melee: Medium,,1.2,2556,347,289,,409,,,,,,,,,,,,,,,,,,,,,,,,,
Troop,Guardian (Little Prince),17,Melee: Medium,,1.2,2812,382,318,,450,,,,,,,,,,,,,,,,,,,,,,,,,
Troop,Guardian (Little Prince),18,Melee: Medium,,1.2,3093,420,350,,495,,,,,,,,,,,,,,,,,,,,,,,,,
Troop,Monster (Goblinstein),1,Melee: Medium,,1.5,932,50,33,,,,,,,,,,,,,,,,,,,,,,,,,,,
Troop,Monster (Goblinstein),2,Melee: Medium,,1.5,1025,55,36,,,,,,,,,,,,,,,,,,,,,,,,,,,
Troop,Monster (Goblinstein),3,Melee: Medium,,1.5,1127,60,40,,,,,,,,,,,,,,,,,,,,,,,,,,,
Troop,Monster (Goblinstein),4,Melee: Medium,,1.5,1239,66,44,,,,,,,,,,,,,,,,,,,,,,,,,,,
Troop,Monster (Goblinstein),5,Melee: Medium,,1.5,1360,73,48,,,,,,,,,,,,,,,,,,,,,,,,,,,
Troop,Monster (Goblinstein),6,Melee: Medium,,1.5,1491,80,53,,,,,,,,,,,,,,,,,,,,,,,,,,,
Troop,Monster (Goblinstein),7,Melee: Medium,,1.5,1640,88,58,,,,,,,,,,,,,,,,,,,,,,,,,,,
Troop,Monster (Goblinstein),8,Melee: Medium,,1.5,1798,96,64,,,,,,,,,,,,,,,,,,,,,,,,,,,
Troop,Monster (Goblinstein),9,Melee: Medium,,1.5,1975,106,70,,,,,,,,,,,,,,,,,,,,,,,,,,,
Troop,Monster (Goblinstein),10,Melee: Medium,,1.5,2171,116,77,,,,,,,,,,,,,,,,,,,,,,,,,,,
Troop,Monster (Goblinstein),11,Melee: Medium,,1.5,2385,128,85,,,,,,,,,,,,,,,,,,,,,,,,,,,
Troop,Monster (Goblinstein),12,Melee: Medium,,1.5,2618,140,93,,,,,,,,,,,,,,,,,,,,,,,,,,,
Troop,Monster (Goblinstein),13,Melee: Medium,,1.5,2879,154,102,,,,,,,,,,,,,,,,,,,,,,,,,,,
Troop,Monster (Goblinstein),14,Melee: Medium,,1.5,3159,169,112,,,,,,,,,,,,,,,,,,,,,,,,,,,
Troop,Monster (Goblinstein),15,Melee: Medium,,1.5,3467,186,124,,,,,,,,,,,,,,,,,,,,,,,,,,,
Troop,Monster (Goblinstein),16,Melee: Medium,,1.5,3811,204,136,,,,,,,,,,,,,,,,,,,,,,,,,,,
Troop,Monster (Goblinstein),17,Melee: Medium,,1.5,4194,225,150,,,,,,,,,,,,,,,,,,,,,,,,,,,
Troop,Monster (Goblinstein),18,Melee: Medium,,1.5,4613,247,164,,,,,,,,,,,,,,,,,,,,,,,,,,,
Champion,Goblinstein,1,5.5,,1.8,282,36,20,,,,,,,,,,,,,,,,,,,,,,,,,,,
Champion,Goblinstein,2,5.5,,1.8,310,39,21,,,,,,,,,,,,,,,,,,,,,,,,,,,
Champion,Goblinstein,3,5.5,,1.8,341,43,23,,,,,,,,,,,,,,,,,,,,,,,,,,,
Champion,Goblinstein,4,5.5,,1.8,375,47,26,,,,,,,,,,,,,,,,,,,,,,,,,,,
Champion,Goblinstein,5,5.5,,1.8,411,52,28,,,,,,,,,,,,,,,,,,,,,,,,,,,
Champion,Goblinstein,6,5.5,,1.8,451,57,31,,,,,,,,,,,,,,,,,,,,,,,,,,,
Champion,Goblinstein,7,5.5,,1.8,496,63,35,,,,,,,,,,,,,,,,,,,,,,,,,,,
Champion,Goblinstein,8,5.5,,1.8,544,69,38,,,,,,,,,,,,,,,,,,,,,,,,,,,
Champion,Goblinstein,9,5.5,,1.8,597,76,42,,,,,,,,,,,,,,,,,,,,,,,,,,,
Champion,Goblinstein,10,5.5,,1.8,657,83,46,,,,,,,,,,,,,,,,,,,,,,,,,,,
Champion,Goblinstein,11,5.5,,1.8,721,92,51,,,,,,,,,,,,,,,,,,,,,,,,,,,
Champion,Goblinstein,12,5.5,,1.8,792,101,56,,,,,,,,,,,,,,,,,,,,,,,,,,,
Champion,Goblinstein,13,5.5,,1.8,871,111,61,,,,,,,,,,,,,,,,,,,,,,,,,,,
Champion,Goblinstein,14,5.5,,1.8,955,122,67,,,,,,,,,,,,,,,,,,,,,,,,,,,
Champion,Goblinstein,15,5.5,,1.8,1049,133,73,,,,,,,,,,,,,,,,,,,,,,,,,,,
Champion,Goblinstein,16,5.5,,1.8,1153,147,81,,,,,,,,,,,,,,,,,,,,,,,,,,,
Champion,Goblinstein,17,5.5,,1.8,1269,162,90,,,,,,,,,,,,,,,,,,,,,,,,,,,
Champion,Goblinstein,18,5.5,,1.8,1395,178,98,,,,,,,,,,,,,,,,,,,,,,,,,,,
Troop,Witch,1,5.5,,1.1,328,53,48,,,,,,,,,,,,,,,,,,,,,,,,,,,
Troop,Witch,2,5.5,,1.1,360,58,52,,,,,,,,,,,,,,,,,,,,,,,,,,,
Troop,Witch,3,5.5,,1.1,396,64,58,,,,,,,,,,,,,,,,,,,,,,,,,,,
Troop,Witch,4,5.5,,1.1,436,70,63,,,,,,,,,,,,,,,,,,,,,,,,,,,
Troop,Witch,5,5.5,,1.1,478,77,70,,,,,,,,,,,,,,,,,,,,,,,,,,,
Troop,Witch,6,5.5,,1.1,524,84,76,,,,,,,,,,,,,,,,,,,,,,,,,,,
Troop,Witch,7,5.5,,1.1,577,93,84,,,,,,,,,,,,,,,,,,,,,,,,,,,
Troop,Witch,8,5.5,,1.1,633,102,92,,,,,,,,,,,,,,,,,,,,,,,,,,,
Troop,Witch,9,5.5,,1.1,695,112,101,,,,,,,,,,,,,,,,,,,,,,,,,,,
Troop,Witch,10,5.5,,1.1,764,123,111,,,,,,,,,,,,,,,,,,,,,,,,,,,
Troop,Witch,11,5.5,,1.1,839,135,122,,,,,,,,,,,,,,,,,,,,,,,,,,,
Troop,Witch,12,5.5,,1.1,921,148,134,,,,,,,,,,,,,,,,,,,,,,,,,,,
Troop,Witch,13,5.5,,1.1,1013,163,148,,,,,,,,,,,,,,,,,,,,,,,,,,,
Troop,Witch,14,5.5,,1.1,1111,179,162,,,,,,,,,,,,,,,,,,,,,,,,,,,
Troop,Witch,15,5.5,,1.1,1220,197,179,,,,,,,,,,,,,,,,,,,,,,,,,,,
Troop,Witch,16,5.5,,1.1,1341,216,196,,,,,,,,,,,,,,,,,,,,,,,,,,,
Troop,Witch,17,5.5,,1.1,1476,238,216,,,,,,,,,,,,,,,,,,,,,,,,,,,
Troop,Witch,18,5.5,,1.1,1623,262,238,,,,,,,,,,,,,,,,,,,,,,,,,,,
Troop,Royal Giant,1,5,,1.8,1236,120,66,,,,,,,,,,,,,,,,,,,,,,,,,,,
Troop,Royal Giant,2,5,,1.8,1359,132,73,,,,,,,,,,,,,,,,,,,,,,,,,,,
Troop,Royal Giant,3,5,,1.8,1495,145,80,,,,,,,,,,,,,,,,,,,,,,,,,,,
Troop,Royal Giant,4,5,,1.8,1643,159,88,,,,,,,,,,,,,,,,,,,,,,,,,,,
Troop,Royal Giant,5,5,,1.8,1804,175,97,,,,,,,,,,,,,,,,,,,,,,,,,,,
Troop,Royal Giant,6,5,,1.8,1977,192,106,,,,,,,,,,,,,,,,,,,,,,,,,,,
Troop,Royal Giant,7,5,,1.8,2175,211,117,,,,,,,,,,,,,,,,,,,,,,,,,,,
Troop,Royal Giant,8,5,,1.8,2385,231,128,,,,,,,,,,,,,,,,,,,,,,,,,,,
Troop,Royal Giant,9,5,,1.8,2620,254,141,,,,,,,,,,,,,,,,,,,,,,,,,,,
Troop,Royal Giant,10,5,,1.8,2879,279,155,,,,,,,,,,,,,,,,,,,,,,,,,,,
Troop,Royal Giant,11,5,,1.8,3164,307,170,,,,,,,,,,,,,,,,,,,,,,,,,,,
Troop,Royal Giant,12,5,,1.8,3473,337,187,,,,,,,,,,,,,,,,,,,,,,,,,,,
Troop,Royal Giant,13,5,,1.8,3819,370,205,,,,,,,,,,,,,,,,,,,,,,,,,,,
Troop,Royal Giant,14,5,,1.8,4190,406,225,,,,,,,,,,,,,,,,,,,,,,,,,,,
Troop,Royal Giant,15,5,,1.8,4597,446,247,,,,,,,,,,,,,,,,,,,,,,,,,,,
Troop,Royal Giant,16,5,,1.8,5055,490,272,,,,,,,,,,,,,,,,,,,,,,,,,,,
Troop,Royal Giant,17,5,,1.8,5562,540,300,,,,,,,,,,,,,,,,,,,,,,,,,,,
Troop,Royal Giant,18,5,,1.8,6118,594,330,,,,,,,,,,,,,,,,,,,,,,,,,,,
Troop,Dark Prince,1,Melee: Medium,,1.4,469,104,74,,208,,,,94,,,,,,,,,,,,,,,,,,,,,
Troop,Dark Prince,2,Melee: Medium,,1.4,515,114,81,,228,,,,103,,,,,,,,,,,,,,,,,,,,,
Troop,Dark Prince,3,Melee: Medium,,1.4,567,125,89,,251,,,,113,,,,,,,,,,,,,,,,,,,,,
Troop,Dark Prince,4,Melee: Medium,,1.4,623,138,98,,276,,,,125,,,,,,,,,,,,,,,,,,,,,
Troop,Dark Prince,5,Melee: Medium,,1.4,684,151,107,,303,,,,137,,,,,,,,,,,,,,,,,,,,,
Troop,Dark Prince,6,Melee: Medium,,1.4,750,166,118,,332,,,,150,,,,,,,,,,,,,,,,,,,,,
Troop,Dark Prince,7,Melee: Medium,,1.4,825,183,130,,366,,,,165,,,,,,,,,,,,,,,,,,,,,
Troop,Dark Prince,8,Melee: Medium,,1.4,905,200,142,,401,,,,181,,,,,,,,,,,,,,,,,,,,,
Troop,Dark Prince,9,Melee: Medium,,1.4,994,220,157,,440,,,,199,,,,,,,,,,,,,,,,,,,,,
Troop,Dark Prince,10,Melee: Medium,,1.4,1092,242,172,,484,,,,219,,,,,,,,,,,,,,,,,,,,,
Troop,Dark Prince,11,Melee: Medium,,1.4,1200,266,190,,532,,,,240,,,,,,,,,,,,,,,,,,,,,
Troop,Dark Prince,12,Melee: Medium,,1.4,1317,292,208,,584,,,,264,,,,,,,,,,,,,,,,,,,,,
Troop,Dark Prince,13,Melee: Medium,,1.4,1449,321,229,,642,,,,290,,,,,,,,,,,,,,,,,,,,,
Troop,Dark Prince,14,Melee: Medium,,1.4,1589,352,251,,705,,,,318,,,,,,,,,,,,,,,,,,,,,
Troop,Dark Prince,15,Melee: Medium,,1.4,1744,386,275,,773,,,,349,,,,,,,,,,,,,,,,,,,,,
Troop,Dark Prince,16,Melee: Medium,,1.4,1918,425,303,,850,,,,384,,,,,,,,,,,,,,,,,,,,,
Troop,Dark Prince,17,Melee: Medium,,1.4,2110,468,334,,936,,,,423,,,,,,,,,,,,,,,,,,,,,
Troop,Dark Prince,18,Melee: Medium,,1.4,2321,514,367,,1029,,,,465,,,,,,,,,,,,,,,,,,,,,
Troop,Three Musketeers,1,6,,1,NaN,NaN,NaN,,,,,,,,,,,,,,,,,,,,,,,,,,,
Troop,Three Musketeers,2,6,,1,NaN,NaN,NaN,,,,,,,,,,,,,,,,,,,,,,,,,,,
Troop,Three Musketeers,3,6,,1,341,102,102,,,,,,,,,,,,,,,,,,,,,,,,,,,
Troop,Three Musketeers,4,6,,1,375,113,113,,,,,,,,,,,,,,,,,,,,,,,,,,,
Troop,Three Musketeers,5,6,,1,411,124,124,,,,,,,,,,,,,,,,,,,,,,,,,,,
Troop,Three Musketeers,6,6,,1,451,136,136,,,,,,,,,,,,,,,,,,,,,,,,,,,
Troop,Three Musketeers,7,6,,1,496,149,149,,,,,,,,,,,,,,,,,,,,,,,,,,,
Troop,Three Musketeers,8,6,,1,544,164,164,,,,,,,,,,,,,,,,,,,,,,,,,,,
Troop,Three Musketeers,9,6,,1,597,180,180,,,,,,,,,,,,,,,,,,,,,,,,,,,
Troop,Three Musketeers,10,6,,1,657,198,198,,,,,,,,,,,,,,,,,,,,,,,,,,,
Troop,Three Musketeers,11,6,,1,721,217,217,,,,,,,,,,,,,,,,,,,,,,,,,,,
Troop,Three Musketeers,12,6,,1,792,238,238,,,,,,,,,,,,,,,,,,,,,,,,,,,
Troop,Three Musketeers,13,6,,1,871,262,262,,,,,,,,,,,,,,,,,,,,,,,,,,,
Troop,Three Musketeers,14,6,,1,955,288,288,,,,,,,,,,,,,,,,,,,,,,,,,,,
Troop,Three Musketeers,15,6,,1,1049,316,316,,,,,,,,,,,,,,,,,,,,,,,,,,,
Troop,Three Musketeers,16,6,,1,NaN,NaN,NaN,,,,,,,,,,,,,,,,,,,,,,,,,,,
Troop,Three Musketeers,17,6,,1,NaN,NaN,NaN,,,,,,,,,,,,,,,,,,,,,,,,,,,
Troop,Three Musketeers,18,6,,1,NaN,NaN,NaN,,,,,,,,,,,,,,,,,,,,,,,,,,,
Spell,Graveyard,1,,,,,,,,,,,,,,,,,,,,,,,,,,,,,,,,,
Spell,Graveyard,2,,,,,,,,,,,,,,,,,,,,,,,,,,,,,,,,,
Spell,Graveyard,3,,,,,,,,,,,,,,,,,,,,,,,,,,,,,,,,,
Spell,Graveyard,4,,,,,,,,,,,,,,,,,,,,,,,,,,,,,,,,,
Spell,Graveyard,5,,,,,,,,,,,,,,,,,,,,,,,,,,,,,,,,,
Spell,Graveyard,6,,,,,,,,,,,,,,,,,,,,,,,,,,,,,,,,,
Spell,Graveyard,7,,,,,,,,,,,,,,,,,,,,,,,,,,,,,,,,,
Spell,Graveyard,8,,,,,,,,,,,,,,,,,,,,,,,,,,,,,,,,,
Spell,Graveyard,9,,,,,,,,,,,,,,,,,,,,,,,,,,,,,,,,,
Spell,Graveyard,10,,,,,,,,,,,,,,,,,,,,,,,,,,,,,,,,,
Spell,Graveyard,11,,,,,,,,,,,,,,,,,,,,,,,,,,,,,,,,,
Spell,Graveyard,12,,,,,,,,,,,,,,,,,,,,,,,,,,,,,,,,,
Spell,Graveyard,13,,,,,,,,,,,,,,,,,,,,,,,,,,,,,,,,,
Spell,Graveyard,14,,,,,,,,,,,,,,,,,,,,,,,,,,,,,,,,,
Spell,Graveyard,15,,,,,,,,,,,,,,,,,,,,,,,,,,,,,,,,,
Spell,Graveyard,16,,,,,,,,,,,,,,,,,,,,,,,,,,,,,,,,,
Spell,Graveyard,17,,,,,,,,,,,,,,,,,,,,,,,,,,,,,,,,,
Spell,Graveyard,18,,,,,,,,,,,,,,,,,,,,,,,,,,,,,,,,,
Spell,Spirit Empress,1,5,,1.4,NaN,NaN,,,,,,,,,,,,,,,,,,,,,,,,,,,NaN,NaN
Spell,Spirit Empress,2,5,,1.4,NaN,NaN,,,,,,,,,,,,,,,,,,,,,,,,,,,NaN,NaN
Spell,Spirit Empress,3,5,,1.4,NaN,NaN,,,,,,,,,,,,,,,,,,,,,,,,,,,NaN,NaN
Spell,Spirit Empress,4,5,,1.4,NaN,NaN,,,,,,,,,,,,,,,,,,,,,,,,,,,NaN,NaN
Spell,Spirit Empress,5,5,,1.4,NaN,NaN,,,,,,,,,,,,,,,,,,,,,,,,,,,NaN,NaN
Spell,Spirit Empress,6,5,,1.4,NaN,NaN,,,,,,,,,,,,,,,,,,,,,,,,,,,NaN,NaN
Spell,Spirit Empress,7,5,,1.4,NaN,NaN,,,,,,,,,,,,,,,,,,,,,,,,,,,NaN,NaN
Spell,Spirit Empress,8,5,,1.4,NaN,NaN,,,,,,,,,,,,,,,,,,,,,,,,,,,NaN,NaN
Spell,Spirit Empress,9,5,,1.4,NaN,249,,,,,,,,,,,,,,,,,,,,,,,,,,,177,207
Spell,Spirit Empress,10,5,,1.4,NaN,276,,,,,,,,,,,,,,,,,,,,,,,,,,,197,230
Spell,Spirit Empress,11,5,,1.4,1121,309,,,,,,,,,,,,,,,,,,,,,,,,,,,219,257
Spell,Spirit Empress,12,5,,1.4,NaN,337,,,,,,,,,,,,,,,,,,,,,,,,,,,240,280
Spell,Spirit Empress,13,5,,1.4,NaN,371,,,,,,,,,,,,,,,,,,,,,,,,,,,265,309
Spell,Spirit Empress,14,5,,1.4,NaN,408,,,,,,,,,,,,,,,,,,,,,,,,,,,291,340
Spell,Spirit Empress,15,5,,1.4,NaN,449,,,,,,,,,,,,,,,,,,,,,,,,,,,320,374
Spell,Spirit Empress,16,5,,1.4,1791,494,,,,,,,,,,,,,,,,,,,,,,,,,,,352,411
Spell,Spirit Empress,17,5,,1.4,NaN,NaN,,,,,,,,,,,,,,,,,,,,,,,,,,,NaN,NaN
Spell,Spirit Empress,18,5,,1.4,NaN,NaN,,,,,,,,,,,,,,,,,,,,,,,,,,,NaN,NaN
